repeat_ID	Genotype	sex	Treatment	Visit	type	beta
0.8053022627490714	0.5	0.6414835164835164	0.6143057503506312	0.37087912087912084	0.7407407407407407	unweighted_unifrac
0.7869438112124282	0.5	0.7348901098901098	0.517531556802244	0.4093406593406594	0.7407407407407407	unweighted_unifrac
0.8352963525835866	0.5	0.6085164835164836	0.6093969144460029	0.4203296703296703	0.7962962962962964	unweighted_unifrac
0.8174339327929753	0.5	0.6813186813186812	0.5385694249649369	0.32692307692307687	0.9074074074074074	unweighted_unifrac
0.7871865501519757	0.5	0.5892857142857143	0.5764375876577841	0.478021978021978	0.8518518518518519	unweighted_unifrac
0.7990965889902059	0.5	0.6291208791208791	0.5820476858345022	0.37087912087912084	0.8518518518518519	unweighted_unifrac
0.8598499240121581	0.48717948717948717	0.6978021978021978	0.5764375876577841	0.5137362637362637	0.7777777777777778	unweighted_unifrac
0.8601032168186422	0.5	0.5151098901098902	0.5603085553997195	0.3846153846153846	0.7592592592592593	unweighted_unifrac
0.7626277017899358	0.5	0.646978021978022	0.6367461430575035	0.43543956043956045	0.7777777777777778	unweighted_unifrac
0.8355443684566024	0.5	0.7197802197802197	0.5652173913043478	0.46016483516483514	0.8333333333333333	unweighted_unifrac
0.7993446048632219	0.5	0.5934065934065934	0.517531556802244	0.3846153846153846	0.8333333333333333	unweighted_unifrac
0.7566594900371497	0.5	0.6813186813186812	0.5932678821879384	0.5164835164835165	0.8703703703703702	unweighted_unifrac
0.8477024231678486	0.5	0.5673076923076923	0.5441795231416551	0.3887362637362638	0.962962962962963	unweighted_unifrac
0.8357923843296184	0.5	0.7197802197802197	0.5876577840112203	0.4587912087912088	0.7962962962962963	unweighted_unifrac
0.8171964707868963	0.5	0.5865384615384616	0.5385694249649369	0.3942307692307692	0.7962962962962963	unweighted_unifrac
0.7931283772374199	0.5	0.7362637362637363	0.5981767180925668	0.353021978021978	0.7962962962962963	unweighted_unifrac
0.8233968676122932	0.5	0.6620879120879121	0.5168302945301543	0.532967032967033	0.7407407407407408	unweighted_unifrac
0.8050384160756501	0.5	0.7197802197802197	0.64726507713885	0.5164835164835165	0.8148148148148148	unweighted_unifrac
0.8174497635933806	0.5	0.5728021978021978	0.5715287517531558	0.47939560439560436	0.8148148148148148	unweighted_unifrac
0.8231594056062141	0.5	0.5728021978021978	0.5876577840112203	0.4052197802197803	0.7037037037037038	unweighted_unifrac
0.8112440898345153	0.5	0.8118131868131869	0.5715287517531558	0.4478021978021977	0.7962962962962963	unweighted_unifrac
0.8355549223235395	0.5	0.6826923076923078	0.6521739130434783	0.39835164835164827	0.8703703703703702	unweighted_unifrac
0.8414967494089834	0.5333333333333333	0.7184065934065934	0.6143057503506312	0.4945054945054945	0.7777777777777778	unweighted_unifrac
0.8231435748058089	0.5	0.625	0.5981767180925668	0.45741758241758246	0.7962962962962962	unweighted_unifrac
0.7990913120567376	0.5333333333333333	0.7417582417582418	0.5869565217391304	0.5206043956043955	0.7407407407407408	unweighted_unifrac
0.744258696386356	0.5	0.6813186813186812	0.6521739130434783	0.46016483516483514	0.7962962962962963	unweighted_unifrac
0.799334050996285	0.5666666666666667	0.6703296703296703	0.5981767180925668	0.4381868131868132	0.7407407407407408	unweighted_unifrac
0.8660661516379603	0.5	0.7239010989010989	0.6360448807854138	0.456043956043956	0.7777777777777779	unweighted_unifrac
0.8112282590341101	0.5333333333333333	0.6098901098901098	0.679523141654979	0.46016483516483514	0.7592592592592592	unweighted_unifrac
0.8233863137453564	0.5	0.6126373626373626	0.6963534361851332	0.32967032967032966	0.8333333333333333	unweighted_unifrac
0.8293439716312055	0.5666666666666667	0.5851648351648351	0.5112201963534362	0.46291208791208793	0.7962962962962963	unweighted_unifrac
0.8295919875042215	0.5	0.6291208791208791	0.6739130434782609	0.418956043956044	0.7962962962962963	unweighted_unifrac
0.8050436930091186	0.5333333333333333	0.5892857142857143	0.5603085553997195	0.4436813186813187	0.8333333333333334	unweighted_unifrac
0.7504643701452212	0.5333333333333333	0.6826923076923078	0.6199158485273493	0.48076923076923084	0.8333333333333334	unweighted_unifrac
0.7990913120567376	0.5	0.6813186813186812	0.64726507713885	0.40384615384615385	0.7962962962962963	unweighted_unifrac
0.8171806399864908	0.5	0.6497252747252747	0.5932678821879384	0.42582417582417587	0.6481481481481481	unweighted_unifrac
0.8293492485646742	0.5333333333333333	0.6868131868131869	0.5876577840112203	0.46291208791208793	0.8518518518518519	unweighted_unifrac
0.8112546437014523	0.5	0.646978021978022	0.679523141654979	0.48351648351648346	0.7962962962962963	unweighted_unifrac
0.7685906366092535	0.5	0.6881868131868132	0.5497896213183731	0.5892857142857143	0.7407407407407409	unweighted_unifrac
0.8417447652819994	0.5	0.6456043956043956	0.5876577840112203	0.353021978021978	0.9074074074074074	unweighted_unifrac
0.7747804795677137	0.5	0.7596153846153846	0.49018232819074326	0.43956043956043955	0.8518518518518517	unweighted_unifrac
0.8174497635933806	0.5	0.6703296703296703	0.6255259467040672	0.4409340659340659	0.8333333333333334	unweighted_unifrac
0.8474649611617696	0.5	0.5947802197802198	0.6086956521739131	0.34752747252747257	0.7777777777777778	unweighted_unifrac
0.7928645305639986	0.5333333333333333	0.6085164835164836	0.6199158485273493	0.407967032967033	0.8703703703703705	unweighted_unifrac
0.823396867612293	0.5	0.7376373626373627	0.6150070126227208	0.5137362637362637	0.7777777777777778	unweighted_unifrac
0.7866746876055386	0.5	0.7046703296703297	0.5329593267882188	0.456043956043956	0.7407407407407408	unweighted_unifrac
0.8112388129010468	0.5	0.6826923076923078	0.5708274894810659	0.5879120879120879	0.7962962962962963	unweighted_unifrac
0.8417553191489362	0.48717948717948717	0.570054945054945	0.6037868162692847	0.46016483516483514	0.7407407407407407	unweighted_unifrac
0.7869438112124282	0.5	0.6277472527472527	0.6143057503506312	0.27747252747252743	0.8148148148148148	unweighted_unifrac
0.8479451621073961	0.5	0.5563186813186812	0.6143057503506312	0.3832417582417582	0.8518518518518519	unweighted_unifrac
0.8417447652819993	0.5538461538461539	0.7390109890109889	0.5652173913043478	0.46565934065934067	0.8148148148148148	unweighted_unifrac
0.7990965889902061	0.5	0.6263736263736264	0.6360448807854138	0.4203296703296703	0.8333333333333334	unweighted_unifrac
0.8233863137453563	0.5	0.6126373626373626	0.5925666199158486	0.4587912087912088	0.8333333333333333	unweighted_unifrac
0.8050384160756501	0.5	0.7568681318681318	0.6199158485273493	0.49175824175824173	0.8703703703703703	unweighted_unifrac
0.8169484549138805	0.5333333333333333	0.6648351648351649	0.5280504908835906	0.4423076923076923	0.8518518518518519	unweighted_unifrac
0.8234126984126983	0.5	0.7967032967032968	0.5441795231416551	0.42719780219780223	0.7962962962962963	unweighted_unifrac
0.8415020263424517	0.5	0.679945054945055	0.679523141654979	0.44505494505494514	0.7962962962962963	unweighted_unifrac
0.7928909152313407	0.5	0.5412087912087912	0.5168302945301543	0.5192307692307692	0.7962962962962963	unweighted_unifrac
0.7990965889902061	0.5333333333333333	0.6703296703296703	0.5659186535764376	0.46153846153846156	0.7777777777777779	unweighted_unifrac
0.8415073032759204	0.5205128205128204	0.6456043956043956	0.5764375876577841	0.38186813186813184	0.7222222222222222	unweighted_unifrac
0.7502110773387369	0.5	0.625	0.5932678821879384	0.49725274725274726	0.8518518518518519	unweighted_unifrac
0.8296078183046266	0.5	0.6057692307692308	0.6037868162692847	0.45741758241758246	0.7222222222222222	unweighted_unifrac
0.7380794072948328	0.5	0.6098901098901098	0.7068723702664796	0.47939560439560436	0.8333333333333334	unweighted_unifrac
0.8598657548125631	0.5	0.679945054945055	0.5764375876577841	0.47939560439560436	0.8518518518518519	unweighted_unifrac
0.775033772374198	0.5	0.5521978021978022	0.6199158485273493	0.42582417582417587	0.7777777777777779	unweighted_unifrac
0.7991018659236746	0.5333333333333333	0.635989010989011	0.5764375876577841	0.40247252747252743	0.8518518518518519	unweighted_unifrac
0.8355549223235392	0.5	0.554945054945055	0.6199158485273493	0.4244505494505495	0.7962962962962963	unweighted_unifrac
0.8658181357649442	0.5	0.6112637362637363	0.6633941093969145	0.4052197802197803	0.8518518518518517	unweighted_unifrac
0.8052969858156028	0.5	0.6483516483516484	0.5063113604488079	0.532967032967033	0.7592592592592592	unweighted_unifrac
0.872018532590341	0.5	0.6826923076923078	0.5497896213183731	0.46016483516483514	0.8333333333333334	unweighted_unifrac
0.8415125802093888	0.5	0.6662087912087913	0.5988779803646563	0.4436813186813187	0.7222222222222223	unweighted_unifrac
0.8234021445457617	0.5333333333333333	0.570054945054945	0.49579242636746146	0.42719780219780223	0.8518518518518517	unweighted_unifrac
0.854145558932793	0.5	0.6071428571428572	0.5224403927068724	0.5384615384615384	0.7962962962962964	unweighted_unifrac
0.82340742147923	0.5	0.5714285714285714	0.5771388499298737	0.4436813186813187	0.7962962962962963	unweighted_unifrac
0.7990807581898008	0.5	0.7005494505494506	0.4950911640953717	0.4217032967032967	0.8148148148148149	unweighted_unifrac
0.7442745271867612	0.5	0.646978021978022	0.6907433380084151	0.34890109890109894	0.8333333333333334	unweighted_unifrac
0.8477129770347857	0.5	0.6057692307692308	0.5981767180925668	0.4285714285714285	0.7777777777777778	unweighted_unifrac
0.756179289091523	0.5333333333333333	0.5508241758241759	0.6037868162692847	0.40384615384615385	0.8518518518518519	unweighted_unifrac
0.7869332573454914	0.5	0.7197802197802197	0.5659186535764376	0.4986263736263737	0.8703703703703702	unweighted_unifrac
0.7626171479229991	0.5	0.6140109890109889	0.517531556802244	0.3502747252747253	0.7407407407407407	unweighted_unifrac
0.7988327423167847	0.5538461538461539	0.6785714285714286	0.6360448807854138	0.38049450549450553	0.8518518518518519	unweighted_unifrac
0.7988432961837216	0.5	0.6456043956043956	0.5168302945301543	0.4464285714285715	0.7777777777777778	unweighted_unifrac
0.8476971462343802	0.5666666666666667	0.646978021978022	0.6037868162692847	0.4010989010989011	0.888888888888889	unweighted_unifrac
0.7931283772374199	0.5	0.510989010989011	0.6521739130434783	0.4766483516483517	0.8703703703703702	unweighted_unifrac
0.8112335359675785	0.5205128205128204	0.7403846153846154	0.45161290322580644	0.4065934065934066	0.8148148148148148	unweighted_unifrac
0.7928909152313408	0.5333333333333333	0.5013736263736264	0.5652173913043478	0.5741758241758241	0.8703703703703705	unweighted_unifrac
0.8420086119554203	0.5333333333333333	0.6456043956043956	0.5490883590462833	0.42719780219780223	0.8888888888888888	unweighted_unifrac
0.7626382556568726	0.5	0.7211538461538461	0.5659186535764376	0.40247252747252743	0.7962962962962963	unweighted_unifrac
0.8417553191489362	0.5	0.570054945054945	0.64726507713885	0.47939560439560436	0.7592592592592592	unweighted_unifrac
0.8477024231678486	0.5	0.6112637362637363	0.64726507713885	0.46016483516483514	0.8518518518518519	unweighted_unifrac
0.8109960739614993	0.5	0.625	0.5764375876577841	0.3901098901098901	0.8148148148148149	unweighted_unifrac
0.8293545254981425	0.5	0.6826923076923078	0.6037868162692847	0.3832417582417582	0.8518518518518517	unweighted_unifrac
0.823396867612293	0.5	0.6057692307692308	0.5876577840112203	0.47390109890109894	0.8518518518518519	unweighted_unifrac
0.8052917088821344	0.5	0.45467032967032966	0.5217391304347826	0.31318681318681313	0.7777777777777777	unweighted_unifrac
0.7747963103681189	0.5333333333333333	0.7184065934065934	0.6416549789621319	0.364010989010989	0.7592592592592592	unweighted_unifrac
0.7807381374535629	0.5333333333333333	0.6881868131868132	0.7124824684431978	0.41758241758241754	0.7777777777777778	unweighted_unifrac
0.8417553191489362	0.5	0.6483516483516484	0.5764375876577841	0.4532967032967033	0.8148148148148148	unweighted_unifrac
0.7990965889902061	0.5333333333333333	0.7321428571428572	0.6037868162692847	0.532967032967033	0.8333333333333334	unweighted_unifrac
0.8174339327929753	0.5	0.7101648351648351	0.6255259467040672	0.37225274725274726	0.7407407407407408	unweighted_unifrac
0.8598499240121581	0.5	0.6620879120879121	0.5981767180925668	0.4587912087912088	0.7037037037037037	unweighted_unifrac
0.6346356805133401	0.5333333333333333	0.6648351648351649	0.5441795231416551	0.49587912087912095	0.6666666666666666	weighted_unifrac
0.621981594056062	0.5	0.6085164835164836	0.6086956521739131	0.385989010989011	0.6666666666666666	weighted_unifrac
0.640588061465721	0.5	0.7527472527472526	0.5925666199158486	0.46016483516483514	0.6851851851851852	weighted_unifrac
0.6586773893954745	0.5	0.5755494505494505	0.5441795231416551	0.5178571428571429	0.6296296296296297	weighted_unifrac
0.6403189378588314	0.5	0.6098901098901098	0.5652173913043478	0.5384615384615384	0.611111111111111	weighted_unifrac
0.6648830631543398	0.5	0.7019230769230769	0.6086956521739131	0.4464285714285715	0.5925925925925926	weighted_unifrac
0.6219763171225937	0.5	0.6456043956043956	0.5771388499298737	0.5041208791208791	0.5925925925925926	weighted_unifrac
0.6581971884498481	0.48717948717948717	0.6263736263736264	0.5603085553997195	0.4409340659340659	0.5740740740740741	weighted_unifrac
0.6405827845322526	0.5	0.5508241758241759	0.6143057503506312	0.4945054945054945	0.7037037037037038	weighted_unifrac
0.6587037740628167	0.5	0.6442307692307692	0.5925666199158486	0.521978021978022	0.5740740740740741	weighted_unifrac
0.6529994089834515	0.5333333333333333	0.6318681318681318	0.5659186535764376	0.4010989010989011	0.5925925925925926	weighted_unifrac
0.6341396487673082	0.5333333333333333	0.5975274725274726	0.5652173913043478	0.46016483516483514	0.5925925925925928	weighted_unifrac
0.6767878250591016	0.5	0.6648351648351649	0.5708274894810659	0.532967032967033	0.6296296296296297	weighted_unifrac
0.7137474670719351	0.5	0.6648351648351649	0.5603085553997195	0.5164835164835165	0.5925925925925926	weighted_unifrac
0.6222137791286726	0.5	0.6456043956043956	0.6304347826086957	0.5	0.7037037037037037	weighted_unifrac
0.6770358409321174	0.5	0.5947802197802198	0.5932678821879384	0.5700549450549451	0.5925925925925927	weighted_unifrac
0.6527355623100304	0.48717948717948717	0.5151098901098902	0.511921458625526	0.4409340659340659	0.6111111111111112	weighted_unifrac
0.6772891337386018	0.5	0.6607142857142857	0.4950911640953717	0.40384615384615385	0.5925925925925926	weighted_unifrac
0.6462818726781492	0.5	0.6456043956043956	0.5603085553997195	0.49725274725274726	0.7037037037037038	weighted_unifrac
0.6100926629517055	0.5	0.5728021978021978	0.5441795231416551	0.4945054945054945	0.5925925925925926	weighted_unifrac
0.6832678993583249	0.5333333333333333	0.6648351648351649	0.5168302945301543	0.478021978021978	0.6296296296296297	weighted_unifrac
0.6222243329956095	0.48717948717948717	0.6483516483516484	0.5603085553997195	0.4244505494505495	0.5555555555555555	weighted_unifrac
0.6098288162782843	0.5	0.6277472527472527	0.5441795231416551	0.6071428571428571	0.7037037037037037	weighted_unifrac
0.6584610351232691	0.5	0.668956043956044	0.6851332398316972	0.5659340659340659	0.6666666666666666	weighted_unifrac
0.6589517899358325	0.5205128205128204	0.7582417582417582	0.5007012622720897	0.45741758241758246	0.6666666666666666	weighted_unifrac
0.6098288162782843	0.48717948717948717	0.6456043956043956	0.5490883590462833	0.5013736263736264	0.6296296296296297	weighted_unifrac
0.6649041708882134	0.5	0.6291208791208791	0.6311360448807855	0.5563186813186813	0.6481481481481481	weighted_unifrac
0.6467990121580547	0.5	0.6057692307692308	0.6360448807854138	0.5178571428571429	0.5555555555555556	weighted_unifrac
0.6338969098277608	0.5	0.603021978021978	0.5876577840112203	0.5563186813186813	0.6851851851851852	weighted_unifrac
0.6586826663289429	0.5	0.6071428571428572	0.5820476858345022	0.5535714285714286	0.5925925925925927	weighted_unifrac
0.6527250084430936	0.5	0.7019230769230769	0.4950911640953717	0.5467032967032966	0.6666666666666667	weighted_unifrac
0.6522659152313407	0.5	0.5920329670329669	0.5168302945301543	0.5343406593406594	0.611111111111111	weighted_unifrac
0.701589412360689	0.5	0.6071428571428572	0.5553997194950911	0.5343406593406594	0.5555555555555556	weighted_unifrac
0.6892044495103006	0.5	0.6607142857142857	0.5056100981767181	0.5535714285714286	0.6296296296296297	weighted_unifrac
0.604108620398514	0.5	0.5741758241758241	0.6037868162692847	0.4945054945054945	0.5740740740740742	weighted_unifrac
0.7134994511989193	0.5	0.5480769230769231	0.5659186535764376	0.48076923076923084	0.6851851851851851	weighted_unifrac
0.6956528622087133	0.5333333333333333	0.5576923076923077	0.6423562412342215	0.3846153846153846	0.6111111111111112	weighted_unifrac
0.7140113137453563	0.5	0.6607142857142857	0.6086956521739131	0.47939560439560436	0.7037037037037037	weighted_unifrac
0.6770411178655859	0.5	0.6098901098901098	0.5224403927068724	0.46291208791208793	0.611111111111111	weighted_unifrac
0.6465246116176967	0.5	0.7005494505494506	0.5385694249649369	0.5769230769230769	0.611111111111111	weighted_unifrac
0.6467726274907127	0.5666666666666667	0.5947802197802198	0.5224403927068724	0.47527472527472525	0.6481481481481481	weighted_unifrac
0.634371833839919	0.5	0.5879120879120879	0.5224403927068724	0.44505494505494514	0.5925925925925926	weighted_unifrac
0.7259055217831814	0.5666666666666667	0.5947802197802198	0.6093969144460029	0.6126373626373626	0.6666666666666667	weighted_unifrac
0.6651416328942924	0.5	0.603021978021978	0.5925666199158486	0.5192307692307692	0.6851851851851852	weighted_unifrac
0.6406197230665316	0.5	0.6140109890109889	0.5659186535764376	0.5906593406593406	0.6851851851851852	weighted_unifrac
0.6589306822019588	0.5	0.6717032967032968	0.5981767180925668	0.49725274725274726	0.4814814814814815	weighted_unifrac
0.7194518321513002	0.5333333333333333	0.6456043956043956	0.5708274894810659	0.42719780219780223	0.6851851851851851	weighted_unifrac
0.6832678993583249	0.5333333333333333	0.6634615384615384	0.5925666199158486	0.5164835164835165	0.5555555555555556	weighted_unifrac
0.6829829449510301	0.5	0.6071428571428572	0.5168302945301543	0.5260989010989011	0.6481481481481481	weighted_unifrac
0.6470417510976022	0.5	0.6634615384615384	0.6633941093969145	0.4244505494505495	0.5555555555555556	weighted_unifrac
0.6708459979736576	0.5	0.6112637362637363	0.5385694249649369	0.5013736263736264	0.6481481481481481	weighted_unifrac
0.7504538162782843	0.5	0.5686813186813187	0.5869565217391304	0.4436813186813187	0.6296296296296295	weighted_unifrac
0.6951515535292131	0.5333333333333333	0.6662087912087913	0.4894810659186536	0.48351648351648346	0.6111111111111112	weighted_unifrac
0.6219815940560621	0.5	0.7005494505494506	0.5168302945301543	0.5467032967032966	0.5370370370370371	weighted_unifrac
0.6651416328942924	0.48717948717948717	0.5906593406593407	0.5546984572230014	0.42307692307692313	0.5370370370370371	weighted_unifrac
0.664387031408308	0.5	0.7184065934065934	0.5546984572230014	0.4587912087912088	0.5185185185185185	weighted_unifrac
0.6951673843296183	0.5	0.7225274725274726	0.44670406732117807	0.5041208791208791	0.7222222222222222	weighted_unifrac
0.6403083839918946	0.5	0.5714285714285714	0.5168302945301543	0.5164835164835165	0.5740740740740741	weighted_unifrac
0.7256733367105708	0.5	0.6332417582417582	0.5385694249649369	0.5934065934065934	0.6851851851851851	weighted_unifrac
0.68298294495103	0.5	0.6675824175824175	0.5708274894810659	0.6002747252747254	0.6851851851851852	weighted_unifrac
0.6710729061127998	0.5	0.6662087912087913	0.5603085553997195	0.456043956043956	0.5925925925925926	weighted_unifrac
0.6527408392434988	0.5	0.5357142857142857	0.511921458625526	0.6098901098901098	0.6851851851851852	weighted_unifrac
0.6100451705504897	0.5076923076923077	0.6291208791208791	0.5869565217391304	0.46153846153846156	0.6851851851851852	weighted_unifrac
0.6648672323539345	0.5	0.5013736263736264	0.5764375876577841	0.4821428571428571	0.6481481481481481	weighted_unifrac
0.6591839750084431	0.5	0.6085164835164836	0.5336605890603086	0.4587912087912088	0.611111111111111	weighted_unifrac
0.652492823370483	0.5	0.6593406593406593	0.5652173913043478	0.5151098901098902	0.537037037037037	weighted_unifrac
0.6951462765957446	0.5	0.5521978021978022	0.5876577840112203	0.4285714285714285	0.4814814814814815	weighted_unifrac
0.6405933383991895	0.5	0.5686813186813187	0.5715287517531558	0.5192307692307692	0.6666666666666667	weighted_unifrac
0.6341343718338399	0.5666666666666667	0.6414835164835164	0.5168302945301543	0.40247252747252743	0.5185185185185185	weighted_unifrac
0.6894524653833164	0.5333333333333333	0.6895604395604396	0.5708274894810659	0.5398351648351648	0.5185185185185185	weighted_unifrac
0.6832520685579195	0.48717948717948717	0.6071428571428572	0.5441795231416551	0.5535714285714286	0.5740740740740741	weighted_unifrac
0.628171437014522	0.48717948717948717	0.6043956043956045	0.5441795231416551	0.4464285714285715	0.6851851851851852	weighted_unifrac
0.6891886187098952	0.5	0.5192307692307693	0.5434782608695652	0.38186813186813184	0.6481481481481481	weighted_unifrac
0.6465404424181019	0.5	0.537087912087912	0.5981767180925668	0.40247252747252743	0.6481481481481483	weighted_unifrac
0.6889564336372848	0.48717948717948717	0.5755494505494505	0.6199158485273493	0.5164835164835165	0.5925925925925927	weighted_unifrac
0.6463240881458967	0.5	0.5920329670329669	0.5553997194950911	0.5082417582417582	0.537037037037037	weighted_unifrac
0.6462871496116177	0.5	0.6593406593406593	0.4845722300140252	0.5357142857142857	0.6666666666666666	weighted_unifrac
0.6830040526849037	0.5	0.6813186813186812	0.5168302945301543	0.5645604395604396	0.6481481481481483	weighted_unifrac
0.6708196133063155	0.5	0.5343406593406593	0.6633941093969145	0.42582417582417587	0.6666666666666666	weighted_unifrac
0.6711098446470786	0.5	0.5329670329670331	0.5490883590462833	0.537087912087912	0.6481481481481481	weighted_unifrac
0.701378335021952	0.5	0.679945054945055	0.5932678821879384	0.48076923076923084	0.6481481481481481	weighted_unifrac
0.6098288162782843	0.5	0.570054945054945	0.6093969144460029	0.5151098901098902	0.6666666666666667	weighted_unifrac
0.6827507598784195	0.5	0.646978021978022	0.5652173913043478	0.548076923076923	0.5925925925925926	weighted_unifrac
0.6889511567038163	0.5	0.6442307692307692	0.5708274894810659	0.4986263736263737	0.6481481481481481	weighted_unifrac
0.6465351654846335	0.5	0.5123626373626374	0.5063113604488079	0.478021978021978	0.6111111111111112	weighted_unifrac
0.6529994089834515	0.5333333333333333	0.6428571428571428	0.5708274894810659	0.603021978021978	0.5925925925925928	weighted_unifrac
0.6465351654846335	0.5	0.6112637362637363	0.6577840112201964	0.6332417582417582	0.6481481481481481	weighted_unifrac
0.6954154002026341	0.5	0.5796703296703297	0.5490883590462833	0.4423076923076923	0.5740740740740741	weighted_unifrac
0.6525139311043566	0.5	0.576923076923077	0.5981767180925668	0.5892857142857143	0.7222222222222222	weighted_unifrac
0.6465457193515703	0.5	0.5151098901098902	0.5764375876577841	0.4642857142857143	0.7037037037037037	weighted_unifrac
0.6767825481256333	0.5	0.6703296703296703	0.5063113604488079	0.4821428571428571	0.5925925925925926	weighted_unifrac
0.6651521867612293	0.5	0.6071428571428572	0.6416549789621319	0.47939560439560436	0.6481481481481483	weighted_unifrac
0.6894524653833164	0.5	0.6085164835164836	0.5497896213183731	0.532967032967033	0.6481481481481481	weighted_unifrac
0.6708143363728469	0.5	0.5728021978021978	0.5981767180925668	0.49725274725274726	0.5	weighted_unifrac
0.6770622255994596	0.5	0.6991758241758241	0.5490883590462833	0.5728021978021978	0.5925925925925927	weighted_unifrac
0.6405880614657211	0.5	0.47939560439560436	0.5490883590462833	0.42719780219780223	0.6666666666666667	weighted_unifrac
0.6648936170212766	0.5	0.7582417582417582	0.6143057503506312	0.49587912087912095	0.5370370370370371	weighted_unifrac
0.6405563998649105	0.5	0.7609890109890111	0.5708274894810659	0.5164835164835165	0.5740740740740741	weighted_unifrac
0.6462713188112124	0.5	0.6098901098901098	0.6143057503506312	0.5178571428571429	0.6296296296296297	weighted_unifrac
0.6403294917257684	0.5	0.6620879120879121	0.6416549789621319	0.4587912087912088	0.537037037037037	weighted_unifrac
0.8963240881458967	0.5666666666666667	0.7225274725274726	0.7664796633941093	0.4423076923076923	0.6481481481481481	jaccard
0.8965721040189125	0.5666666666666667	0.7019230769230769	0.6304347826086957	0.43543956043956045	0.6296296296296297	jaccard
0.8965721040189125	0.48717948717948717	0.7376373626373627	0.6577840112201964	0.5494505494505495	0.425925925925926	jaccard
0.9268353174603176	0.5	0.7184065934065934	0.5932678821879384	0.46016483516483514	0.5925925925925927	jaccard
0.93278242147923	0.5333333333333333	0.5906593406593407	0.6143057503506312	0.40247252747252743	0.5925925925925926	jaccard
0.8539133738601824	0.5666666666666667	0.679945054945055	0.6199158485273493	0.4945054945054945	0.6851851851851852	jaccard
0.8722612715298885	0.5333333333333333	0.7417582417582418	0.7068723702664796	0.47390109890109894	0.611111111111111	jaccard
0.8903717071935157	0.5	0.6813186813186812	0.7068723702664796	0.467032967032967	0.5740740740740741	jaccard
0.8903611533265787	0.5333333333333333	0.7019230769230769	0.679523141654979	0.40384615384615385	0.6296296296296295	jaccard
0.9146719858156028	0.5	0.7953296703296703	0.6633941093969145	0.4642857142857143	0.6851851851851852	jaccard
0.8720079787234043	0.5	0.6648351648351649	0.47405329593267875	0.4587912087912088	0.7037037037037037	jaccard
0.9208829365079365	0.5666666666666667	0.6634615384615384	0.6143057503506312	0.5302197802197803	0.5925925925925927	jaccard
0.8903717071935157	0.5333333333333333	0.7596153846153846	0.679523141654979	0.49725274725274726	0.6296296296296297	jaccard
0.9149252786220872	0.5205128205128204	0.7953296703296703	0.7230014025245441	0.5494505494505495	0.6111111111111112	jaccard
0.9025244849712935	0.5333333333333333	0.7953296703296703	0.6956521739130435	0.43956043956043955	0.5740740740740741	jaccard
0.884160756501182	0.5	0.7417582417582418	0.6753155680224404	0.46153846153846156	0.6296296296296297	jaccard
0.8965773809523808	0.5666666666666667	0.6991758241758241	0.7124824684431978	0.6291208791208791	0.40740740740740733	jaccard
0.8903664302600472	0.5333333333333333	0.6043956043956045	0.5981767180925668	0.4368131868131868	0.7222222222222224	jaccard
0.9022764690982776	0.5666666666666667	0.679945054945055	0.6577840112201964	0.42307692307692313	0.6296296296296297	jaccard
0.9327876984126983	0.5333333333333333	0.7225274725274726	0.6093969144460029	0.4010989010989011	0.6851851851851852	jaccard
0.9027725008443094	0.5333333333333333	0.6813186813186812	0.6851332398316972	0.4587912087912088	0.7592592592592592	jaccard
0.8720132556568727	0.5333333333333333	0.7774725274725274	0.6956521739130435	0.4436813186813187	0.6296296296296297	jaccard
0.8844193262411347	0.5333333333333333	0.7980769230769231	0.626227208976157	0.456043956043956	0.7407407407407407	jaccard
0.8844140493076663	0.5666666666666667	0.6978021978021978	0.5932678821879384	0.40384615384615385	0.5740740740740742	jaccard
0.9389828183046269	0.5666666666666667	0.6854395604395604	0.6255259467040672	0.4065934065934066	0.6481481481481481	jaccard
0.9084768659236744	0.5333333333333333	0.6813186813186812	0.5441795231416551	0.49313186813186816	0.611111111111111	jaccard
0.878218929415738	0.5333333333333333	0.6964285714285714	0.5876577840112203	0.537087912087912	0.6111111111111112	jaccard
0.8720238095238095	0.5666666666666667	0.6607142857142857	0.6199158485273493	0.42719780219780223	0.6481481481481481	jaccard
0.896566827085444	0.5333333333333333	0.6991758241758241	0.6633941093969145	0.35439560439560436	0.5740740740740741	jaccard
0.878208375548801	0.5333333333333333	0.46153846153846156	0.6633941093969145	0.4436813186813187	0.6851851851851852	jaccard
0.8903558763931104	0.5	0.7403846153846154	0.6851332398316972	0.4409340659340659	0.5925925925925928	jaccard
0.9327876984126985	0.5	0.6593406593406593	0.5876577840112203	0.3653846153846154	0.6666666666666667	jaccard
0.896329365079365	0.5333333333333333	0.7788461538461539	0.6521739130434783	0.4546703296703297	0.6851851851851851	jaccard
0.9087248817966902	0.5	0.7747252747252747	0.5546984572230014	0.532967032967033	0.6666666666666667	jaccard
0.8722665484633568	0.5333333333333333	0.6634615384615384	0.5932678821879384	0.5151098901098902	0.5740740740740741	jaccard
0.9084821428571429	0.5	0.7005494505494506	0.6633941093969145	0.5178571428571429	0.6666666666666667	jaccard
0.8903664302600474	0.5	0.7239010989010989	0.6739130434782609	0.5164835164835165	0.5925925925925926	jaccard
0.9389828183046267	0.5333333333333333	0.7760989010989012	0.6416549789621319	0.46016483516483514	0.5555555555555556	jaccard
0.9087248817966904	0.5666666666666667	0.6593406593406593	0.6093969144460029	0.48076923076923084	0.6666666666666667	jaccard
0.8963135342789597	0.5333333333333333	0.6813186813186812	0.6255259467040672	0.4587912087912088	0.6111111111111112	jaccard
0.8722665484633568	0.6	0.771978021978022	0.6143057503506312	0.4436813186813187	0.5925925925925926	jaccard
0.878218929415738	0.5	0.6675824175824175	0.6479663394109396	0.46565934065934067	0.5740740740740741	jaccard
0.8965721040189125	0.5	0.6483516483516484	0.5764375876577841	0.46565934065934067	0.7037037037037037	jaccard
0.8844140493076663	0.5333333333333333	0.6991758241758241	0.679523141654979	0.5521978021978022	0.6666666666666667	jaccard
0.8841765873015872	0.5666666666666667	0.6771978021978022	0.6423562412342215	0.49587912087912095	0.6296296296296297	jaccard
0.9206296437014521	0.5	0.7403846153846154	0.7230014025245441	0.5151098901098902	0.5925925925925926	jaccard
0.9146825396825397	0.5666666666666667	0.7046703296703297	0.7068723702664796	0.4052197802197803	0.6111111111111112	jaccard
0.9084821428571429	0.5333333333333333	0.625	0.5652173913043478	0.34752747252747257	0.7407407407407407	jaccard
0.9451779381965553	0.6	0.6318681318681318	0.6360448807854138	0.4423076923076923	0.6481481481481481	jaccard
0.8903611533265787	0.5666666666666667	0.706043956043956	0.5827489481065918	0.385989010989011	0.6481481481481481	jaccard
0.8963135342789597	0.5	0.6991758241758241	0.717391304347826	0.4766483516483517	0.6296296296296297	jaccard
0.8782136524822695	0.5333333333333333	0.5728021978021978	0.679523141654979	0.49725274725274726	0.7037037037037037	jaccard
0.9087196048632219	0.5	0.6291208791208791	0.6199158485273493	0.4546703296703297	0.5555555555555556	jaccard
0.9208723826409996	0.5666666666666667	0.6483516483516484	0.7124824684431978	0.34890109890109894	0.7407407407407408	jaccard
0.951378335021952	0.5333333333333333	0.646978021978022	0.5385694249649369	0.4285714285714285	0.6481481481481481	jaccard
0.9087248817966904	0.5	0.7403846153846154	0.6037868162692847	0.42582417582417587	0.6666666666666666	jaccard
0.8965721040189126	0.5333333333333333	0.7005494505494506	0.7398316970546984	0.5714285714285714	0.6666666666666667	jaccard
0.8539080969267139	0.5	0.7211538461538461	0.5988779803646563	0.456043956043956	0.6481481481481481	jaccard
0.9511250422154677	0.5333333333333333	0.7802197802197803	0.64726507713885	0.5302197802197803	0.7592592592592593	jaccard
0.872266548463357	0.5666666666666667	0.5123626373626374	0.7012622720897616	0.3846153846153846	0.5925925925925927	jaccard
0.9330251604187775	0.5666666666666667	0.7005494505494506	0.6633941093969145	0.5686813186813188	0.6296296296296297	jaccard
0.8903717071935157	0.5	0.6098901098901098	0.7671809256661992	0.4986263736263737	0.5	jaccard
0.9330357142857143	0.5	0.6854395604395604	0.6086956521739131	0.4423076923076923	0.6296296296296297	jaccard
0.9146719858156028	0.5333333333333333	0.7953296703296703	0.6416549789621319	0.41208791208791207	0.6296296296296297	jaccard
0.9268353174603173	0.5333333333333333	0.7527472527472526	0.6150070126227208	0.48076923076923084	0.7222222222222222	jaccard
0.9330304373522458	0.5333333333333333	0.7184065934065934	0.7342215988779802	0.48076923076923084	0.7222222222222222	jaccard
0.9268247635933806	0.6	0.7390109890109889	0.6521739130434783	0.43956043956043955	0.7037037037037037	jaccard
0.8598657548125633	0.5	0.7211538461538461	0.6255259467040672	0.5151098901098902	0.6666666666666667	jaccard
0.9146719858156028	0.6	0.6620879120879121	0.64726507713885	0.47939560439560436	0.6481481481481481	jaccard
0.8841607565011822	0.5666666666666667	0.7032967032967034	0.6360448807854138	0.5315934065934066	0.5740740740740741	jaccard
0.9025086541708883	0.5666666666666667	0.7005494505494506	0.6093969144460029	0.478021978021978	0.5185185185185186	jaccard
0.8720027017899358	0.5	0.7032967032967034	0.5715287517531558	0.5686813186813188	0.611111111111111	jaccard
0.9206296437014523	0.5666666666666667	0.7239010989010989	0.6851332398316972	0.5879120879120879	0.7037037037037037	jaccard
0.9084768659236744	0.5666666666666667	0.7046703296703297	0.7237026647966339	0.48351648351648346	0.5555555555555556	jaccard
0.8415178571428571	0.5666666666666667	0.7376373626373627	0.679523141654979	0.3873626373626374	0.6481481481481481	jaccard
0.8965615501519757	0.5666666666666667	0.7225274725274726	0.5932678821879384	0.47939560439560436	0.6111111111111112	jaccard
0.9392308341776427	0.5	0.7390109890109889	0.6416549789621319	0.40384615384615385	0.6481481481481481	jaccard
0.8906144461330632	0.5	0.7019230769230769	0.6851332398316972	0.5151098901098902	0.4814814814814815	jaccard
0.8658234126984128	0.5333333333333333	0.6826923076923078	0.6416549789621319	0.5357142857142857	0.5	jaccard
0.8781978216818641	0.5666666666666667	0.6277472527472527	0.717391304347826	0.40384615384615385	0.5740740740740741	jaccard
0.951388888888889	0.5	0.7362637362637363	0.679523141654979	0.3695054945054945	0.5370370370370371	jaccard
0.9389828183046267	0.5333333333333333	0.7788461538461539	0.679523141654979	0.4423076923076923	0.6851851851851852	jaccard
0.9025297619047618	0.5333333333333333	0.6840659340659341	0.6907433380084151	0.44505494505494514	0.6111111111111112	jaccard
0.8841660334346505	0.5666666666666667	0.6236263736263736	0.6851332398316972	0.4368131868131868	0.6111111111111112	jaccard
0.8963188112124282	0.5666666666666667	0.6826923076923078	0.6690042075736324	0.4010989010989011	0.537037037037037	jaccard
0.8963188112124282	0.5333333333333333	0.6510989010989011	0.7342215988779802	0.5	0.5555555555555556	jaccard
0.8903717071935157	0.6	0.7376373626373627	0.5981767180925668	0.592032967032967	0.6481481481481481	jaccard
0.9025086541708882	0.5333333333333333	0.7568681318681318	0.8211781206171108	0.5	0.5	jaccard
0.8901236913204998	0.5333333333333333	0.6483516483516484	0.7342215988779802	0.4093406593406594	0.6296296296296295	jaccard
0.9208776595744681	0.5	0.554945054945055	0.6802244039270688	0.467032967032967	0.5185185185185185	jaccard
0.8784616683552855	0.5333333333333333	0.7582417582417582	0.6858345021037867	0.4244505494505495	0.5925925925925926	jaccard
0.9389880952380952	0.6538461538461539	0.625	0.7230014025245441	0.4587912087912088	0.6296296296296297	jaccard
0.902767223910841	0.5333333333333333	0.6675824175824175	0.6199158485273493	0.4436813186813187	0.6296296296296297	jaccard
0.8538975430597772	0.5333333333333333	0.7184065934065934	0.6199158485273493	0.3887362637362638	0.6111111111111112	jaccard
0.9149094478216819	0.5333333333333333	0.6662087912087913	0.6577840112201964	0.46291208791208793	0.6666666666666667	jaccard
0.9208776595744679	0.5	0.7225274725274726	0.64726507713885	0.49725274725274726	0.6481481481481481	jaccard
0.9087248817966904	0.5333333333333333	0.7184065934065934	0.6956521739130435	0.42307692307692313	0.7962962962962963	jaccard
0.8660555977710231	0.6	0.6277472527472527	0.7124824684431978	0.44505494505494514	0.5740740740740741	jaccard
0.8960707953394124	0.5666666666666667	0.7390109890109889	0.6360448807854138	0.4423076923076923	0.5740740740740741	jaccard
0.8598446470786898	0.5333333333333333	0.6991758241758241	0.7068723702664796	0.5892857142857143	0.6666666666666667	jaccard
0.8844140493076664	0.5	0.7005494505494506	0.5764375876577841	0.46291208791208793	0.6666666666666666	bray_curtis
0.8722454407294833	0.5333333333333333	0.7362637362637363	0.679523141654979	0.4986263736263737	0.5555555555555556	bray_curtis
0.8784616683552853	0.5666666666666667	0.7211538461538461	0.6255259467040672	0.5164835164835165	0.6851851851851852	bray_curtis
0.927067502532928	0.5	0.771978021978022	0.5224403927068724	0.43956043956043955	0.537037037037037	bray_curtis
0.9087196048632219	0.5666666666666667	0.7596153846153846	0.5603085553997195	0.385989010989011	0.4814814814814815	bray_curtis
0.9270780563998648	0.5333333333333333	0.7774725274725274	0.5336605890603086	0.4436813186813187	0.5925925925925926	bray_curtis
0.8903717071935155	0.5333333333333333	0.5741758241758241	0.5441795231416551	0.592032967032967	0.5925925925925926	bray_curtis
0.9146561550151974	0.5666666666666667	0.7184065934065934	0.5981767180925668	0.4409340659340659	0.6111111111111112	bray_curtis
0.9392308341776427	0.5666666666666667	0.7774725274725274	0.5329593267882188	0.5508241758241759	0.7592592592592592	bray_curtis
0.9025244849712935	0.5666666666666667	0.7609890109890111	0.5708274894810659	0.46153846153846156	0.5185185185185185	bray_curtis
0.908719604863222	0.5	0.8118131868131869	0.5490883590462833	0.5934065934065934	0.7407407407407407	bray_curtis
0.9270833333333334	0.5666666666666667	0.6126373626373626	0.5168302945301543	0.46153846153846156	0.7222222222222223	bray_curtis
0.9573412698412698	0.5	0.7184065934065934	0.5007012622720897	0.5357142857142857	0.611111111111111	bray_curtis
0.939236111111111	0.5	0.7953296703296703	0.5925666199158486	0.4203296703296703	0.5925925925925926	bray_curtis
0.8844034954407294	0.5333333333333333	0.8104395604395604	0.5932678821879384	0.5755494505494506	0.5555555555555556	bray_curtis
0.9330357142857143	0.5	0.7211538461538461	0.5007012622720897	0.43956043956043955	0.6666666666666667	bray_curtis
0.8965773809523809	0.5333333333333333	0.7568681318681318	0.6199158485273493	0.34752747252747257	0.5925925925925926	bray_curtis
0.9149147247551502	0.5333333333333333	0.6675824175824175	0.5546984572230014	0.5151098901098902	0.6296296296296297	bray_curtis
0.9027777777777779	0.5	0.7774725274725274	0.5168302945301543	0.4587912087912088	0.6111111111111112	bray_curtis
0.8965773809523809	0.5	0.6497252747252747	0.5385694249649369	0.42307692307692313	0.6666666666666667	bray_curtis
0.9025297619047619	0.5333333333333333	0.6442307692307692	0.5715287517531558	0.4436813186813187	0.6481481481481481	bray_curtis
0.8965615501519757	0.5666666666666667	0.7980769230769231	0.5869565217391304	0.47527472527472525	0.7037037037037037	bray_curtis
0.9392308341776427	0.5	0.7376373626373627	0.6416549789621319	0.5206043956043955	0.4814814814814815	bray_curtis
0.9027619469773724	0.5333333333333333	0.7156593406593407	0.679523141654979	0.4244505494505495	0.5925925925925927	bray_curtis
0.9027725008443094	0.5	0.8159340659340659	0.5490883590462833	0.5178571428571429	0.5555555555555556	bray_curtis
0.939236111111111	0.5	0.7005494505494506	0.5869565217391304	0.5494505494505495	0.6481481481481481	bray_curtis
0.9513836119554203	0.5	0.5521978021978022	0.6255259467040672	0.3667582417582418	0.6851851851851851	bray_curtis
0.951378335021952	0.5666666666666667	0.7376373626373627	0.5385694249649369	0.48076923076923084	0.6481481481481481	bray_curtis
0.8965668270854442	0.5333333333333333	0.8489010989010988	0.6521739130434783	0.3351648351648352	0.6666666666666666	bray_curtis
0.927067502532928	0.5666666666666667	0.7032967032967034	0.5497896213183731	0.5151098901098902	0.5740740740740741	bray_curtis
0.9208776595744679	0.5333333333333333	0.7156593406593407	0.5497896213183731	0.4945054945054945	0.6111111111111112	bray_curtis
0.9027725008443094	0.5333333333333333	0.7403846153846154	0.5610098176718092	0.5013736263736264	0.6111111111111112	bray_curtis
0.9149200016886189	0.5	0.7156593406593407	0.5063113604488079	0.478021978021978	0.6481481481481481	bray_curtis
0.926830040526849	0.5	0.7554945054945056	0.5764375876577841	0.27747252747252743	0.6111111111111112	bray_curtis
0.9635311127997297	0.5333333333333333	0.7953296703296703	0.6093969144460029	0.40247252747252743	0.5925925925925926	bray_curtis
0.9632936507936507	0.5333333333333333	0.771978021978022	0.5925666199158486	0.5192307692307692	0.5555555555555556	bray_curtis
0.9027725008443094	0.5	0.7348901098901098	0.6690042075736324	0.39972527472527475	0.7592592592592592	bray_curtis
0.9027725008443094	0.5	0.7403846153846154	0.5441795231416551	0.5302197802197803	0.5740740740740741	bray_curtis
0.8965562732185072	0.5	0.7554945054945056	0.5546984572230014	0.4052197802197803	0.5555555555555556	bray_curtis
0.9025297619047621	0.5	0.7431318681318682	0.45722300140252453	0.4821428571428571	0.6296296296296297	bray_curtis
0.8906197230665317	0.5	0.7184065934065934	0.5497896213183731	0.407967032967033	0.5185185185185185	bray_curtis
0.872266548463357	0.5	0.7252747252747253	0.6521739130434783	0.4436813186813187	0.6296296296296297	bray_curtis
0.926830040526849	0.5	0.7747252747252747	0.5224403927068724	0.49587912087912095	0.6666666666666666	bray_curtis
0.8965562732185072	0.6	0.7596153846153846	0.5385694249649369	0.5164835164835165	0.6481481481481481	bray_curtis
0.9208776595744681	0.5333333333333333	0.6785714285714286	0.5063113604488079	0.44505494505494514	0.5185185185185185	bray_curtis
0.9027777777777777	0.5	0.668956043956044	0.5610098176718092	0.5302197802197803	0.5740740740740741	bray_curtis
0.9270780563998648	0.5666666666666667	0.6414835164835164	0.5385694249649369	0.4285714285714285	0.5925925925925927	bray_curtis
0.9087196048632219	0.5	0.7953296703296703	0.5273492286115007	0.478021978021978	0.6851851851851851	bray_curtis
0.9025139311043566	0.5333333333333333	0.7760989010989012	0.5708274894810659	0.4065934065934066	0.5925925925925926	bray_curtis
0.8965615501519757	0.5	0.7760989010989012	0.5981767180925668	0.4065934065934066	0.6296296296296297	bray_curtis
0.9330304373522458	0.5333333333333333	0.7197802197802197	0.4894810659186536	0.4409340659340659	0.6851851851851851	bray_curtis
0.902767223910841	0.5333333333333333	0.7390109890109889	0.5546984572230014	0.49313186813186816	0.6111111111111112	bray_curtis
0.9389880952380952	0.6666666666666667	0.6456043956043956	0.4838709677419355	0.4436813186813187	0.6296296296296297	bray_curtis
0.9149305555555555	0.5333333333333333	0.7953296703296703	0.5329593267882188	0.42307692307692313	0.5740740740740741	bray_curtis
0.9392308341776427	0.5666666666666667	0.7774725274725274	0.5385694249649369	0.43956043956043955	0.6111111111111112	bray_curtis
0.9087248817966904	0.5666666666666667	0.8324175824175825	0.5869565217391304	0.37087912087912084	0.6481481481481483	bray_curtis
0.9270780563998648	0.5333333333333333	0.6263736263736264	0.46353436185133245	0.4986263736263737	0.5740740740740741	bray_curtis
0.9146667088821345	0.5333333333333333	0.7747252747252747	0.5932678821879384	0.4464285714285715	0.6296296296296297	bray_curtis
0.9087196048632219	0.5	0.7760989010989012	0.5708274894810659	0.5027472527472527	0.6666666666666667	bray_curtis
0.9694940476190477	0.5333333333333333	0.7211538461538461	0.5063113604488079	0.5302197802197803	0.6851851851851852	bray_curtis
0.9087196048632219	0.5666666666666667	0.7019230769230769	0.5546984572230014	0.532967032967033	0.6481481481481481	bray_curtis
0.9451832151300237	0.5	0.7362637362637363	0.49579242636746146	0.5164835164835165	0.7592592592592593	bray_curtis
0.9208776595744681	0.5	0.6813186813186812	0.4789621318373071	0.4217032967032967	0.6296296296296295	bray_curtis
0.9635416666666666	0.48717948717948717	0.8131868131868132	0.47966339410939696	0.5412087912087913	0.7222222222222222	bray_curtis
0.9084768659236742	0.5666666666666667	0.6703296703296703	0.6037868162692847	0.46016483516483514	0.6111111111111112	bray_curtis
0.9392255572441742	0.6	0.6662087912087913	0.5441795231416551	0.6071428571428571	0.6666666666666667	bray_curtis
0.9208723826409996	0.5	0.7266483516483517	0.46844319775596066	0.592032967032967	0.5185185185185185	bray_curtis
0.9087143279297534	0.5	0.7019230769230769	0.5441795231416551	0.49725274725274726	0.5925925925925926	bray_curtis
0.9451779381965553	0.5333333333333333	0.7568681318681318	0.5820476858345022	0.5151098901098902	0.7037037037037037	bray_curtis
0.8906144461330632	0.5333333333333333	0.6483516483516484	0.6093969144460029	0.548076923076923	0.5925925925925928	bray_curtis
0.9270780563998648	0.5333333333333333	0.7197802197802197	0.6093969144460029	0.47939560439560436	0.611111111111111	bray_curtis
0.9025244849712935	0.5	0.7403846153846154	0.6416549789621319	0.5357142857142857	0.6111111111111112	bray_curtis
0.8903664302600472	0.5	0.6634615384615384	0.6199158485273493	0.5315934065934066	0.6666666666666666	bray_curtis
0.8538975430597773	0.5666666666666667	0.8131868131868132	0.5652173913043478	0.42307692307692313	0.5925925925925927	bray_curtis
0.8965562732185072	0.5	0.7362637362637363	0.6304347826086957	0.3873626373626374	0.5370370370370371	bray_curtis
0.8660503208375548	0.5666666666666667	0.7225274725274726	0.4894810659186536	0.5192307692307692	0.5925925925925928	bray_curtis
0.9392255572441742	0.5333333333333333	0.7032967032967034	0.5932678821879384	0.46291208791208793	0.7592592592592593	bray_curtis
0.9330198834853091	0.5	0.6826923076923078	0.5708274894810659	0.5549450549450549	0.6666666666666667	bray_curtis
0.9513836119554204	0.5333333333333333	0.7376373626373627	0.5659186535764376	0.4986263736263737	0.5555555555555556	bray_curtis
0.9330251604187775	0.5333333333333333	0.6140109890109889	0.47335203366058903	0.4423076923076923	0.6481481481481481	bray_curtis
0.8660503208375548	0.5666666666666667	0.6675824175824175	0.5168302945301543	0.4986263736263737	0.6111111111111112	bray_curtis
0.9268300405268489	0.5333333333333333	0.7733516483516484	0.5546984572230014	0.5879120879120879	0.5740740740740741	bray_curtis
0.8660608747044918	0.5666666666666667	0.7156593406593407	0.6086956521739131	0.49587912087912095	0.6481481481481481	bray_curtis
0.8660555977710234	0.5	0.6854395604395604	0.5715287517531558	0.37225274725274726	0.6296296296296297	bray_curtis
0.8906197230665317	0.5333333333333333	0.7184065934065934	0.5876577840112203	0.4436813186813187	0.6666666666666667	bray_curtis
0.9208829365079364	0.5333333333333333	0.7032967032967034	0.5497896213183731	0.43956043956043955	0.6666666666666666	bray_curtis
0.9087196048632219	0.5	0.6428571428571428	0.5869565217391304	0.36813186813186816	0.5740740740740742	bray_curtis
0.8906144461330632	0.5	0.7431318681318682	0.679523141654979	0.4986263736263737	0.7037037037037037	bray_curtis
0.9392255572441742	0.5333333333333333	0.6854395604395604	0.47405329593267875	0.42719780219780223	0.7407407407407407	bray_curtis
0.9025086541708883	0.5333333333333333	0.7197802197802197	0.5168302945301543	0.4244505494505495	0.6296296296296297	bray_curtis
0.8965615501519757	0.5333333333333333	0.6826923076923078	0.6311360448807855	0.5934065934065934	0.5925925925925927	bray_curtis
0.8965615501519755	0.5333333333333333	0.6442307692307692	0.5497896213183731	0.5741758241758241	0.6481481481481483	bray_curtis
0.9027725008443094	0.5666666666666667	0.7211538461538461	0.5385694249649369	0.5521978021978022	0.6296296296296297	bray_curtis
0.8906091691995948	0.5	0.7239010989010989	0.5764375876577841	0.44505494505494514	0.6666666666666666	bray_curtis
0.8720027017899358	0.5333333333333333	0.7953296703296703	0.6037868162692847	0.478021978021978	0.6296296296296297	bray_curtis
0.9330251604187774	0.48717948717948717	0.8118131868131869	0.626227208976157	0.5137362637362637	0.7222222222222222	bray_curtis
0.8965615501519755	0.5	0.7596153846153846	0.5652173913043478	0.5467032967032966	0.6481481481481481	bray_curtis
0.939236111111111	0.5	0.7184065934065934	0.44109396914446003	0.5343406593406594	0.6111111111111112	bray_curtis
0.8903717071935157	0.5333333333333333	0.7582417582417582	0.5708274894810659	0.5164835164835165	0.6111111111111112	bray_curtis
0.9087248817966902	0.5333333333333333	0.7582417582417582	0.64726507713885	0.478021978021978	0.5925925925925926	bray_curtis
NA	0.5252100840336134	0.6346153846153846	0.5208695652173914	0.41666666666666663	0.5478260869565217	ctf
NA	0.49159663865546216	0.6643356643356644	0.6026086956521738	0.5416666666666666	0.6278260869565218	ctf
NA	0.5546218487394958	0.6783216783216782	0.6156521739130434	0.4166666666666667	0.4539130434782609	ctf
NA	0.5063025210084033	0.7220279720279721	0.6208695652173913	0.41666666666666674	0.49739130434782614	ctf
NA	0.5462184873949579	0.7062937062937064	0.6695652173913044	0.3333333333333333	0.39565217391304347	ctf
NA	0.634453781512605	0.6870629370629371	0.6843478260869565	0.3333333333333333	0.5808695652173913	ctf
NA	0.6407563025210083	0.6643356643356644	0.6530434782608696	0.5208333333333334	0.5408695652173914	ctf
NA	0.5042016806722689	0.7220279720279721	0.7026086956521738	0.45833333333333337	0.562608695652174	ctf
NA	0.5756302521008403	0.6713286713286714	0.6391304347826088	0.4375	0.47913043478260864	ctf
NA	0.6050420168067228	0.729020979020979	0.7060869565217391	0.37499999999999994	0.542608695652174	ctf
NA	0.5756302521008403	0.6066433566433567	0.41565217391304343	0.375	0.5573913043478261	ctf
NA	0.6764705882352942	0.6486013986013986	0.6678260869565218	0.3958333333333334	0.6173913043478262	ctf
NA	0.6029411764705883	0.6608391608391608	0.6626086956521738	0.45833333333333337	0.5373913043478261	ctf
NA	0.6974789915966386	0.6486013986013986	0.5208695652173914	0.41666666666666663	0.48086956521739127	ctf
NA	0.4831932773109244	0.6678321678321679	0.6226086956521738	0.39583333333333337	0.47217391304347833	ctf
NA	0.6197478991596639	0.6678321678321679	0.5756521739130435	0.43750000000000006	0.5356521739130435	ctf
NA	0.4831932773109244	0.6328671328671328	0.7278260869565217	0.39583333333333337	0.5121739130434783	ctf
NA	0.41806722689075626	0.7325174825174825	0.5860869565217391	0.4791666666666666	0.5173913043478261	ctf
NA	0.4600840336134454	0.7325174825174825	0.6060869565217392	0.375	0.4373913043478261	ctf
NA	0.5903361344537814	0.7132867132867132	0.5843478260869566	0.33333333333333337	0.5226086956521739	ctf
NA	0.51890756302521	0.6765734265734266	0.6156521739130434	0.4375	0.5791304347826087	ctf
NA	0.4747899159663866	0.6835664335664335	0.6278260869565218	0.41666666666666663	0.7295652173913043	ctf
NA	0.5588235294117647	0.6118881118881119	0.7095652173913043	0.4583333333333333	0.5191304347826087	ctf
NA	0.5441176470588236	0.7360139860139859	0.7278260869565217	0.375	0.41391304347826086	ctf
NA	0.6701680672268907	0.7552447552447552	0.6678260869565218	0.45833333333333337	0.5008695652173913	ctf
NA	0.6407563025210083	0.7010489510489509	0.7530434782608696	0.2916666666666667	0.502608695652174	ctf
NA	0.5042016806722689	0.6835664335664335	0.6208695652173913	0.41666666666666663	0.47217391304347833	ctf
NA	0.634453781512605	0.659090909090909	0.6043478260869566	0.37500000000000006	0.5356521739130435	ctf
NA	0.6113445378151261	0.8426573426573427	0.6426086956521738	0.4791666666666667	0.5678260869565217	ctf
NA	0.5525210084033614	0.6416083916083916	0.5860869565217391	0.3125	0.6060869565217392	ctf
NA	0.6029411764705883	0.7097902097902098	0.6626086956521738	0.27083333333333337	0.4756521739130435	ctf
NA	0.6470588235294117	0.6835664335664335	0.7330434782608696	0.4166666666666666	0.47217391304347833	ctf
NA	0.5987394957983193	0.7639860139860141	0.6260869565217391	0.3333333333333333	0.4539130434782609	ctf
NA	0.5483193277310925	0.7412587412587412	0.5278260869565218	0.375	0.542608695652174	ctf
NA	0.5546218487394958	0.7167832167832168	0.6226086956521738	0.47916666666666663	0.5373913043478261	ctf
NA	0.6701680672268907	0.6276223776223776	0.7495652173913043	0.4791666666666667	0.5208695652173913	ctf
NA	0.6554621848739496	0.5611888111888111	0.6295652173913043	0.5	0.6173913043478262	ctf
NA	0.6323529411764706	0.6713286713286714	0.6695652173913044	0.33333333333333337	0.3739130434782608	ctf
NA	0.6239495798319328	0.6748251748251748	0.7095652173913043	0.4166666666666667	0.4539130434782609	ctf
NA	0.7058823529411764	0.6940559440559441	0.7426086956521739	0.4375	0.49565217391304345	ctf
NA	0.5483193277310925	0.6678321678321679	0.6443478260869565	0.4375	0.5191304347826087	ctf
NA	0.6197478991596639	0.6923076923076923	0.7060869565217391	0.37499999999999994	0.6878260869565218	ctf
NA	0.4621848739495798	0.6678321678321679	0.6408695652173912	0.4166666666666667	0.562608695652174	ctf
NA	0.634453781512605	0.6678321678321679	0.6243478260869565	0.39583333333333337	0.502608695652174	ctf
NA	0.634453781512605	0.7255244755244755	0.557391304347826	0.3958333333333333	0.5556521739130434	ctf
NA	0.6554621848739496	0.7010489510489509	0.4521739130434783	0.375	0.5173913043478261	ctf
NA	0.5609243697478992	0.6573426573426573	0.6843478260869565	0.41666666666666663	0.542608695652174	ctf
NA	0.6134453781512605	0.7325174825174825	0.5643478260869565	0.39583333333333337	0.5373913043478261	ctf
NA	0.5840336134453781	0.6328671328671328	0.6191304347826088	0.5	0.4539130434782609	ctf
NA	0.4747899159663866	0.6940559440559441	0.6243478260869565	0.39583333333333337	0.43565217391304345	ctf
NA	0.5546218487394958	0.7552447552447552	0.5591304347826087	0.4583333333333333	0.4539130434782609	ctf
NA	0.476890756302521	0.6223776223776223	0.7695652173913043	0.4375	0.4756521739130435	ctf
NA	0.49579831932773116	0.7325174825174825	0.6226086956521738	0.47916666666666663	0.5608695652173914	ctf
NA	0.4621848739495798	0.743006993006993	0.5991304347826086	0.4166666666666667	0.5156521739130435	ctf
NA	0.542016806722689	0.729020979020979	0.671304347826087	0.4375	0.4573913043478261	ctf
NA	0.5672268907563025	0.6993006993006993	0.517391304347826	0.39583333333333337	0.5191304347826087	ctf
NA	0.5966386554621849	0.7132867132867132	0.5660869565217391	0.41666666666666663	0.582608695652174	ctf
NA	0.49789915966386555	0.6870629370629371	0.5991304347826086	0.5	0.47913043478260864	ctf
NA	0.6260504201680672	0.784965034965035	0.7278260869565217	0.4791666666666666	0.468695652173913	ctf
NA	0.6197478991596639	0.7027972027972028	0.6695652173913044	0.4375	0.47913043478260864	ctf
NA	0.6848739495798319	0.6905594405594405	0.6156521739130434	0.4375	0.47913043478260864	ctf
NA	0.6470588235294117	0.7097902097902098	0.6826086956521739	0.4375	0.41391304347826086	ctf
NA	0.6050420168067228	0.7972027972027972	0.6878260869565217	0.5	0.48086956521739127	ctf
NA	0.634453781512605	0.6171328671328671	0.6608695652173914	0.3125	0.5408695652173914	ctf
NA	0.6113445378151261	0.7062937062937064	0.6295652173913043	0.45833333333333326	0.6243478260869566	ctf
NA	0.592436974789916	0.6293706293706294	0.6878260869565217	0.41666666666666663	0.6078260869565217	ctf
NA	0.48949579831932777	0.7674825174825175	0.7043478260869566	0.3958333333333333	0.682608695652174	ctf
NA	0.542016806722689	0.6678321678321679	0.6243478260869565	0.2916666666666667	0.4539130434782609	ctf
NA	0.453781512605042	0.7062937062937064	0.5391304347826087	0.5	0.6208695652173913	ctf
NA	0.5609243697478992	0.7062937062937064	0.6643478260869565	0.47916666666666663	0.4339130434782609	ctf
NA	0.6197478991596639	0.6940559440559441	0.6278260869565218	0.47916666666666663	0.4773913043478261	ctf
NA	0.4684873949579832	0.645104895104895	0.6443478260869565	0.3125	0.5408695652173914	ctf
NA	0.5273109243697479	0.6258741258741258	0.6878260869565217	0.3958333333333333	0.3739130434782608	ctf
NA	0.6470588235294117	0.6031468531468531	0.6660869565217391	0.2916666666666667	0.5156521739130435	ctf
NA	0.49579831932773116	0.6835664335664335	0.657391304347826	0.4583333333333333	0.45565217391304347	ctf
NA	0.6197478991596639	0.7255244755244755	0.6660869565217391	0.5	0.602608695652174	ctf
NA	0.6827731092436974	0.6870629370629371	0.6260869565217391	0.5208333333333334	0.5243478260869565	ctf
NA	0.6701680672268907	0.6905594405594405	0.6660869565217391	0.33333333333333337	0.4773913043478261	ctf
NA	0.5987394957983193	0.6678321678321679	0.6243478260869565	0.5	0.49739130434782614	ctf
NA	0.5336134453781513	0.729020979020979	0.7513043478260869	0.3125	0.582608695652174	ctf
NA	0.5105042016806722	0.7360139860139859	0.6043478260869566	0.375	0.4539130434782609	ctf
NA	0.5336134453781513	0.5104895104895104	0.6026086956521738	0.45833333333333337	0.35043478260869565	ctf
NA	0.6470588235294117	0.6031468531468531	0.5678260869565217	0.37500000000000006	0.48086956521739127	ctf
NA	0.5840336134453781	0.7674825174825175	0.5808695652173913	0.375	0.5495652173913043	ctf
NA	0.6701680672268907	0.715034965034965	0.6495652173913044	0.37499999999999994	0.5373913043478261	ctf
NA	0.4747899159663866	0.6765734265734266	0.7008695652173913	0.41666666666666663	0.39565217391304347	ctf
NA	0.476890756302521	0.6713286713286714	0.6043478260869566	0.45833333333333337	0.5121739130434783	ctf
NA	0.6197478991596639	0.6520979020979021	0.6895652173913043	0.35416666666666663	0.41391304347826086	ctf
NA	0.5819327731092437	0.6975524475524474	0.5895652173913043	0.3125	0.47217391304347833	ctf
NA	0.5399159663865546	0.68006993006993	0.7060869565217391	0.3958333333333333	0.49565217391304345	ctf
NA	0.4747899159663866	0.6783216783216782	0.6026086956521738	0.4583333333333333	0.5443478260869565	ctf
NA	0.6260504201680672	0.6940559440559441	0.6860869565217391	0.3958333333333333	0.5156521739130435	ctf
NA	0.5840336134453781	0.6188811188811189	0.6443478260869565	0.45833333333333337	0.5808695652173913	ctf
NA	0.6470588235294117	0.645104895104895	0.6426086956521738	0.4166666666666667	0.46086956521739125	ctf
NA	0.6470588235294117	0.6398601398601399	0.6243478260869565	0.4166666666666667	0.47913043478260864	ctf
NA	0.5336134453781513	0.7482517482517482	0.6208695652173913	0.37499999999999994	0.542608695652174	ctf
NA	0.6113445378151261	0.7097902097902098	0.6808695652173913	0.3541666666666667	0.4321739130434783	ctf
NA	0.6554621848739496	0.6223776223776223	0.6643478260869565	0.37499999999999994	0.4773913043478261	ctf
NA	0.5399159663865546	0.6171328671328671	0.6295652173913043	0.37499999999999994	0.47913043478260864	ctf
NA	0.569327731092437	0.6223776223776223	0.7895652173913044	0.39583333333333337	0.49739130434782614	ctf
NA	0.6134453781512605	0.6730769230769231	0.6895652173913043	0.3125	0.517391304347826	phylo_ctf
NA	0.7205882352941176	0.6258741258741258	0.8095652173913044	0.33333333333333337	0.437391304347826	phylo_ctf
NA	0.6701680672268907	0.7220279720279721	0.6843478260869565	0.20833333333333334	0.49739130434782614	phylo_ctf
NA	0.5966386554621849	0.6625874125874126	0.6791304347826086	0.33333333333333337	0.45565217391304347	phylo_ctf
NA	0.6197478991596639	0.7062937062937064	0.6895652173913043	0.1875	0.45565217391304347	phylo_ctf
NA	0.6071428571428572	0.5804195804195804	0.6826086956521739	0.3541666666666667	0.517391304347826	phylo_ctf
NA	0.6701680672268907	0.6101398601398601	0.7460869565217392	0.24999999999999997	0.5591304347826087	phylo_ctf
NA	0.7205882352941176	0.6486013986013986	0.6043478260869566	0.2916666666666667	0.3773913043478261	phylo_ctf
NA	0.6911764705882353	0.6223776223776223	0.7913043478260869	0.3125	0.4608695652173913	phylo_ctf
NA	0.5903361344537814	0.6783216783216782	0.7243478260869565	0.3541666666666667	0.49565217391304345	phylo_ctf
NA	0.6491596638655461	0.6713286713286714	0.7930434782608695	0.22916666666666663	0.437391304347826	phylo_ctf
NA	0.6281512605042017	0.6905594405594405	0.8565217391304348	0.3125	0.5826086956521739	phylo_ctf
NA	0.6554621848739496	0.7167832167832168	0.6095652173913043	0.2916666666666667	0.49739130434782614	phylo_ctf
NA	0.5840336134453781	0.6678321678321679	0.7530434782608696	0.2916666666666667	0.517391304347826	phylo_ctf
NA	0.6953781512605042	0.6608391608391608	0.7678260869565217	0.27083333333333337	0.5826086956521739	phylo_ctf
NA	0.6050420168067228	0.645104895104895	0.7060869565217391	0.33333333333333337	0.47565217391304354	phylo_ctf
NA	0.6743697478991597	0.8006993006993006	0.6660869565217391	0.2916666666666667	0.5208695652173914	phylo_ctf
NA	0.819327731092437	0.7132867132867132	0.7460869565217392	0.2916666666666667	0.4391304347826087	phylo_ctf
NA	0.569327731092437	0.645104895104895	0.6878260869565217	0.37499999999999994	0.557391304347826	phylo_ctf
NA	0.7058823529411764	0.68006993006993	0.7443478260869565	0.22916666666666663	0.4826086956521739	phylo_ctf
NA	0.6407563025210083	0.6870629370629371	0.7895652173913044	0.3125	0.5660869565217391	phylo_ctf
NA	0.6554621848739496	0.6783216783216782	0.6626086956521738	0.27083333333333337	0.517391304347826	phylo_ctf
NA	0.5840336134453781	0.6381118881118881	0.711304347826087	0.27083333333333337	0.45565217391304347	phylo_ctf
NA	0.5840336134453781	0.6905594405594405	0.6878260869565217	0.2916666666666667	0.5626086956521739	phylo_ctf
NA	0.6554621848739496	0.5874125874125874	0.5826086956521739	0.33333333333333337	0.5826086956521739	phylo_ctf
NA	0.5987394957983193	0.6555944055944055	0.6060869565217392	0.37500000000000006	0.5208695652173914	phylo_ctf
NA	0.6617647058823529	0.7779720279720279	0.7895652173913044	0.33333333333333337	0.5426086956521738	phylo_ctf
NA	0.5399159663865546	0.6328671328671328	0.6660869565217391	0.20833333333333334	0.5443478260869565	phylo_ctf
NA	0.6050420168067228	0.6555944055944055	0.7260869565217392	0.2916666666666667	0.5426086956521738	phylo_ctf
NA	0.5840336134453781	0.7360139860139859	0.6408695652173912	0.3541666666666667	0.4539130434782609	phylo_ctf
NA	0.5609243697478992	0.5944055944055945	0.6843478260869565	0.33333333333333337	0.37217391304347824	phylo_ctf
NA	0.49789915966386555	0.7325174825174825	0.7713043478260869	0.33333333333333337	0.5391304347826087	phylo_ctf
NA	0.7058823529411764	0.7202797202797203	0.5426086956521738	0.3125	0.4826086956521739	phylo_ctf
NA	0.6197478991596639	0.6748251748251748	0.7313043478260869	0.3333333333333333	0.49391304347826087	phylo_ctf
NA	0.5987394957983193	0.6975524475524474	0.7695652173913043	0.375	0.6643478260869565	phylo_ctf
NA	0.6197478991596639	0.6713286713286714	0.7713043478260869	0.29166666666666663	0.4391304347826087	phylo_ctf
NA	0.6701680672268907	0.7552447552447552	0.7078260869565217	0.31250000000000006	0.4504347826086957	phylo_ctf
NA	0.6260504201680672	0.7062937062937064	0.6156521739130434	0.29166666666666663	0.6060869565217392	phylo_ctf
NA	0.6995798319327731	0.7325174825174825	0.7678260869565217	0.33333333333333337	0.5026086956521738	phylo_ctf
NA	0.7773109243697478	0.6381118881118881	0.7947826086956521	0.41666666666666663	0.5408695652173914	phylo_ctf
NA	0.6701680672268907	0.6153846153846154	0.5391304347826087	0.16666666666666669	0.537391304347826	phylo_ctf
NA	0.6050420168067228	0.6783216783216782	0.7713043478260869	0.2916666666666667	0.4791304347826087	phylo_ctf
NA	0.6407563025210083	0.6555944055944055	0.7513043478260869	0.39583333333333326	0.5226086956521738	phylo_ctf
NA	0.6407563025210083	0.6713286713286714	0.6060869565217392	0.22916666666666663	0.5426086956521738	phylo_ctf
NA	0.6911764705882353	0.6031468531468531	0.6626086956521738	0.3958333333333334	0.49391304347826087	phylo_ctf
NA	0.6281512605042017	0.7360139860139859	0.6173913043478261	0.3125	0.49391304347826087	phylo_ctf
NA	0.5483193277310925	0.729020979020979	0.7478260869565219	0.3541666666666667	0.46869565217391307	phylo_ctf
NA	0.5273109243697479	0.6643356643356644	0.7495652173913043	0.20833333333333331	0.5243478260869565	phylo_ctf
NA	0.7121848739495799	0.6608391608391608	0.7460869565217392	0.3125	0.49739130434782614	phylo_ctf
NA	0.6260504201680672	0.6573426573426573	0.7930434782608695	0.35416666666666663	0.46869565217391307	phylo_ctf
NA	0.5630252100840336	0.6678321678321679	0.831304347826087	0.43750000000000006	0.5260869565217392	phylo_ctf
NA	0.7836134453781514	0.7360139860139859	0.7730434782608696	0.3958333333333333	0.5843478260869566	phylo_ctf
NA	0.6491596638655461	0.6538461538461539	0.7226086956521738	0.45833333333333337	0.5026086956521738	phylo_ctf
NA	0.6470588235294117	0.6643356643356644	0.7913043478260869	0.25	0.5756521739130435	phylo_ctf
NA	0.6995798319327731	0.6223776223776223	0.671304347826087	0.2916666666666667	0.5191304347826087	phylo_ctf
NA	0.6680672268907563	0.6258741258741258	0.557391304347826	0.33333333333333337	0.4539130434782609	phylo_ctf
NA	0.6680672268907563	0.6608391608391608	0.6660869565217391	0.16666666666666669	0.5608695652173914	phylo_ctf
NA	0.5399159663865546	0.5454545454545454	0.7443478260869565	0.3125	0.5339130434782609	phylo_ctf
NA	0.7689075630252101	0.6870629370629371	0.7078260869565217	0.31249999999999994	0.4608695652173913	phylo_ctf
NA	0.5336134453781513	0.5611888111888111	0.6843478260869565	0.3541666666666667	0.45739130434782604	phylo_ctf
NA	0.6050420168067228	0.6223776223776223	0.6843478260869565	0.25	0.5860869565217391	phylo_ctf
NA	0.6281512605042017	0.6188811188811189	0.711304347826087	0.2708333333333333	0.45565217391304347	phylo_ctf
NA	0.5042016806722689	0.7272727272727273	0.6260869565217391	0.3125	0.437391304347826	phylo_ctf
NA	0.6407563025210083	0.7517482517482518	0.711304347826087	0.2916666666666667	0.4408695652173913	phylo_ctf
NA	0.6176470588235294	0.6416083916083916	0.8200000000000001	0.31249999999999994	0.5026086956521738	phylo_ctf
NA	0.6827731092436974	0.6520979020979021	0.7043478260869566	0.22916666666666666	0.5608695652173914	phylo_ctf
NA	0.6470588235294117	0.7045454545454545	0.6826086956521739	0.35416666666666663	0.41391304347826086	phylo_ctf
NA	0.5987394957983193	0.6713286713286714	0.6913043478260869	0.24999999999999997	0.49913043478260866	phylo_ctf
NA	0.5756302521008403	0.6643356643356644	0.7643478260869566	0.39583333333333337	0.5026086956521738	phylo_ctf
NA	0.51890756302521	0.5839160839160839	0.6678260869565218	0.3125	0.4121739130434783	phylo_ctf
NA	0.7121848739495799	0.6993006993006993	0.6878260869565217	0.39583333333333337	0.4791304347826087	phylo_ctf
NA	0.5609243697478992	0.6643356643356644	0.577391304347826	0.29166666666666663	0.4321739130434783	phylo_ctf
NA	0.6197478991596639	0.7255244755244755	0.8130434782608696	0.3541666666666667	0.537391304347826	phylo_ctf
NA	0.634453781512605	0.7062937062937064	0.6243478260869565	0.2916666666666667	0.5826086956521739	phylo_ctf
NA	0.6197478991596639	0.6870629370629371	0.6843478260869565	0.3333333333333333	0.5678260869565217	phylo_ctf
NA	0.6554621848739496	0.7744755244755245	0.7243478260869565	0.39583333333333337	0.5191304347826087	phylo_ctf
NA	0.6764705882352942	0.6643356643356644	0.8347826086956522	0.4375	0.48086956521739127	phylo_ctf
NA	0.6197478991596639	0.6328671328671328	0.7513043478260869	0.31250000000000006	0.517391304347826	phylo_ctf
NA	0.7058823529411764	0.7255244755244755	0.6008695652173913	0.3125	0.4391304347826087	phylo_ctf
NA	0.6491596638655461	0.7674825174825175	0.6730434782608696	0.2916666666666667	0.577391304347826	phylo_ctf
NA	0.7983193277310925	0.7132867132867132	0.5539130434782609	0.3125	0.5026086956521738	phylo_ctf
NA	0.7205882352941176	0.6223776223776223	0.5808695652173913	0.29166666666666663	0.5443478260869565	phylo_ctf
NA	0.7415966386554621	0.6416083916083916	0.7747826086956521	0.35416666666666663	0.557391304347826	phylo_ctf
NA	0.7605042016806722	0.6328671328671328	0.8130434782608696	0.2916666666666667	0.4304347826086956	phylo_ctf
NA	0.7352941176470589	0.7360139860139859	0.6426086956521738	0.22916666666666669	0.5260869565217392	phylo_ctf
NA	0.5399159663865546	0.6381118881118881	0.7278260869565217	0.24999999999999997	0.5226086956521738	phylo_ctf
NA	0.7058823529411764	0.6678321678321679	0.6478260869565217	0.33333333333333337	0.43565217391304345	phylo_ctf
NA	0.6113445378151261	0.68006993006993	0.6408695652173912	0.31250000000000006	0.45739130434782604	phylo_ctf
NA	0.6848739495798319	0.7167832167832168	0.6408695652173912	0.3541666666666667	0.5008695652173913	phylo_ctf
NA	0.6554621848739496	0.7744755244755245	0.7913043478260869	0.2916666666666667	0.47565217391304354	phylo_ctf
NA	0.5630252100840336	0.6748251748251748	0.7678260869565217	0.37500000000000006	0.5608695652173914	phylo_ctf
NA	0.7415966386554621	0.6486013986013986	0.7530434782608696	0.29166666666666663	0.4504347826086957	phylo_ctf
NA	0.5756302521008403	0.7360139860139859	0.6660869565217391	0.25	0.5043478260869565	phylo_ctf
NA	0.569327731092437	0.6188811188811189	0.6643478260869565	0.35416666666666663	0.4591304347826087	phylo_ctf
NA	0.6134453781512605	0.6870629370629371	0.6860869565217391	0.2916666666666667	0.5243478260869565	phylo_ctf
NA	0.6848739495798319	0.6678321678321679	0.7060869565217391	0.3125	0.5060869565217392	phylo_ctf
NA	0.6491596638655461	0.6905594405594405	0.7895652173913044	0.375	0.45739130434782604	phylo_ctf
NA	0.5630252100840336	0.7167832167832168	0.6860869565217391	0.25	0.45739130434782604	phylo_ctf
NA	0.5903361344537814	0.7552447552447552	0.6426086956521738	0.41666666666666674	0.5191304347826087	phylo_ctf
NA	0.6491596638655461	0.645104895104895	0.6930434782608696	0.35416666666666663	0.4791304347826087	phylo_ctf
0.8939496649524699	0.6785714285714286	0.7409090909090911	0.8077272727272727	0.3829787234042554	0.8922101449275364	raw
0.8940392706872371	0.625	0.8436363636363636	0.8350000000000001	0.3936170212765957	0.8378623188405798	raw
0.9193976936263052	0.625	0.9090909090909091	0.8222727272727273	0.42553191489361697	0.8478260869565217	raw
0.8982945691132928	0.7424242424242424	0.7409090909090911	0.8572727272727273	0.4787234042553191	0.8048007246376812	raw
0.9237435717625058	0.6607142857142857	0.8236363636363636	0.8150000000000001	0.3404255319148936	0.8586956521739131	raw
0.8897683886551347	0.6428571428571428	0.825	0.8345454545454546	0.4148936170212766	0.8482789855072465	raw
0.9023579943899018	0.625	0.8977272727272727	0.8645454545454546	0.48936170212765956	0.8917572463768115	raw
0.8769966495247	0.6428571428571428	0.8322727272727273	0.8436363636363636	0.39361702127659576	0.8265398550724637	raw
0.9320652173913044	0.75	0.7581818181818182	0.769090909090909	0.4574468085106383	0.8374094202898551	raw
0.8810922159887797	0.6607142857142857	0.7954545454545454	0.8109090909090908	0.351063829787234	0.8260869565217391	raw
0.8981893797724794	0.6964285714285714	0.8804545454545454	0.8931818181818182	0.3617021276595745	0.7948369565217391	raw
0.9024476001246687	0.5714285714285714	0.9090909090909091	0.8572727272727273	0.40425531914893614	0.8591485507246376	raw
0.8725572697522206	0.6785714285714286	0.865	0.9031818181818181	0.32978723404255317	0.8156702898550724	raw
0.8814399251986911	0.7142857142857143	0.899090909090909	0.8163636363636363	0.43617021276595747	0.8591485507246376	raw
0.893859085242325	0.6785714285714286	0.770909090909091	0.8531818181818183	0.3191489361702128	0.8596014492753624	raw
0.9194756116565372	0.625	0.8009090909090909	0.8004545454545454	0.3617021276595745	0.8174818840579711	raw
0.9024476001246687	0.6174242424242424	0.9004545454545454	0.8163636363636363	0.3617021276595745	0.8048007246376812	raw
0.8726468754869876	0.6428571428571428	0.8422727272727273	0.7768181818181819	0.3723404255319148	0.8066123188405797	raw
0.8641557581424342	0.6964285714285714	0.8763636363636363	0.845	0.40425531914893614	0.8709239130434783	raw
0.9364247311827956	0.7321428571428572	0.8677272727272727	0.8218181818181819	0.44680851063829785	0.8496376811594203	raw
0.915036231884058	0.6174242424242424	0.8436363636363636	0.8704545454545454	0.43617021276595747	0.8374094202898551	raw
0.9237338320087268	0.6607142857142857	0.8022727272727272	0.8531818181818183	0.3723404255319149	0.8374094202898551	raw
0.9150381798348138	0.625	0.8763636363636363	0.8477272727272728	0.4042553191489362	0.8278985507246377	raw
0.9151346033972262	0.7678571428571428	0.8877272727272727	0.8663636363636363	0.3191489361702128	0.8808876811594202	raw
0.9065236870811906	0.6964285714285714	0.8295454545454546	0.8672727272727273	0.40425531914893614	0.850090579710145	raw
0.881169160043634	0.6607142857142857	0.845	0.7918181818181819	0.35106382978723405	0.8695652173913043	raw
0.9150372058594358	0.6428571428571428	0.875	0.9004545454545454	0.3617021276595745	0.8152173913043479	raw
0.8812694795075581	0.75	0.8109090909090909	0.8586363636363636	0.4148936170212766	0.8369565217391304	raw
0.9152329749103942	0.6964285714285714	0.9204545454545455	0.7981818181818181	0.3085106382978724	0.8922101449275364	raw
0.910873461118903	0.6607142857142857	0.8522727272727273	0.8731818181818181	0.40425531914893614	0.8718297101449276	raw
0.9067038725261026	0.6785714285714286	0.8763636363636363	0.9059090909090909	0.3404255319148936	0.8174818840579711	raw
0.8983851488234378	0.6785714285714286	0.8236363636363636	0.8331818181818182	0.3723404255319149	0.8387681159420289	raw
0.9364237572074178	0.625	0.8763636363636363	0.9286363636363636	0.43617021276595735	0.8260869565217391	raw
0.89394966495247	0.7067099567099567	0.865	0.8345454545454546	0.3191489361702128	0.8496376811594203	raw
0.88144966495247	0.6607142857142857	0.7522727272727273	0.7427272727272727	0.36170212765957444	0.8378623188405798	raw
0.9063620071684588	0.75	0.9545454545454545	0.8690909090909091	0.3617021276595745	0.8917572463768115	raw
0.8894041218637992	0.7142857142857143	0.9004545454545454	0.8172727272727273	0.46808510638297873	0.8586956521739131	raw
0.8856017219884681	0.6964285714285714	0.8522727272727273	0.8577272727272728	0.4787234042553191	0.8940217391304348	raw
0.8810746844319776	0.6785714285714286	0.8636363636363636	0.8518181818181818	0.3404255319148936	0.8496376811594203	raw
0.9025508415147265	0.75	0.8095454545454546	0.8363636363636364	0.3404255319148936	0.8260869565217391	raw
0.9023599423406576	0.6428571428571428	0.865	0.9272727272727274	0.35106382978723405	0.8926630434782609	raw
0.8899485741000467	0.6607142857142857	0.8063636363636363	0.9272727272727274	0.3829787234042553	0.8586956521739131	raw
0.9106903537478572	0.6607142857142857	0.8522727272727273	0.9118181818181819	0.4148936170212766	0.8709239130434783	raw
0.9193996415770609	0.6607142857142857	0.9545454545454545	0.8195454545454546	0.276595744680851	0.8383152173913043	raw
0.9065392706872369	0.75	0.8222727272727273	0.8877272727272727	0.36170212765957444	0.8922101449275364	raw
0.9151307074957145	0.7678571428571428	0.8536363636363636	0.8095454545454546	0.3829787234042553	0.8369565217391304	raw
0.8939506389278479	0.6785714285714286	0.8163636363636362	0.8677272727272726	0.36170212765957444	0.8700181159420289	raw
0.9238331774972729	0.6964285714285714	0.8763636363636363	0.7868181818181819	0.32978723404255317	0.8505434782608696	raw
0.8897683886551349	0.6607142857142857	0.8363636363636363	0.8690909090909091	0.3829787234042553	0.8804347826086957	raw
0.8730179601059685	0.6785714285714286	0.8477272727272727	0.8786363636363637	0.3297872340425532	0.8596014492753624	raw
0.9236549400031167	0.625	0.7895454545454546	0.9272727272727274	0.36170212765957444	0.8378623188405798	raw
0.8940246610565684	0.7142857142857143	0.7968181818181819	0.8663636363636363	0.4042553191489362	0.8387681159420289	raw
0.8939506389278479	0.6964285714285714	0.7963636363636363	0.8377272727272728	0.3723404255319148	0.7939311594202898	raw
0.9067048465014804	0.6428571428571428	0.8181818181818181	0.7840909090909092	0.3829787234042553	0.8586956521739131	raw
0.9278079710144927	0.625	0.8109090909090909	0.8904545454545454	0.3723404255319148	0.8374094202898551	raw
0.915225183107371	0.6785714285714286	0.9218181818181818	0.8904545454545454	0.39361702127659576	0.8917572463768115	raw
0.8980988000623343	0.625	0.7581818181818182	0.8263636363636364	0.3191489361702128	0.8591485507246376	raw
0.9067983481377591	0.6428571428571428	0.845	0.8663636363636363	0.4361702127659574	0.8482789855072465	raw
0.88570301542777	0.6964285714285714	0.8304545454545453	0.8459090909090908	0.36170212765957444	0.8369565217391304	raw
0.9109747545582046	0.625	0.835	0.8931818181818182	0.37234042553191493	0.8704710144927535	raw
0.8981173055945145	0.6607142857142857	0.8304545454545453	0.8672727272727273	0.3723404255319149	0.860054347826087	raw
0.9152310269596384	0.7321428571428572	0.8677272727272727	0.8059090909090908	0.3723404255319148	0.8586956521739131	raw
0.9152183652797258	0.6964285714285714	0.835	0.8904545454545454	0.4148936170212766	0.8269927536231884	raw
0.885434198223469	0.6785714285714286	0.8209090909090909	0.8704545454545454	0.42553191489361697	0.8278985507246377	raw
0.8899622097553372	0.6071428571428572	0.815	0.9131818181818181	0.4361702127659574	0.8804347826086957	raw
0.9110643602929718	0.6785714285714286	0.7909090909090909	0.8759090909090909	0.3723404255319149	0.8048007246376812	raw
0.8557074957145083	0.6785714285714286	0.8336363636363636	0.8504545454545454	0.39361702127659576	0.8591485507246376	raw
0.9155008181393174	0.5892857142857143	0.8436363636363636	0.7949999999999999	0.4042553191489361	0.8596014492753624	raw
0.9277300529842606	0.6964285714285714	0.865	0.8931818181818182	0.39361702127659576	0.8709239130434783	raw
0.9067954262116252	0.6785714285714286	0.7922727272727272	0.9018181818181819	0.3936170212765957	0.8170289855072463	raw
0.8897829982858033	0.625	0.9372727272727273	0.8018181818181819	0.35106382978723405	0.850090579710145	raw
0.9192964001870032	0.75	0.7895454545454546	0.8177272727272726	0.4361702127659574	0.8718297101449276	raw
0.9150411017609474	0.6607142857142857	0.7822727272727273	0.8409090909090908	0.4042553191489361	0.827445652173913	raw
0.8855072463768116	0.7245670995670996	0.8763636363636363	0.7563636363636363	0.3829787234042553	0.8917572463768115	raw
0.9152300529842605	0.6428571428571428	0.8931818181818182	0.8377272727272728	0.36170212765957444	0.8614130434782609	raw
0.9107965170640485	0.7321428571428572	0.8009090909090909	0.8790909090909091	0.4148936170212766	0.8152173913043479	raw
0.9278138148667601	0.6964285714285714	0.9004545454545454	0.8763636363636363	0.3936170212765957	0.8387681159420289	raw
0.9068100358422939	0.670995670995671	0.875	0.7936363636363636	0.35106382978723405	0.8700181159420289	raw
0.9066162147420914	0.625	0.865	0.8245454545454546	0.4148936170212766	0.8591485507246376	raw
0.910882226897304	0.6964285714285714	0.879090909090909	0.9045454545454545	0.3829787234042553	0.8913043478260869	raw
0.9362406498363721	0.6607142857142857	0.845	0.8263636363636364	0.35106382978723405	0.8374094202898551	raw
0.8559139784946236	0.6964285714285714	0.765	0.8263636363636364	0.425531914893617	0.8817934782608696	raw
0.902536231884058	0.6071428571428572	0.899090909090909	0.7722727272727273	0.3829787234042554	0.8156702898550724	raw
0.8981903537478573	0.6607142857142857	0.8763636363636363	0.9004545454545454	0.3617021276595745	0.8596014492753624	raw
0.9022683886551347	0.6785714285714286	0.8409090909090909	0.9445454545454545	0.42553191489361697	0.8478260869565217	raw
0.8558876811594203	0.7321428571428572	0.8418181818181818	0.7554545454545455	0.3829787234042553	0.8265398550724637	raw
0.9151277855695807	0.5892857142857143	0.8322727272727273	0.7577272727272727	0.4148936170212766	0.8695652173913043	raw
0.8811818217235469	0.6964285714285714	0.7740909090909089	0.8377272727272728	0.3404255319148936	0.8596014492753624	raw
0.8856153576437588	0.6071428571428572	0.8336363636363636	0.7981818181818181	0.32978723404255317	0.8496376811594203	raw
0.8898579943899018	0.6352813852813852	0.8663636363636363	0.7804545454545455	0.40425531914893614	0.7848731884057971	raw
0.8896768349696119	0.6428571428571428	0.7981818181818182	0.8490909090909091	0.45744680851063835	0.8913043478260869	raw
0.877085281284089	0.6888528138528138	0.8109090909090909	0.8690909090909091	0.4148936170212766	0.8374094202898551	raw
0.906809061866916	0.6607142857142857	0.8677272727272727	0.8577272727272728	0.42553191489361697	0.8609601449275364	raw
0.9237367539348607	0.7857142857142857	0.855	0.8363636363636364	0.2978723404255319	0.8265398550724637	raw
0.902445652173913	0.6964285714285714	0.8322727272727273	0.8290909090909091	0.45744680851063835	0.9021739130434783	raw
0.8982965170640486	0.625	0.8636363636363636	0.8236363636363636	0.45744680851063824	0.8482789855072465	raw
0.9237445457378838	0.6428571428571428	0.8777272727272727	0.8322727272727272	0.4042553191489362	0.860054347826087	raw
0.9278177107682718	0.6428571428571428	0.8195454545454546	0.8109090909090908	0.3829787234042553	0.8695652173913043	raw
0.9319872993610722	0.6071428571428572	0.8095454545454546	0.8322727272727272	0.36170212765957444	0.850090579710145	raw
0.8981173055945145	0.6785714285714286	0.7454545454545454	0.8390909090909091	0.36170212765957444	0.827445652173913	raw
