abx_all_sources	course_num	day_of_life	elevation	host_subject_id	latitude	longitude	mom_courses_ofdeliveryabx	mom_prenatal_abx_trimester	month	month_of_life	qiita_study_id	studyid	beta
-0.09121898790864291	0.656296897810219	0.4585761610738722	1.0	0.005873938298384118	0.0	-19.453020134228186	-0.039915697674418604	-0.13446808510638308	0.30480879526451055	0.48684758515394966	1.0	-0.027071924182079377	unweighted_unifrac
-0.07780564263322876	0.12675718309859163	0.4120710345330495	1.0	-0.04683236287257264	0.0	-42.919463087248324	-0.06706369047619054	-0.18485043695380754	0.38387860698775766	0.5077820984648642	1.0	-0.13340357965473504	unweighted_unifrac
-0.1431944999999999	-0.48568446824789624	0.4506120509132947	1.0	0.011451010911861625	0.0	-31.469798657718123	-0.05559102564102547	-0.0263078212290504	0.40647406829041555	0.478569607830616	1.0	-0.03300822632551048	unweighted_unifrac
-0.18454469880265534	0.38320712809917346	0.40985411042859754	1.0	-0.026554533809496572	0.0	-44.32214765100671	-0.08195285714285738	-0.04135045248868807	0.5408115354744394	0.4454409427211399	1.0	-0.0903623157663167	unweighted_unifrac
-0.1437034840622684	0.16605008103727714	0.47289080001696215	1.0	-0.048677642450340786	0.0	-55.4496644295302	-0.24494593495934924	-0.013766451612903019	0.36865437718387006	0.5287928028757052	1.0	-0.12032721766751742	unweighted_unifrac
-0.04017440974866737	0.6450228693181816	0.39882987544592163	1.0	-0.01937903573866051	0.0	-41.375838926174495	0.15461428571428582	-0.35875433070866203	0.5472459211530755	0.4125385508806648	1.0	-0.04581614816482915	unweighted_unifrac
-0.07162490900668361	0.04437020725388641	0.4168140554919375	1.0	-0.10931045602833378	0.0	-41.29865771812081	0.06724360465116253	-0.30167217806041324	0.42734781696402135	0.38402183565050263	1.0	0.005778384464079855	unweighted_unifrac
-0.04408745007357551	0.6813290322580645	0.40047917222377183	1.0	-0.09961148988967206	0.0	-45.671140939597315	0.01044186046511597	-0.11217913223140519	0.49916600618795615	0.44557411805473734	1.0	0.03360561911434856	unweighted_unifrac
-0.12494211728865223	0.6169355555555555	0.5097269177168993	1.0	-0.04204598572085949	0.0	-35.48993288590604	-0.08649921875000022	-0.011737219730941773	0.4778357290015848	0.43978222452069105	1.0	0.010526117870666596	unweighted_unifrac
-0.18121447649572664	0.36744317260027015	0.41312196657510014	1.0	-0.1368259167190835	0.0	-18.164429530201343	-0.10755977011494244	-0.16313617021276605	0.5059764762735259	0.5166229490476653	1.0	-0.014984711098600778	unweighted_unifrac
-0.12248083269865462	-0.6953724604966143	0.42825299152903384	1.0	-0.028668182314224522	0.0	-54.785234899328856	-0.06858678160919562	-0.18513991031390153	0.4972348868747464	0.45696671874351513	1.0	-0.04763245382585746	unweighted_unifrac
-0.09030074999999993	0.43712316764953685	0.448387701316293	1.0	-0.0831480918111307	0.0	-56.86577181208054	0.14198571428571416	-0.011997310278578643	0.4611752947800545	0.5165080686180472	1.0	-0.05898210161537909	unweighted_unifrac
-0.18708345595963816	0.525186745727241	0.3791432731163702	1.0	-0.06015360536379988	0.0	-39.88255033557047	0.4261042857142856	-0.06251447876447869	0.5274332739763936	0.5389332582463984	1.0	-0.1662091393891716	unweighted_unifrac
-0.15329549435919	0.4388306655433868	0.4987079475808023	1.0	-0.01968223266929159	0.0	-19.78523489932886	-0.14433247863247867	-0.3205630996309965	0.41225956733627644	0.47551674286388135	1.0	-0.040199592145530705	unweighted_unifrac
-0.1786171428571428	0.44794224376731284	0.4247516807391296	1.0	-0.06527025626003113	0.0	-37.11744966442953	-0.2751888888888887	-0.017784720638540863	0.5175686861436055	0.4645394158729579	1.0	-0.0035042439843255835	unweighted_unifrac
-0.053228749999999714	-1.400849557522124	0.3541429386228594	1.0	-0.11157624376077901	0.0	-36.02348993288591	-0.10231162790697645	-0.02258129988597468	0.40455958028469763	0.4722342416593156	1.0	-0.07437032231008356	unweighted_unifrac
-0.1562545405982907	0.14683789473684206	0.3592978102172705	1.0	-0.08979438663640282	0.0	-54.96308724832215	-0.12408546511627927	-0.013347976878612444	0.38950171399777767	0.4940942213939977	1.0	-0.017277602455390895	unweighted_unifrac
-0.12822243902439	0.44402631816133387	0.4633905408049259	1.0	-0.05783958299881764	0.0	-53.84228187919463	-0.1549611111111111	-0.19875082644628095	0.5185668675541464	0.4815725559636952	1.0	-0.11875622889216819	unweighted_unifrac
-0.0687283330231403	0.5083984063745022	0.48636331200136074	1.0	-0.0417605568256445	0.0	-43.36577181208054	-0.07908787878787882	-0.2465103535353539	0.40611368668074865	0.39710291797930297	1.0	-0.07843847771053158	unweighted_unifrac
-0.14568349358974353	0.4635571206628689	0.5072005870489869	1.0	-0.1200140266166676	0.0	-45.40604026845637	0.14147571428571437	-0.08546511627906961	0.46161495377599016	0.42761285840108154	1.0	-0.035895165114233185	unweighted_unifrac
-0.17238354203935602	0.272633192923336	0.3712379318091791	1.0	-0.025319642522909414	0.0	-58.439597315436245	0.01953488372093004	-0.32361922596754034	0.48716388614408623	0.5295415617239915	1.0	-0.04090541088262878	unweighted_unifrac
-0.04794986185052896	0.596389181178214	0.4308861884982984	1.0	-0.06984569441946253	0.0	-33.30201342281879	-0.2168327160493828	-0.09874117647058833	0.48433515329372845	0.366076072800243	1.0	-0.027669702505431548	unweighted_unifrac
-0.09615015479876132	0.3913951063829788	0.2728418224840632	1.0	-0.037595147234485315	0.0	-59.48322147651007	-0.14766802325581407	0.14237821229050274	0.513937190010232	0.49639289998848335	1.0	-0.06083424822893502	unweighted_unifrac
-0.11130475486573066	0.4256384432088961	0.33372256755366914	1.0	-0.05292412983872352	0.0	-19.043624161073826	-0.35643000000000025	0.10534960784313718	0.47758604737711285	0.5301484749952377	1.0	-0.04647716676592273	unweighted_unifrac
-0.03969814673775085	0.05437888293802551	0.44665418141917046	1.0	0.029282674353656613	0.0	-7.379194630872483	0.04189259259259259	-0.24244608938547518	0.5143968745967642	0.42680180982579896	1.0	-0.07434256612045065	unweighted_unifrac
-0.11173999999999995	0.309313470681458	0.4183343453269005	1.0	0.04387041042151052	0.0	-82.75838926174497	0.2861888888888888	0.00011583011582994018	0.4851515369057814	0.42495650872918744	1.0	-0.08023492865867787	unweighted_unifrac
-0.12020844965568589	0.39527638376383756	0.42888260112191656	1.0	0.008291356752090806	0.0	-20.87248322147651	-0.10796212121212112	-0.26860647619047606	0.4114033726387074	0.48054270374590224	1.0	-0.06690956172990004	unweighted_unifrac
-0.07401707365495303	0.3315872817955111	0.42964082075482	1.0	-0.035770214044513526	0.0	-54.03691275167785	-0.6480555555555554	0.025462439961575267	0.4724914431053323	0.44377424598181736	1.0	-0.09967992248646662	unweighted_unifrac
-0.08932031250000017	-0.20500576631259482	0.3891616871406679	1.0	0.006513834015375641	0.0	-52.90604026845637	-0.07625273437500013	0.09795950506186712	0.476180125894748	0.44001437968161927	1.0	-0.01080330010242414	unweighted_unifrac
-0.14937572772055518	0.33833042105263145	0.4514600899049497	1.0	-0.004866612579817797	0.0	-42.26510067114094	-0.28361724137931055	-0.08461978417266192	0.48705320919683703	0.39942938484382784	1.0	-0.10369219284871578	unweighted_unifrac
-0.14024319727891155	0.544322933241093	0.4495271911094296	1.0	-0.05092446257236549	0.0	-85.76845637583892	-0.162351388888889	-0.05495156950672686	0.3606169545536213	0.3966059961611267	1.0	-0.07694065613925094	unweighted_unifrac
-0.21755248335893507	0.15237714285714277	0.48058978063689717	1.0	-0.010808018729000723	0.0	-58.42617449664429	-0.3307971264367815	-0.10406367041198505	0.4679701969435759	0.38664439867499745	1.0	-0.09203544198880609	unweighted_unifrac
-0.1382079463364294	0.763190909090909	0.48247571953251944	1.0	-0.10128544379390658	0.0	-19.523489932885905	0.1133660493827161	-0.19790514165792272	0.5505918705576972	0.4326886947015667	1.0	-0.04967715922972826	unweighted_unifrac
-0.18895698721581966	0.5364941431670283	0.38782540690849365	1.0	0.014225176281412732	0.0	-70.64429530201342	-0.3707409090909093	-0.4996465116279072	0.40042089411906734	0.4165389032862086	1.0	-0.05753707687285958	unweighted_unifrac
-0.06011973392461201	0.2564536898395722	0.5233884130226436	1.0	-0.06249800194883082	0.0	-28.738255033557046	0.11017592592592573	-0.02676085489313862	0.4626475386686888	0.44515855458224807	1.0	-0.009062422561443073	unweighted_unifrac
-0.11785834146341445	0.36667399577167026	0.4319121323457461	1.0	-0.12978635384074266	0.0	-55.86241610738255	0.035415277777777754	-0.13298687258687236	0.45425751303275763	0.5103083553264562	1.0	-0.11928919838444751	unweighted_unifrac
-0.12982828282828307	0.24033800229621127	0.4675579424827595	1.0	-0.0616800476340158	0.0	-19.26510067114094	0.0618361111111112	-0.28621693989071084	0.44831942356175447	0.5122122226073474	1.0	-0.062468700380664544	unweighted_unifrac
-0.1482204169028274	0.022133333333333227	0.38340640760832356	1.0	-0.07184960830067388	0.0	-43.01006711409396	-0.13851626016260155	-0.42011360799001274	0.4639908306736249	0.48335139471732536	1.0	-0.04078879868002616	unweighted_unifrac
-0.1114292449903842	0.21751484350790218	0.3925696359264884	1.0	-0.05246525549514902	0.0	-36.218120805369125	0.28053571428571433	0.1592837209302327	0.546590464483107	0.528155651581368	1.0	-0.09548408630986449	unweighted_unifrac
-0.1738854166666668	0.48184020270270267	0.45814875673979116	1.0	-0.019737035955983417	0.0	-43.922818791946305	-0.0919831395348838	-0.04638697421981042	0.4206132594007078	0.4558252885571342	1.0	-0.04172188257681553	unweighted_unifrac
-0.1517598824786326	0.30298280226975116	0.5022027612254031	1.0	-0.05874224431877684	0.0	-56.09395973154363	0.06715535714285714	-0.32655905511811034	0.4884225449695416	0.5441214377829147	1.0	-0.0666660869701099	unweighted_unifrac
-0.14994818376068397	0.6186758064516129	0.46808504608997137	1.0	-0.003271767663187042	0.0	-57.493288590604024	0.31481904761904755	-0.39514042553191464	0.46249109896932816	0.48947337931203294	1.0	-0.10642242861645745	unweighted_unifrac
-0.09123071639535718	0.38930645161290334	0.4438523388739384	1.0	-0.09924436713899065	0.0	-20.426174496644297	-0.052919135802468986	0.1741347533632286	0.41532219312055063	0.5434654210029045	1.0	-0.09290233294231864	unweighted_unifrac
-0.30607901746078725	0.49793333333333334	0.48628124588285404	1.0	-0.006977445369865221	0.0	-83.21476510067114	-0.23386419753086396	0.0029408412483037383	0.43420885479863824	0.43932698398962267	1.0	-0.10170121792238551	unweighted_unifrac
-0.18386236193712846	0.3722867513611614	0.42314211646646516	1.0	-0.10071154995866727	0.0	-21.288590604026847	-0.2019621951219508	-0.3937857142857144	0.4848616460293975	0.5549301406396334	1.0	-0.06547015223779562	unweighted_unifrac
-0.17986526371517408	0.012703948942959342	0.4714797980421047	1.0	-0.08910922054329129	0.0	-21.476510067114095	-0.13235740740740742	-0.1585209302325581	0.48954056444456395	0.5346774893686175	1.0	-0.06313516589411128	unweighted_unifrac
-0.10951010233534508	0.6033847100175748	0.3985561582507243	1.0	-0.0826636366291178	0.0	-45.98993288590604	-0.5080287878787884	0.034486274509803794	0.41877885083486366	0.41762841865553024	1.0	-0.0631616253802123	unweighted_unifrac
-0.14718485073118148	0.13008950937375308	0.3554199376530458	1.0	-0.004494008428779006	0.0	-58.16107382550336	0.0300412790697675	-0.4766237430167599	0.4472303944041365	0.5091397013297144	1.0	-0.14192353605358043	unweighted_unifrac
-0.11973523809523812	0.5373730031391699	0.41947676627024966	1.0	-0.03774753159899191	0.0	-58.91275167785235	-0.001458943089430953	-0.08864069912609218	0.4694307663357523	0.475851969010185	1.0	-0.03174094082167689	unweighted_unifrac
-0.0750855602964291	0.4139839323467229	0.4856967337654592	1.0	-0.04887712522525445	0.0	-40.77852348993289	-0.1047726744186046	-0.2151314285714283	0.5245902284712503	0.43531609851613384	1.0	-0.0003856347130106741	unweighted_unifrac
-0.09353424657534237	-0.6561164420485173	0.47017868572237764	1.0	-0.005988111058203849	0.0	-42.31543624161074	-0.45515142857142865	-0.16484680851063827	0.5086551219031719	0.48288717015264715	1.0	-0.07237146140365125	unweighted_unifrac
-0.13081365828890612	0.29707781777900855	0.45813155952260776	1.0	0.011586566418647304	0.0	-58.41275167785235	0.15321111111111096	-0.20857296551724103	0.5378614877106721	0.49723513023828936	1.0	-0.10622117092521521	unweighted_unifrac
-0.1182118986169014	0.6618272727272727	0.3454558851475653	1.0	-0.0470891721758937	0.0	-41.50335570469799	0.21956148148148158	-0.02429387755102086	0.4088144133723387	0.471577906756792	1.0	-0.02690178827960854	unweighted_unifrac
-0.13591043439319295	0.42324545454545437	0.4223412682484874	1.0	-0.11066220749448963	0.0	-42.65771812080537	-0.3204106060606058	-0.023458108108108444	0.5123854787683157	0.49945072204802476	1.0	-0.058586333301799076	unweighted_unifrac
-0.11358674979532712	0.07440410256410279	0.5046000404321657	1.0	-0.109979218095001	0.0	-109.95302013422818	0.2829459302325581	-0.42312653631284913	0.46616673537956776	0.5308660541681904	1.0	-0.020804707440384318	unweighted_unifrac
-0.1252230243902437	0.5316608928571428	0.3371894556157222	1.0	0.011266910484897585	0.0	-89.81879194630872	0.19282530864197533	-0.12806764976958562	0.4306862506881509	0.4624754293695492	1.0	-0.044013708220512315	unweighted_unifrac
-0.09775833114668053	0.35602561576354685	0.40385828937746127	1.0	-0.10224920367510726	0.0	-32.26510067114094	0.13103765432098768	-0.04364955156950656	0.4882716878187062	0.49902562804715944	1.0	-0.019838222604529943	unweighted_unifrac
-0.16948130500959535	0.35656441234405745	0.47725051203339164	1.0	-0.007131567403918959	0.0	-22.36241610738255	0.03780988372093008	0.006498860103626547	0.5330506526081895	0.4557966567497054	1.0	-0.02725401017907636	unweighted_unifrac
-0.1146486453427924	0.5440555555555556	0.3033870080893999	1.0	-0.11304201165375471	0.0	-51.83221476510067	-0.10922571428571426	0.17244680851063843	0.48589023891666905	0.4795163233521401	1.0	-0.04887298314003252	unweighted_unifrac
-0.10037045940170963	0.49710278884462145	0.4589917532852591	1.0	-0.12935924168944646	0.0	-59.580536912751676	-0.12406428571428574	-0.09468638920134986	0.4886447308840771	0.5491423353384275	1.0	-0.021854373915541014	unweighted_unifrac
-0.16948154802006132	-0.06008633093525151	0.30170277313727634	1.0	-0.059471646172000625	0.0	-70.43959731543625	-0.2771958333333331	-0.239227450980392	0.5218766579595482	0.40447318101216356	1.0	-0.03223875492815087	unweighted_unifrac
-0.11583364931808426	0.04810055865921814	0.3969559280642545	1.0	-0.08752950129610548	0.0	-30.08053691275168	0.13173714285714277	0.20528585485854833	0.5351572386097432	0.4773582939023202	1.0	-0.01983882211865695	unweighted_unifrac
-0.026040331196581334	0.6291461041170465	0.45573639793256226	1.0	-0.05718472340897285	0.0	-53.37248322147651	-0.1559337662337661	-0.05744100268576591	0.572685324364905	0.47179189339491945	1.0	-0.06573300930155623	unweighted_unifrac
-0.1070202623806582	0.3682144642857139	0.30388350459710445	1.0	-0.0283292036702385	0.0	-54.788590604026844	0.04998333333333316	-0.15277430051813523	0.46705385159267787	0.5047861639509641	1.0	-0.1228914882749641	unweighted_unifrac
-0.14129727564102557	-1.8980812641083515	0.3597705790181811	1.0	-0.097529362203151	0.0	-54.758389261744966	0.011015555555555556	-0.23436797520661168	0.5175329250536891	0.41354737911736583	1.0	0.00973140647657289	unweighted_unifrac
-0.10669743780631569	-0.13424037929672017	0.4639981339670236	1.0	-0.011897404642116749	0.0	-56.98993288590604	-0.18508888888888908	-0.13121995515695062	0.5093886322699334	0.49832897298350065	1.0	-0.0026970599997235833	unweighted_unifrac
-0.20141601849905366	0.08804302788844631	0.3770928241999354	1.0	-0.1393479714807493	0.0	-29.697986577181208	0.1135208333333334	0.0037485714285714344	0.45072168419446723	0.44630189072240445	1.0	0.03290269709691862	unweighted_unifrac
-0.1534965727341968	0.04885459480418752	0.34897296298656444	1.0	-0.0874484187422182	0.0	-22.681208053691275	0.009038372093023272	-0.20311322869955162	0.45561584736518246	0.34854092640516576	1.0	-0.07588741008096389	unweighted_unifrac
-0.18748157051282055	0.6608009943181818	0.48117488620154214	1.0	-0.041389507466705	0.0	-57.88926174496644	-0.12740694444444434	-0.0053586633663369465	0.47088098455698457	0.5495418465414477	1.0	-0.09813902355272708	unweighted_unifrac
-0.18834857142857153	0.40868085106382956	0.41037666843404585	1.0	-0.07746737094642775	0.0	-105.49664429530202	0.41167857142857134	-0.029700271493213082	0.42633702241346705	0.5168494076868922	1.0	0.045017218924937485	unweighted_unifrac
-0.06647274999999997	0.6389122302158274	0.4146645867347394	1.0	-0.0951769951583159	0.0	-42.76845637583892	0.4110208333333334	-0.3044748175182481	0.4590954310399622	0.4883015929830742	1.0	-0.059026554466640846	unweighted_unifrac
-0.14001655982905992	0.18203206521739168	0.5165242123510386	1.0	-0.046723445769384586	0.0	-58.59395973154363	-0.6277499999999998	0.08366386138613846	0.4747515491516867	0.4591933933430409	1.0	-0.0609530810953649	unweighted_unifrac
-0.16177786377708947	0.4078300527240776	0.4739098773082795	1.0	-0.055045859159869925	0.0	-56.946308724832214	0.3281343023255813	0.1348130165289254	0.4662327300139737	0.4486287269379122	1.0	-0.057244628199482506	unweighted_unifrac
-0.11246624999999999	0.5801914691943129	0.4770442659159053	1.0	-0.07458466717041867	0.0	-19.86241610738255	-0.26029242424242427	0.009796078431372535	0.42659214593522177	0.4892618110253808	1.0	-0.10483720065375768	unweighted_unifrac
-0.09237985573423346	0.5377574074074072	0.4618300750668338	1.0	-0.013125817531306039	0.0	-41.34563758389262	-0.24163931623931623	-0.6142744094488191	0.3501816185084672	0.409874611784684	1.0	-0.05296733370398621	unweighted_unifrac
-0.059989583333333485	0.4687250549450549	0.4162287977648733	1.0	-0.07094490121331831	0.0	-40.899328859060404	0.1415515151515152	-0.14089787234042528	0.4757126493325573	0.5438613938499157	1.0	-0.017906945375627092	unweighted_unifrac
-0.14124999999999988	0.3409951073389915	0.4930407650001515	1.0	-0.08616912217765038	0.0	-54.01677852348993	0.5049357142857143	-0.1366235294117648	0.5510150795369941	0.44743364284763254	1.0	-0.10544373128956597	unweighted_unifrac
-0.24053831120695457	0.2957514438502675	0.49544066440540835	1.0	-0.048830598378022616	0.0	-59.17785234899329	-0.07388604651162778	-0.14368993902439042	0.5503320537376244	0.4040837212461793	1.0	-0.15137573509799007	unweighted_unifrac
-0.054369162342475796	0.37141007194244613	0.42571253209457205	1.0	-0.10232105243705547	0.0	-19.788590604026847	-0.3469321138211381	0.11360848938826462	0.43754162907597216	0.34769597395612706	1.0	-0.009151913129359812	unweighted_unifrac
-0.15830675954592377	-0.04526846394984374	0.44379493524329283	1.0	-0.0336941022846835	0.0	-69.28523489932886	0.2965157142857142	-0.4141338842975206	0.47776006731914766	0.4547212035316135	1.0	-0.12485080783910663	unweighted_unifrac
-0.09682739938080487	0.6456598639455782	0.40158027847632716	1.0	-0.15112333334701922	0.0	-39.32214765100671	0.13222816091954015	-0.9006683026584867	0.4122439744666805	0.39244040961730653	1.0	-0.010279823349401251	unweighted_unifrac
-0.1396532728896216	0.09408422996998378	0.4292787561662391	1.0	-0.08302797656917882	0.0	-92.17785234899328	0.12505654761904772	-0.07235279931093919	0.50295823254635	0.5038043387214709	1.0	-0.10591069052841195	unweighted_unifrac
-0.12189957264957285	0.2161077253218885	0.4097082359427029	1.0	-0.08093087967032231	0.0	-40.76510067114094	-0.9929850649350651	-0.27503594009983345	0.32095605344182965	0.5418910633535735	1.0	-0.11428410081852158	unweighted_unifrac
-0.17631604747162033	-1.4847259259259262	0.38548006537250223	1.0	-0.05371294995545206	0.0	-56.79865771812081	0.04291011904761899	-0.5604346994535521	0.4463599477212984	0.3969299019469674	1.0	-0.0370966803389714	unweighted_unifrac
-0.11727296181630553	0.11822804054054015	0.4870090770601049	1.0	-0.08563584454878392	0.0	-43.52348993288591	-0.8804569767441861	-0.2752847107438017	0.4865137678785115	0.43571282568360736	1.0	-0.0628851636850567	unweighted_unifrac
-0.08140847930946982	0.4697134715025909	0.376210060370724	1.0	-0.10302679936686854	0.0	-69.06040268456375	0.023277142857142996	-0.2685175891758922	0.4409305685965109	0.5354622667775807	1.0	-0.01874118790412349	unweighted_unifrac
-0.07711326109391115	0.3111774096385542	0.349704603462088	1.0	-0.08535579263579596	0.0	-45.63758389261745	0.07373273809523828	0.0915178852643419	0.48742391271793295	0.4062520996866944	1.0	-0.05702018791323882	unweighted_unifrac
-0.11752687782805449	-0.06314649681528661	0.3632182404604164	1.0	-0.11275156027082	0.0	-45.77852348993289	-0.4183077922077918	-0.11743501742160212	0.4292416017102626	0.4990548323745132	1.0	-0.0049822961391525755	unweighted_unifrac
-0.13646350340811297	0.43147402234636845	0.4924688258189447	1.0	-0.11757021189237715	0.0	-44.12080536912752	0.16095555555555552	-0.034968627450980394	0.5221095624662396	0.5027323544607791	1.0	-0.07666335444410932	unweighted_unifrac
-0.1735548589341691	0.344307724425887	0.41481278647542186	1.0	-0.07312732523749088	0.0	-11.781879194630873	0.14527992424242442	0.07029938016528914	0.4215826331513691	0.45748134785163663	1.0	-0.06621539698483914	unweighted_unifrac
-0.2302884837962964	0.10700509090909072	0.40578366787706854	1.0	-0.0491974440521632	0.0	-18.003355704697988	0.5506333333333333	-0.05411233183856545	0.4637672500008072	0.4431268613519914	1.0	-0.17327158980752655	unweighted_unifrac
-0.09733978534648546	0.1528987034035657	0.4509722452925248	1.0	-0.02485870355708042	0.0	-44.87248322147651	-0.5678958333333335	-0.228077898909812	0.3977239743615332	0.4791958369671341	1.0	-0.11380598319115243	unweighted_unifrac
-0.12000352667044512	0.18238918918918912	0.4796560747709757	1.0	-0.01962517763406635	0.0	-41.31543624161074	-0.21337189781021926	0.053263489208633	0.36485645820827584	0.41461715578389036	1.0	-0.019333766234632233	unweighted_unifrac
-0.08756870773621195	0.24122599194939587	0.3816049673945551	1.0	-0.045702022135248654	0.0	-72.6744966442953	-0.07309843749999989	-0.38379306358381404	0.4521964468819112	0.5015493676347822	1.0	-0.14758552889066756	unweighted_unifrac
-0.23488623751387339	0.4658409742120342	0.39130555444350035	1.0	-0.12725273804753523	0.0	-71.37919463087249	-0.10877777777777808	-0.04880851063829783	0.47238773494743547	0.5207755087765564	1.0	-0.05551498484387496	unweighted_unifrac
-0.11315066553384323	0.3879965217391306	0.47812754200351326	1.0	-0.1470169796076528	0.0	-75.36241610738254	-0.3169738095238095	-0.4115434194341949	0.4702627386445991	0.4148959154838192	1.0	-0.07844336809783181	unweighted_unifrac
-0.10721898790864293	0.32123154929577435	0.40324112391255973	1.0	-0.08329422989474278	0.0	-41.060402684563755	-0.2575805194805192	0.06553725490196083	0.5152296452417406	0.43751531807544053	1.0	-0.03535406194141455	unweighted_unifrac
-0.26022776174232476	0.1228237410071944	0.5591705730776095	1.0	-0.11510003094893673	0.0	-43.70134228187919	-0.34439090909090897	-0.18221740932642527	0.49006686878620387	0.4811657188685281	1.0	-0.01894849472583937	unweighted_unifrac
-0.1786706901075834	0.271463399503722	0.4123016344213247	1.0	-0.059731200635244175	0.0	-43.63422818791946	0.20635972222222232	-0.20789531250000026	0.41339176353278784	0.4780293640194222	1.0	-0.056585558090493926	unweighted_unifrac
-0.13136602475018178	-0.017171290322580246	0.4617443247658458	1.0	-0.0814232003722637	0.0	-15.302013422818792	-0.5131159090909092	0.03571698841698845	0.5246450840800486	0.6006178868991257	1.0	-0.06820879944601832	unweighted_unifrac
-0.23834329683338273	0.03978083832335322	0.17512578072238838	1.0	-0.09961080422449631	0.0	-44.26845637583892	0.07059320987654316	-0.21954010362694332	0.37040267324645737	0.12189938591226179	1.0	-0.03218483572928421	weighted_unifrac
-0.019526442307692404	-0.24826754556029518	0.31568673718939144	1.0	-0.08889535207091126	0.0	-62.513422818791945	-0.02135406976744214	0.027765289256198034	0.3684379108999757	0.32442325801238414	1.0	-0.21735679771771022	weighted_unifrac
-0.04326172986566057	-0.289216796640672	0.22991276784994896	1.0	-0.09671010133399727	0.0	-21.58724832214765	-0.8728848484848488	-0.40714786206896525	0.29582926344401217	0.1978647484274595	1.0	-0.0344626524431586	weighted_unifrac
0.021237995276830346	-0.13877276536312877	0.19183951027163926	1.0	-0.05327594210771469	0.0	-54.64093959731544	-0.697686111111111	-0.5767684375	0.36863014729587407	0.3260613052339024	1.0	-0.08293121181027918	weighted_unifrac
-0.1550162538699691	-0.26034036363636415	0.34233664797622143	1.0	-0.06395078016215794	0.0	-55.18791946308725	-0.06533333333333324	-0.12369480198019844	0.23740750212793826	0.3018400598620864	1.0	-0.04317368716957781	weighted_unifrac
-0.08805120327700955	0.22116018041237107	0.14470019049925276	1.0	-0.03256824317097906	0.0	-99.30872483221476	-0.9256106060606064	0.28752134831460674	0.28310788487933203	0.26028383904852015	1.0	0.03705153198763911	weighted_unifrac
-0.04791533119658142	-0.05917538461538441	0.3174092114646341	1.0	-0.11146298581628766	0.0	-52.261744966442954	-2.839875	0.15751061151079127	0.23400608852271654	0.2906090979424826	1.0	-0.0470938049843046	weighted_unifrac
-0.1027925170068027	-0.6038938848920865	0.2253482872170215	1.0	-0.040783910107750954	0.0	-71.63422818791946	-0.5594784722222219	-0.02417364341085282	0.3148069028415553	0.32704634620048423	1.0	-0.030426122024654667	weighted_unifrac
-0.13191047471620254	0.0015339410939692044	0.2413670078186474	1.0	-0.03213200710469333	0.0	-42.785234899328856	-0.18898197674418604	-0.3018771535580522	0.3309558076681869	0.31700399796115775	1.0	-0.07557820552756778	weighted_unifrac
-0.009016749999999796	-0.09186067219554794	0.23167544200375867	1.0	-0.110699461917527	0.0	-39.5	-2.4261375	0.15568474903474894	0.28704695539601544	0.14175377396142408	1.0	-0.08948158273102624	weighted_unifrac
-0.09118618201997775	-0.3132636363636363	0.1717809473228583	1.0	0.02738714524340069	0.0	-78.97986577181209	-0.48395833333333305	-0.6965445454545462	0.16720600462371238	0.20854405371123463	1.0	-0.016341357675657253	weighted_unifrac
-0.21837567084078713	-0.5619286783042394	0.200399274855816	1.0	-0.04340137115269749	0.0	-56.29194630872483	-0.16838571428571414	0.12817997750281207	0.28255258506603076	0.2521746555243861	1.0	-0.035715051265079456	weighted_unifrac
0.013594169246646026	0.09410389197776059	0.1548160976452504	1.0	-0.14510692787103863	0.0	-73.25167785234899	-0.09000432098765443	-0.3289150344827587	0.24665073877300214	0.36620068189239274	1.0	-0.0646737486928084	weighted_unifrac
-0.02646052297537449	-0.5041520000000004	0.41348021381106537	1.0	-0.10105429754881667	0.0	-43.738255033557046	-0.5061055555555556	0.10804910071942442	0.29863628424078914	0.2518021156813818	1.0	-0.0766536451260893	weighted_unifrac
0.006195481086570087	0.019792070484581425	0.08530180891967865	1.0	-0.08049025948135013	0.0	-34.23154362416108	0.006135057471264305	0.04466636771300403	0.29993279722373545	0.30478535100654947	1.0	-0.14038811234420723	weighted_unifrac
-0.019530796720621968	-0.7442941176470586	0.2858743381343666	1.0	-0.09202412510192559	0.0	-10.221476510067115	-0.3176888888888889	0.06351586051743507	0.3226529913023334	0.272990657909544	1.0	-0.06244381075806116	weighted_unifrac
0.007258930771125827	-0.15726615506747854	0.32383996196960985	1.0	-0.0059124527606282395	0.0	-20.02013422818792	-2.383	-0.09506549222797966	0.2332777928027865	0.29347602217103386	1.0	-0.05896768471927816	weighted_unifrac
-0.15425136464721345	-0.40256000000000003	0.2863199337804929	1.0	-0.07284860410391536	0.0	-24.825503355704697	-0.38184702380952373	0.03135686274509808	0.2617477631315681	0.19936221316507563	1.0	-0.06782432586458298	weighted_unifrac
-0.07151583739837375	0.18693932584269657	0.35200623914141205	1.0	-0.17911186563941262	0.0	-40.788590604026844	-1.5353954545454545	0.0496038116591927	0.29816789057362303	0.2973302133342641	1.0	-0.07020230871033095	weighted_unifrac
-0.012973528455284544	0.001528528072838209	0.27508325690001156	1.0	-0.04286153364297296	0.0	-98.22147651006712	-0.27160000000000006	-0.11150000000000038	0.18617648291278466	0.2899154776546159	1.0	-0.05350665883963979	weighted_unifrac
-0.012154052843707852	-0.007327522935779873	0.27567051557596745	1.0	-0.015830455778023778	0.0	-22.503355704697988	0.025727343750000076	0.01814468085106402	0.31024083357472243	0.1979437762123284	1.0	-0.09222145371917545	weighted_unifrac
-0.0015455699416098145	0.04341669626998235	0.15470769677525942	1.0	-0.07682758356199226	0.0	-90.1241610738255	-0.7049279761904763	0.13670361990950208	0.24134045929770354	0.2878659403660597	1.0	-0.09829070987178734	weighted_unifrac
-0.0016796116504853575	0.08570285714285697	0.1611100157966835	1.0	-0.034675412400680505	0.0	-26.197986577181208	-0.3466006944444444	0.07075040723981896	0.31549167793287813	0.2941080732902447	1.0	0.032326303487218544	weighted_unifrac
-0.014449713423831057	-0.04379154929577456	0.1541623751250507	1.0	-0.0639799732426527	0.0	-72.64093959731544	-0.1504231707317072	0.15347419689119157	0.27087194886278754	0.27961356496492884	1.0	-0.005034346336611817	weighted_unifrac
0.014657931308318495	-0.7477938650306746	0.13216611917589194	1.0	-0.05671279738733581	0.0	-28.91946308724832	-0.4787267857142856	0.019528237410072036	0.3124877787720224	0.30142613147615893	1.0	-0.11297045133291905	weighted_unifrac
-0.057906321732117405	-0.44552897701667415	0.2841273233547148	1.0	-0.011625045837435621	0.0	-10.164429530201343	-0.7298272727272728	0.20197017937219686	0.14068522123133442	0.3068572464613314	1.0	-0.054488436321241895	weighted_unifrac
0.035103457172342645	-4.610838775510201	0.3755821090794603	1.0	-0.07012273660819113	0.0	-29.802013422818792	-0.18386220930232566	-0.34447878245299957	0.2955629506574654	0.3207362811916037	1.0	-0.020227420022159492	weighted_unifrac
0.00460650987263278	-0.12669152542372863	0.20790249498334445	1.0	-0.15910675259155815	0.0	-20.083892617449663	-0.20391264367816087	-0.36497022094140275	0.2806508915363918	0.30209550070521596	1.0	-0.13588882955683856	weighted_unifrac
-0.06428661827656801	-0.10673575447570371	0.20093345257394268	1.0	-0.10569628253804852	0.0	-46.73154362416108	0.010516049382716108	0.12766423357664247	0.16909168244919148	0.33268093573496327	1.0	-0.06478208022946386	weighted_unifrac
-0.06855116820958473	-0.26572881002087656	0.3865747204901322	1.0	-0.09636438175461515	0.0	-52.560402684563755	-0.06900617283950594	-0.17319889655172416	0.3372970405080655	0.12796761738251472	1.0	-0.07884021952639131	weighted_unifrac
-0.01300680272108834	-0.19801615452151045	0.2421445478452251	1.0	-0.033774991989930836	0.0	-58.241610738255034	-0.6343847222222221	-0.03466157718120799	0.3031010927703871	0.27280866765974676	1.0	-0.08793511818252364	weighted_unifrac
0.037936237208082146	-0.03558791208791212	0.2553463847831461	1.0	-0.04656707051313025	0.0	-27.838926174496645	-0.2757892857142856	0.14479979338842985	0.24970450021355228	0.2541124013464584	1.0	-0.0980891196626783	weighted_unifrac
-0.016301999999999817	0.14105064485687346	0.14563177153088902	1.0	-0.090140857660848	0.0	-49.09060402684564	-0.05217151162790712	-0.037784062196307255	0.32470302250609195	0.3675326637289863	1.0	-0.05648595031316761	weighted_unifrac
-0.032932249999999774	0.056741935483871186	0.24785334437523188	1.0	-0.18926035493752535	0.0	-69.24832214765101	-0.32792521367521377	-0.03161332116788351	0.2566355437876511	0.3481988856656779	1.0	0.014330052073969646	weighted_unifrac
-0.09148461788617879	0.007937209302325554	0.325385737150642	1.0	-0.04506490460080559	0.0	-45.70134228187919	-0.6609728571428573	-0.24336595744680833	0.2701621255508788	0.3086250626784911	1.0	-0.08642045831949519	weighted_unifrac
0.02775901341060716	-0.19165155855096838	0.26033949441511894	1.0	-0.033966602966361226	0.0	-36.711409395973156	-2.5298800000000004	0.08451897810218967	0.37442040672414634	0.1904121660390241	1.0	-0.18911533078441956	weighted_unifrac
-0.04284306479428435	-0.06443510638297867	0.2899149366801812	1.0	-0.11939381749588529	0.0	-56.09395973154363	-0.7243828571428574	-0.006765695067264765	0.23170987006818167	0.2534030281717231	1.0	-0.09658215261551573	weighted_unifrac
-0.1444280611901072	-0.058713043478260785	0.25566081025456744	1.0	-0.11876182796927881	0.0	-20.486577181208055	0.12283863636363623	0.11039652509652487	0.3090471244050984	0.22663707698275015	1.0	-0.06261105130584088	weighted_unifrac
0.05847285811774916	-0.08221749049429672	0.20698412603156202	1.0	-0.007528245049837512	0.0	-56.57046979865772	-0.1050331168831169	0.02555361990950189	0.26533674262486895	0.2963876112780448	1.0	-0.10881644427035764	weighted_unifrac
0.03240565811555962	-0.1334207116303774	0.12871653902161972	1.0	-0.14466746428475452	0.0	-71.57718120805369	-0.44695972222222213	0.2822827868852459	0.3408501118056587	0.2650799912556929	1.0	-0.09215089367919682	weighted_unifrac
-0.16584124999999994	-0.6957294964028775	0.18785902119139541	1.0	-0.021391617085901204	0.0	-12.359060402684564	-1.7012742424242422	-0.040143497757847646	0.22025498949286315	0.2986576161515887	1.0	-0.1840861639409923	weighted_unifrac
0.0012210884353740514	0.1297790540540541	0.2647643709547812	1.0	-0.04205877733103591	0.0	-31.674496644295303	-0.47781000000000007	-0.1890382978723404	0.17124128446095754	0.27864093477816354	1.0	0.024089305006563366	weighted_unifrac
-0.0663485389951648	-2.86168	0.2586064831382999	1.0	-0.04046241811722995	0.0	-43.93624161073826	-0.9006242857142859	-0.07211660583941626	0.2867203203319686	0.2684387947637612	1.0	-0.03964724868690506	weighted_unifrac
-0.031018786494034112	-0.16895626134301245	0.2729239950527169	1.0	-0.12731037315817706	0.0	-66.47651006711409	-0.8531876623376617	-0.2643862804878052	0.23609893530228498	0.24366715493387725	1.0	-0.07783623688869157	weighted_unifrac
-0.04713468577455182	-0.360493567251462	0.2356239659318743	1.0	-0.0031406286095920777	0.0	-29.590604026845636	-0.26303703703703674	0.002819506726457255	0.2851878248839561	0.295426031174133	1.0	-0.12080987138308386	weighted_unifrac
-0.033923116615067084	-0.3289451697127941	0.20832252077338675	1.0	-0.07031931260425717	0.0	-76.96308724832215	0.010055468749999963	-0.055126095238094974	0.3029719585415078	0.19742655426107092	1.0	-0.042586785488542445	weighted_unifrac
-0.0005372329671811116	0.15336583831393535	0.24888252742603978	1.0	-0.13026795987447293	0.0	-44.72147651006711	-0.8417181818181818	-0.004126079136690608	0.3563450546014346	0.2774826761201734	1.0	-0.038164723326227445	weighted_unifrac
-0.05136380952380959	-1.1342790352504633	0.16013333368436	1.0	-0.08154377544973879	0.0	-20.073825503355703	-0.3035287356321841	-0.04273379888268192	0.28749920227267833	0.317522934852037	1.0	-0.040596224233335754	weighted_unifrac
0.002901360544217746	-0.38228141891891876	0.28213631072361667	1.0	-0.09747158325922056	0.0	-49.30201342281879	-0.0045320987654318134	-0.05975874316939911	0.2936887364069847	0.32556839810658356	1.0	-0.13023863419615633	weighted_unifrac
-0.03558415841584206	-0.19378537859007805	0.2474097457025337	1.0	-0.026254903711796063	0.0	-50.22818791946309	-0.6253298611111109	-0.058179896373057094	0.20179608068831878	0.26251848125965205	1.0	-0.08047783808963627	weighted_unifrac
-0.013306995185499826	0.0787535714285712	0.17301616940411246	1.0	-0.08263089171866977	0.0	-21.56711409395973	-1.3115750000000004	0.04469078014184458	0.31252206010860606	0.26743631093173736	1.0	-0.20416504427327253	weighted_unifrac
-0.05263130938742533	0.03983178571428536	0.18536975979443893	1.0	-0.09274467380871854	0.0	-41.355704697986575	-0.04127023809523789	-0.3906407619047616	0.2779987354555433	0.34257709402122394	1.0	-0.05510887353288907	weighted_unifrac
-0.11800571428571427	-0.200459563085154	0.22657654077635558	1.0	-0.039344795131109	0.0	-51.5	-0.34042901234567924	0.053674380165288915	0.24786762142395247	0.2925690163470118	1.0	-0.04005582992252554	weighted_unifrac
0.040570506855263866	0.10077492836676194	0.2767317710092556	1.0	-0.04275645091533864	0.0	-21.02013422818792	0.024709999999999788	0.13335289017341045	0.1923798807242284	0.23264832499612387	1.0	0.03888554732106608	weighted_unifrac
-0.018396929389186578	-0.05775753846153853	0.31278875796131156	1.0	-0.06744567689295078	0.0	-55.97986577181208	-0.21426453488372088	-0.21634120541205415	0.14922069913609615	0.268446453499135	1.0	-0.09397712187131901	weighted_unifrac
0.013310417213329928	0.07703480519480521	0.3028689967274558	1.0	-0.16342070399121256	0.0	-20.953020134228186	-0.020139453124999873	-0.18367221597300354	0.2802541232607231	0.23644261772761943	1.0	-0.012820423443828055	weighted_unifrac
-0.009992325203251884	-0.07364213406292741	0.22598897643912264	1.0	-0.03632399689846877	0.0	-43.38255033557047	-0.6083030303030303	-0.1728169117647067	0.2812184506286415	0.2892355038621618	1.0	-0.05701396044564877	weighted_unifrac
-0.017514956861263142	-0.40954359925788486	0.252626951068183	1.0	-0.04091894448025912	0.0	-19.828859060402685	-0.10770632183908058	-0.520351172413793	0.2620960237574069	0.3230369276167402	1.0	-0.10588437554182817	weighted_unifrac
0.012799187611068574	-0.6261410071942441	0.23277810910389984	1.0	-0.07764697617550098	0.0	-44.82214765100671	-0.31738194444444434	-0.07333489655172398	0.3606803995651714	0.2570172492884084	1.0	-0.008771605088431444	weighted_unifrac
-0.03156231960115452	0.12575610795454517	0.2093196958115816	1.0	-0.11045058900718607	0.0	-42.533557046979865	-0.2247083333333333	-0.13238031088082924	0.3302714371076617	0.30820066464055007	1.0	-0.052337164984301854	weighted_unifrac
-0.10975063414634145	-0.03774934725848533	0.2795019451121392	1.0	-0.18175211890334642	0.0	-12.473154362416107	0.000599218750000019	0.2766375129533676	0.29966636943661396	0.18965115322345993	1.0	-0.014979137939117093	weighted_unifrac
-0.024220750000000235	-0.20126026905829608	0.22954189425725435	1.0	-0.07716789993856876	0.0	-63.21140939597315	-0.6042171428571432	-0.30184140624999944	0.24943935293067376	0.29735521288631395	1.0	-0.07098942229430505	weighted_unifrac
-0.013461593495934787	0.03807727272727246	0.3154260850954197	1.0	-0.1101136501243376	0.0	-41.869127516778526	-0.7023847222222224	-0.1346954751131224	0.21933615432392806	0.2945318140582298	1.0	-0.052334291839669866	weighted_unifrac
-0.11288299186991857	-0.6157825084745765	0.20080904300491986	1.0	0.00907974205127704	0.0	-30.51006711409396	-0.7523393939393941	-0.029237916666666308	0.3398662515405557	0.34768619901297004	1.0	-0.06125975612682866	weighted_unifrac
-0.033892619311875816	0.08417820512820517	0.22904066727189376	1.0	-0.09362574636672827	0.0	-73.8255033557047	0.04775574712643682	0.05939564766839345	0.28813840138752467	0.2503827430942168	1.0	-0.0710187103992812	weighted_unifrac
-0.041961836387681695	-0.09305992469069402	0.19601647834338698	1.0	-0.10218942196940861	0.0	-84.48322147651007	-0.17539017094017084	-0.3304037499999999	0.33560087031711594	0.44703374173324995	1.0	-0.08222420358161853	weighted_unifrac
-0.046668269230769166	-0.05766774716369527	0.24974213786831134	1.0	-0.09645512907041853	0.0	-21.788590604026847	-0.11987988505747138	-0.1725799775028125	0.3089923453273705	0.16400561111962197	1.0	-0.07931936875626411	weighted_unifrac
-0.010886986993732917	-0.7807494736842109	0.22463464532612054	1.0	-0.11329908067716166	0.0	-22.681208053691275	-0.2357764957264954	-0.020943715846994948	0.2809418548732886	0.31014263705317113	1.0	-0.04607728243167486	weighted_unifrac
0.04898426212590312	-0.014470382312298913	0.30041660204272946	1.0	-0.030061580394671328	0.0	-47.033557046979865	-0.8368854166666668	-0.827385956416465	0.37657178457848917	0.27641850661984346	1.0	-0.030330055092246733	weighted_unifrac
-0.0815630569105692	0.04727194244604327	0.1570440978735348	1.0	-0.10163943779558693	0.0	-12.805369127516778	-0.29794999999999994	0.11326787709497177	0.2668441617742986	0.23131466144840795	1.0	-0.06603554109681364	weighted_unifrac
0.05560871544715462	-0.1363197640117999	0.02216117577448984	1.0	-0.09293312363954942	0.0	-25.721476510067113	-0.23878418803418833	0.10078930635838124	0.279673204062836	0.2605536704956074	1.0	-0.05308606786010084	weighted_unifrac
-0.011935452081793585	-0.28958229948636927	0.2533446638652722	1.0	-0.03952666970566665	0.0	-30.399328859060404	-0.16312530864197505	-0.5791192307692308	0.3568379531254344	0.31848226873286656	1.0	-0.09509488327577986	weighted_unifrac
-0.026641382868937136	-0.08992317765168023	0.26864131276172964	1.0	-0.05162415203723336	0.0	-50.92617449664429	-0.8666944444444449	0.2844540358744395	0.2935849664291005	0.19143292918631716	1.0	-0.08134381715732508	weighted_unifrac
0.0047027164254884735	0.015096520097113486	0.22857519565424922	1.0	-0.15201705644166896	0.0	-61.328859060402685	-0.3510142857142857	-0.3003962427745659	0.22895074201510968	0.31002580375396616	1.0	-0.0549431576071262	weighted_unifrac
0.020122649774243606	-0.5391311884438614	0.26436632220500744	1.0	-0.0016827211754244509	0.0	-57.869127516778526	-1.02589	0.2266293388429752	0.30344271985962945	0.3363949684515497	1.0	-0.045843906987605765	weighted_unifrac
-0.13523399897593436	-0.04859833333333352	0.22583751541752395	1.0	-0.12471534890720215	0.0	-34.20469798657718	-0.384697222222222	-0.2875759280089991	0.1938646638050776	0.1375329106519133	1.0	-0.12395389006269109	weighted_unifrac
-0.1396995539228547	-0.051185355932203525	0.33716765362898937	1.0	-0.057758015233843496	0.0	-93.20469798657719	-0.3781805555555553	0.013299437570303385	0.3487447325756603	0.2110979285440584	1.0	-0.04203407999446407	weighted_unifrac
0.04073574999999996	-0.0042470223325061784	0.31532782542283344	1.0	-0.0781005616667314	0.0	-19.701342281879196	-0.5169970238095238	-0.42983216216216236	0.33743541517043263	0.33267943719007464	1.0	-0.016193489145331474	weighted_unifrac
-0.026390350877192992	-0.25411959459459443	0.24601475765519176	1.0	-0.04528018417517776	0.0	-58.26845637583892	-0.012916666666666687	0.06163985148514839	0.3178859662178759	0.092070799778047	1.0	-0.004244016984717991	weighted_unifrac
-0.009653750000000016	0.01039766081871385	0.1293709866089211	1.0	-0.05797490738466182	0.0	-41.43624161073826	0.020908720930232327	-0.42773324022346415	0.2067296207495125	0.26036039210962836	1.0	-0.08670693265869667	weighted_unifrac
-0.01260100663463759	-0.18266384439359262	0.26978135627792643	1.0	-0.010917454209788957	0.0	-43.95973154362416	-0.17858394160583968	-0.051537375565611	0.4189369998371012	0.2948609572961749	1.0	-0.08740628324412736	weighted_unifrac
0.027721688034187952	-0.49431090047393367	0.16471360276981817	1.0	-0.08715742694285367	0.0	-27.13422818791946	-0.12830416666666666	-0.0849392561983473	0.28281838354978794	0.3979954862658108	1.0	-0.10191555587467716	weighted_unifrac
-0.008655862026787364	-2.8250557522123896	0.1099151469644597	1.0	-0.09815452197938312	0.0	-44.80201342281879	-1.4106485714285717	-0.2722602329450914	0.27251066910868427	0.34290396724500716	1.0	-0.1431954443244321	weighted_unifrac
0.0056499111449602735	0.2032374207188158	0.22930422281824692	1.0	-0.06020847415753017	0.0	-19.996644295302012	-0.6528636363636362	-0.01596014760147657	0.235354393042558	0.35212923439820676	1.0	-0.03812651760537844	weighted_unifrac
-0.021795269222993463	-0.14952191780821922	0.2416544406942952	1.0	-0.10563768771079074	0.0	-42.16442953020134	-0.48158148148148117	-0.07739910071942435	0.3365731977163532	0.24150810663643751	1.0	-0.07549997924046647	weighted_unifrac
0.0039256171001259554	-0.17818264840182652	0.19428706173404897	1.0	-0.029398466579001248	0.0	-78.92953020134229	-0.19578197674418596	0.08414242424242435	0.2711841108456896	0.3639262479312634	1.0	-0.11480597383702995	weighted_unifrac
-0.02311790505675937	-0.2068103050847454	0.20612045991941963	1.0	-0.014748591123294297	0.0	-43.714765100671144	-0.16645697674418614	0.07236669683257912	0.33448066545437183	0.2259693586236471	1.0	-0.07194649804128361	weighted_unifrac
-0.023072713794730193	-0.05203704663212427	0.27013831733412486	1.0	-0.039864520689287586	0.0	-73.7248322147651	-0.2548866279069768	0.0940140495867765	0.16408495069655948	0.24500849286591464	1.0	-0.062483774187721774	weighted_unifrac
-0.0017477802441732138	0.1310589716684153	0.22245516300831392	1.0	0.019502041445648266	0.0	-44.46308724832215	-2.3244444444444445	0.11812123552123566	0.2615008954925093	0.3193383056777188	1.0	-0.0572447178254023	weighted_unifrac
-0.023322487536079572	-0.6601713628522143	0.25141611634390004	1.0	-0.09171422918574001	0.0	-31.694630872483224	-1.1507185714285715	-0.6598906666666662	0.3613135944929651	0.3000005382042775	1.0	-0.1252188969835284	weighted_unifrac
-0.17128706717963893	0.016176623376623178	0.1792646372322374	1.0	0.0018673174667550585	0.0	-44.83221476510067	-1.5085861111111112	-0.08969381327334114	0.3151882683704408	0.3199038072113065	1.0	-0.05493427665235329	weighted_unifrac
0.0018082264957264282	0.1942796296296294	0.2655257124398216	1.0	-0.1179167863590147	0.0	-56.22818791946309	-1.718385	0.00824552995391703	0.25428104945924157	0.3182323990393815	1.0	-0.07204945690529518	weighted_unifrac
-0.06581524150268336	0.119784520123839	0.23157280344795372	1.0	-0.019573901144997796	0.0	-31.298657718120808	0.046675581395348775	-0.017988683886839052	0.367020414191806	0.41298981327383666	1.0	-0.035288799091180545	weighted_unifrac
-0.04379349252164766	-0.05242566619915823	0.1942679811008664	1.0	-0.10786416001131416	0.0	-92.66442953020135	-0.5745440476190475	0.10629455445544522	0.27367285059344637	0.20309286347290778	1.0	-0.11897897636060972	weighted_unifrac
-0.034993749999999935	0.02432741935483851	0.31774266678415697	1.0	-0.02574132434660137	0.0	-28.06711409395973	-0.1562623456790122	-0.17954641255605397	0.3088342382804419	0.3305154568817542	1.0	-0.04987497248852235	weighted_unifrac
-0.01527999999999996	-0.7253815246636768	0.29463734806743347	1.0	-0.0638707455805898	0.0	-57.47315436241611	-0.9878585714285715	0.1437735172413791	0.29852402244206455	0.3635471429062883	1.0	-0.1361647762127569	weighted_unifrac
-0.05518439239190265	0.019013636363636288	0.19790682502993684	1.0	-0.09691323164698162	0.0	-30.677852348993287	-1.2496099999999997	-0.017276595744680767	0.25975790883207783	0.2833870767818598	1.0	-0.08187576243723815	weighted_unifrac
0.08515092879256969	-0.5473773174520975	0.24275271446297153	1.0	-0.12457068637747004	0.0	-72.54362416107382	-0.27859226190476183	-0.2998759776536315	0.3271585602434336	0.3635099144985826	1.0	-0.017420667972652293	weighted_unifrac
-2.8878048780489607e-05	-0.12251174603174597	0.21460493429912786	1.0	-0.1135871348271349	0.0	-32.16107382550336	-1.192247142857143	-0.34883811659192854	0.2881492670696828	0.3251451441115647	1.0	0.005218988653841072	weighted_unifrac
-0.09500774984837257	-0.08446412213740473	0.23891620739174035	1.0	0.039450847637466424	0.0	-40.506711409395976	-0.027407142857142963	0.31653251121076253	0.24938059227715947	0.274665668722745	1.0	-0.1189620001500129	weighted_unifrac
0.01081436965811955	-0.7821208053691269	0.35862056791026564	1.0	-0.08961818728265758	0.0	-21.76510067114094	-0.2145030864197528	0.173014349775785	0.35590411107021036	0.4091697882320189	1.0	-0.033619164115761935	jaccard
-0.07642622331381044	0.25535808922938275	0.4296173963865264	1.0	-0.09832756851503577	0.0	-22.251677852348994	-0.49738735632183917	0.15742702702702693	0.31235061355739524	0.43361526396983496	1.0	-0.049632476919771795	jaccard
-0.032357905982906	0.2544833928571426	0.24556204733459164	1.0	-0.03762409812925771	0.0	-32.22147651006711	-1.5309357142857145	0.11308372093023256	0.2808687870565513	0.29816290833763925	1.0	-0.03919079154967564	jaccard
-0.027091577013907076	0.08035693277310907	0.37682723349157454	1.0	-0.011143654735680242	0.0	-35.211409395973156	-1.1856075757575764	-0.2930638297872339	0.3767113831889214	0.3437731977603059	1.0	-0.10203497443687581	jaccard
-0.08594186341711119	0.0019346788990828312	0.31126603911077244	1.0	-0.10778144391804823	0.0	-10.78523489932886	-1.7423833333333336	0.07262486033519511	0.22863741381795488	0.4262032138467722	1.0	-0.028904748083890652	jaccard
-0.0013690476190475476	0.35844526427811296	0.3257666389191919	1.0	0.019571773104386958	0.0	-21.64765100671141	-0.2394720238095236	-0.0631365792759051	0.3307751804430593	0.30178205860516194	1.0	-0.04425740532284306	jaccard
-0.06390364635034063	-0.29320043383947914	0.3711385636439851	1.0	-0.015705519332076978	0.0	-56.08724832214765	-1.3038541666666665	-0.09832954545454542	0.37819259467154553	0.305418246047539	1.0	-0.06772592328366911	jaccard
-0.1110435000000003	0.23500777385159	0.3598930672880317	1.0	-0.061304556822729506	0.0	-21.416107382550337	-0.5375808139534883	0.22958740157480295	0.3910338271475684	0.4450572823557749	1.0	-0.04416223646074968	jaccard
-0.1416607105318477	0.7377863636363636	0.3890743559646549	1.0	-0.06421281701043213	0.0	-42.218120805369125	-0.07022555555555532	-0.1933682656826572	0.27753863910369814	0.3745219859545076	1.0	-0.009022510853285759	jaccard
-0.04743643703262501	-0.0003366614664588319	0.31578250575612843	1.0	-0.0035904952405088064	0.0	-44.59060402684564	-1.182594827586207	0.07876806930693037	0.3959600684153255	0.3935491895442922	1.0	-0.027652872342615042	jaccard
-0.06332080153855713	0.5738015680684247	0.36207929608599776	1.0	-0.0906802494118828	0.0	-42.23154362416108	-0.3172232558139536	-0.17720833333333386	0.21573240415644646	0.44407458949128287	1.0	-0.025763987542053002	jaccard
-0.057916557334033	0.4800196330275228	0.2963644573938362	1.0	-0.044014871660565724	0.0	-21.29194630872483	-1.2792513888888886	0.01974329608938552	0.3817231283944972	0.42550119409465537	1.0	0.0034411680246287935	jaccard
-0.09558019216555813	0.6162547486033519	0.30113607787857466	1.0	-0.03365537303123123	0.0	-46.77181208053691	-0.38961162790697657	0.11041378122308354	0.40254415527842713	0.3006311585793936	1.0	-0.07900252811326336	jaccard
-0.09139811912225682	0.40298709677419353	0.3832864133881012	1.0	0.00986977635959152	0.0	-34.533557046979865	-0.17616818181818195	-0.29582564679415113	0.3729772463791131	0.3705121805895868	1.0	0.00946127624789228	jaccard
-0.025223660827621286	0.2762411764705883	0.3980839070630191	1.0	-0.07135723859644694	0.0	-29.0	-0.1406505813953487	0.2331300672430352	0.3112974709653138	0.3946923638374633	1.0	-0.011080289641804963	jaccard
0.040847541478129745	0.22551033107299567	0.3401566661965575	1.0	-0.023981337019493898	0.0	-35.741610738255034	-0.3712442857142857	-0.29205541666666623	0.41046889629888106	0.37689036347020566	1.0	-0.06685865524097356	jaccard
0.008005772763054364	0.49547078039927395	0.2923996701536463	1.0	0.03613190521456766	0.0	-41.41275167785235	-0.47956298701298716	0.20997720588235247	0.4237834264972328	0.29778031807869365	1.0	-0.019959408647375776	jaccard
0.04484588675213652	-0.007667741935483807	0.31639417634221223	1.0	-0.036014861536148635	0.0	-17.573825503355703	-0.6006680555555552	-0.013772093023255882	0.3474480158451476	0.32719419125277327	1.0	-0.057624236706162346	jaccard
-0.036518902891030436	-0.865439171974522	0.4336455767257539	1.0	-0.11864909729459283	0.0	-42.07046979865772	-0.20438780487804875	0.14684896694214866	0.2856845352897832	0.361156997470223	1.0	0.009305496749306252	jaccard
-0.0103190899001111	0.2417925675675674	0.3355253045313097	1.0	-0.01155569691576197	0.0	-20.721476510067113	-0.6964320987654322	0.1005127272727272	0.3914345168786173	0.49756614813827527	1.0	-0.050859384082159176	jaccard
-0.03519591913848452	0.023095566502463027	0.3165682811335142	1.0	0.0051177964837161305	0.0	-55.53020134228188	-0.24121250000000005	0.11587704918032748	0.41008755574152456	0.26807061411219424	1.0	-0.11475852092452676	jaccard
-0.03836210968249798	0.35211724770642217	0.3767156607789829	1.0	-0.019503202590545277	0.0	-22.268456375838927	-0.37136965811965794	0.22384310880828973	0.4116745920869721	0.3415462645972249	1.0	-0.0493693308990133	jaccard
0.0014166717631949322	0.6207856573705179	0.28285284208703876	1.0	0.008959003898076023	0.0	-40.40604026845637	-0.5253197530864198	-0.05422913223140502	0.31641177751959126	0.43009616770671055	1.0	0.005879386698108058	jaccard
-0.12682162236417338	-1.1410761061946904	0.36958142480909295	1.0	-0.06960990874276796	0.0	-44.77181208053691	-0.03278984375000005	0.104278431372549	0.38548470016698066	0.3374422463472513	1.0	-0.06431901080546076	jaccard
-0.21145245726495743	0.3499912126537785	0.2677629438056517	1.0	-0.04042209318831058	0.0	-44.95302013422819	-1.1650153846153843	0.22214596412556042	0.3454796108859146	0.33358407181169314	1.0	0.04201738050982473	jaccard
-0.13100267875540905	-1.8166916666666673	0.23723524374441773	1.0	-0.01790424842470717	0.0	-22.003355704697988	-0.2928645299145298	-0.034110392156862845	0.3026133387617105	0.3402768664498128	1.0	-0.04587159373963301	jaccard
-0.07416323940086333	0.22478369445464552	0.3457912642271763	1.0	-0.03485416027771415	0.0	-54.11409395973154	-0.18658950617283931	-0.00080688806888074	0.39860305045440614	0.38130965371035475	1.0	-0.12618022911630833	jaccard
0.07152115583075347	-0.18924953664700928	0.27150253835854987	1.0	-0.071402130849892	0.0	-40.45302013422819	-0.41560859375000003	-0.786933760683761	0.37226330350737424	0.3187849771721015	1.0	-0.032158858199080154	jaccard
-0.11012270488132558	0.3301512666973744	0.37610409034439185	1.0	-0.006481202664579522	0.0	-55.855704697986575	-2.0110348484848486	-0.07037803921568653	0.4753901183671405	0.4226567319520578	1.0	-0.023467917143731976	jaccard
-0.15780254734146504	0.23267237026647947	0.1924203339267404	1.0	-0.1561223800828071	0.0	-88.58053691275168	-0.43065119047619027	0.32196994535519097	0.2849253477894308	0.46288683657278185	1.0	-0.05144712096303716	jaccard
-0.10668376427720538	0.6201069958847738	0.36562109328622305	1.0	-0.06397956588027665	0.0	-43.151006711409394	-0.523531168831169	-0.18481267738883633	0.36709575155542995	0.29099259578532555	1.0	0.01562671154032047	jaccard
0.004958934517202973	0.22627884130982345	0.14305285944345691	1.0	-0.057779193019063424	0.0	-87.27852348993288	-0.3273025974025974	-0.11824563758389273	0.305777943996421	0.3326508217335472	1.0	-0.007891514019521484	jaccard
-0.031303332458672006	-0.09296748768472907	0.2971694717423735	1.0	-0.12114183227124675	0.0	-30.42281879194631	-0.8698111111111113	-0.4613428251121081	0.3141703515282831	0.3303145717821553	1.0	-0.03829157828738339	jaccard
-0.018028637770897804	-3.0487676549865226	0.3669018587549321	1.0	-0.05055723330662443	0.0	-44.986577181208055	-0.4196235042735039	-0.1946112716763002	0.3845411282110305	0.42651250286294884	1.0	-0.05100112796798206	jaccard
0.0008165000000001088	0.159873422385997	0.24366398106696885	1.0	-0.07353543343393354	0.0	-68.62751677852349	-0.6023208333333332	-0.052019444444444174	0.4958085136688489	0.36183945274103835	1.0	-0.020748446641370544	jaccard
-0.1348519442010918	0.24258452012383902	0.4135657162935633	1.0	-0.11347093041206646	0.0	-30.02013422818792	-0.5653458333333334	-0.09047005181347156	0.40912873089901935	0.08678773405297147	1.0	-0.08813587792139699	jaccard
-0.01074607901528668	0.3202638644067798	0.3472370638826239	1.0	0.0021464700998490294	0.0	-31.22818791946309	-0.7572805555555555	0.034501652892561796	0.3314387237330656	0.3679276314640092	1.0	-0.0067737417348328055	jaccard
-0.0662376160990712	-0.23678561151079092	0.4217392523242173	1.0	-0.08635916529137844	0.0	-92.22147651006712	-0.4071244047619047	-0.00040465116279064794	0.2607212549374549	0.44453503994741683	1.0	-0.034598152932140636	jaccard
-0.16197471620227044	0.113362114014252	0.31906441789893925	1.0	-0.09499041306816891	0.0	-56.939597315436245	-0.21348630952380931	0.18547450980392144	0.37755312890506365	0.3541990770827138	1.0	-0.0005445611694516739	jaccard
-0.09310285714285715	0.30375411931818186	0.38297045072498515	1.0	0.03646502241834115	0.0	-40.77852348993289	-0.5657404761904765	0.06934506726457379	0.40237933431801975	0.3283107768472612	1.0	-0.04058886768455583	jaccard
0.011351953967873252	0.05205791757049916	0.25686074238213896	1.0	-0.09790813212579019	0.0	-31.31543624161074	-2.8847597222222237	0.14842352941176462	0.43208091856828623	0.4057368008809745	1.0	-0.028242071009983327	jaccard
-0.022428018575851194	-0.15677264957264936	0.4154989010642125	1.0	-0.010830263680128072	0.0	-42.76845637583892	-0.6441833333333333	-0.04994343891402764	0.31940894271049614	0.2210682421139617	1.0	-0.08674536055942728	jaccard
0.07577190170940162	-0.0278781616481778	0.35752753530255243	1.0	-0.09206562742812374	0.0	-85.26174496644295	-0.28497886178861775	0.11195022421524681	0.3270287467936972	0.4413647419362934	1.0	-0.04981063978728395	jaccard
0.002099250000000108	0.30684577343300734	0.37777579552993434	1.0	-0.046560002512118226	0.0	-11.151006711409396	-0.3494694444444444	0.1812680272108842	0.34917579788299735	0.34708178952689106	1.0	0.05806086940418842	jaccard
-0.14334462435634987	0.05551415525114167	0.33379944783621907	1.0	-0.024202733927676245	0.0	-55.95637583892618	-1.0952736111111112	-0.8623031019202363	0.3722706518244475	0.4170917022941665	1.0	-0.08892206512245626	jaccard
-0.01937812521059379	0.337078787878788	0.2619016824451105	1.0	0.04333581621576166	0.0	-58.033557046979865	-0.5655241379310347	0.2963825	0.4299476191363183	0.3859743000316437	1.0	-0.01631761741888549	jaccard
-0.019031167585710884	-1.1575183125599229	0.3246994675571919	1.0	-0.11987919646261691	0.0	-42.446308724832214	-0.2620779761904761	0.017810762331838426	0.4697657638565884	0.4070334981690248	1.0	-0.014107129904324722	jaccard
-0.026617142857142895	-0.21363095238095253	0.29651710362049244	1.0	-0.0706348214323802	0.0	-30.345637583892618	-0.5923171428571432	-0.09150313901345353	0.3018320978142983	0.3271404246523473	1.0	-0.02469648332839003	jaccard
-0.21655877126174206	-0.538185294117647	0.3462043524589752	1.0	-0.004398238031476209	0.0	-43.76845637583892	-0.6222744186046509	-0.016669306930693573	0.38384960722980044	0.3065021593217776	1.0	-0.01991556311471876	jaccard
-0.01491873065015481	0.14712061068702287	0.2876712391385112	1.0	-0.036620636956484987	0.0	-71.22147651006712	-0.5621819444444447	-0.41955398963730595	0.3946165792128207	0.2755143438868466	1.0	-0.043960814669722126	jaccard
-0.06302964743589756	0.6110472584856397	0.3144768740826249	1.0	-0.0028544409517083924	0.0	-59.281879194630875	-0.2008308593749999	0.004341538461538064	0.3286660288079124	0.3723114769653465	1.0	-0.06205331582770657	jaccard
-0.047944832798034964	0.131089036144578	0.21487382390062448	1.0	-0.07893612415514872	0.0	-22.41946308724832	-0.7825416666666662	-0.10268818897637821	0.29891870382777697	0.3545783752979582	1.0	-0.019218485934580087	jaccard
0.07834044173648103	0.48517328677433436	0.28659008696053456	1.0	-0.0842698646967508	0.0	-73.28187919463087	-1.305459722222222	-0.00950180995475125	0.32765335964355724	0.3818242499889921	1.0	-0.15848002722963028	jaccard
0.02118403811792735	-0.3381971428571431	0.3898146902569152	1.0	-0.035885292240992905	0.0	-42.88255033557047	-0.6588837209302327	-0.31032828282828273	0.37771212038722934	0.37273694485896736	1.0	0.021686647126801795	jaccard
0.005574154543737109	-0.7753289912629064	0.3175338425446619	1.0	0.0005082864001026977	0.0	-27.661073825503355	-0.24972261904761917	0.11326312217194545	0.4031260699855441	0.409840313300901	1.0	-0.044942923325513195	jaccard
-0.10277381688302767	0.29035216062854663	0.33238690086555067	1.0	-0.012694554769611788	0.0	-88.8489932885906	-0.3835557471264368	-0.020190647482014157	0.3871374136266825	0.38484517514242567	1.0	-0.05643766982150589	jaccard
0.006565463414634154	0.22839743589743566	0.3605182151884193	1.0	-0.06467063478416346	0.0	-57.74496644295302	-0.3216327586206895	-0.18440586592178754	0.2711098359641675	0.38670531743746506	1.0	-0.050383228666175395	jaccard
-0.21333904761904754	-0.009409197860962504	0.34849660982382347	1.0	-0.00121870254812384	0.0	-88.15436241610739	-0.156392803030303	-0.02044917355371889	0.3376548561984215	0.3901090348018549	1.0	-0.09974661355465786	jaccard
-0.14133415756576695	-0.05833949579831921	0.2629844449865354	1.0	-0.06231842104409391	0.0	-53.57046979865772	-1.9618128571428577	-0.004248785228377017	0.18184029201330465	0.34609495893208375	1.0	-0.03453370774327502	jaccard
0.059549845708168125	-0.9023732824427482	0.40766733407493483	1.0	-0.08797880547064652	0.0	-54.560402684563755	-0.14804567901234567	0.1854060103626941	0.4346308338777414	0.3155039993120069	1.0	-0.026590369475243847	jaccard
0.0031513668888752955	0.32625597014925367	0.3409208047868346	1.0	-0.018943686878709398	0.0	-56.58389261744966	-0.9912409090909089	0.20991520737327185	0.3860399177845898	0.33773771845592804	1.0	-0.021692625604041504	jaccard
-0.06505526620370383	0.023254421768707845	0.38090280652898023	1.0	0.0136143405198893	0.0	-86.67785234899328	-0.6391614942528738	0.06421274509803909	0.3281289781382384	0.43659766759492413	1.0	-0.005028447101013134	jaccard
-0.010885803851320652	0.44005102880658453	0.3763553683350327	1.0	-0.013314237916490113	0.0	-40.11744966442953	-1.356955555555556	0.10033480934809336	0.41302286406271105	0.3540260077952354	1.0	-0.04070231610756436	jaccard
0.04133407325194205	-0.29535000000000045	0.3903888519151888	1.0	0.018694950587760606	0.0	-57.85906040268456	-0.28912383720930235	0.18334932735426002	0.4128795973826055	0.4532410954486419	1.0	0.0055792461542713	jaccard
-0.02561459489456186	0.14821113354485194	0.37510857426651734	1.0	-0.021541900019536042	0.0	-45.06375838926174	-0.024877380952381234	-0.24884920049200532	0.2655931108036096	0.3929241743424692	1.0	0.04542657722533994	jaccard
0.04333975000000001	-0.2097000794281172	0.3281576995457408	1.0	-0.05363495906479976	0.0	-43.80536912751678	-0.06563690476190476	-0.02241176470588213	0.32044886971128106	0.3081570381558357	1.0	0.020295883357232758	jaccard
-0.08403079576250327	-2.444452248394004	0.3449549297255605	1.0	-0.05773333155932203	0.0	-44.09731543624161	-1.1984261627906978	0.03433431372549023	0.4214347754253487	0.38239519049331094	1.0	0.07400873834730404	jaccard
-0.2203371735241504	-0.42760836012861714	0.1886472619082491	1.0	-0.043970120710876914	0.0	-42.18456375838926	-1.1587638888888891	0.30958004484304946	0.35955678574686545	0.4270348662965777	1.0	-0.017059326587969714	jaccard
-0.11808582420834579	0.0754293838862562	0.3701677293071943	1.0	-0.006096542510928948	0.0	-54.218120805369125	-0.23967777777777788	-0.03714208144796394	0.19526896152692919	0.24705002139997667	1.0	-0.10065750916728788	jaccard
-0.07227407075682923	-0.004702644067796635	0.3046087747153159	1.0	-0.06154010931452292	0.0	-40.848993288590606	-0.34464480519480545	-0.031115141430948068	0.32597340634972727	0.29016143745875334	1.0	-0.06465222347416377	jaccard
-0.19664867547614628	0.23854666666666657	0.18998444461270492	1.0	-0.04081325467636088	0.0	-26.221476510067113	-0.201157471264368	-0.3056638297872343	0.41247885592348965	0.34475810613991076	1.0	-0.09679917959967366	jaccard
-0.08094804513251108	0.040529935125115935	0.30294364833626475	1.0	-0.04734354341653124	0.0	-44.758389261744966	-0.3765851190476188	-0.1630511494252873	0.4025288822709948	0.3170650909534286	1.0	-0.07474904159320128	jaccard
-0.05237523809523825	0.30242758620689647	0.3309394174922283	1.0	0.01954990084910635	0.0	-30.731543624161073	-0.10766333333333322	-0.09470362047440672	0.3495930835980914	0.4295961960024184	1.0	-0.07851328827787118	jaccard
-0.13497900813434782	0.3336918478260871	0.38097251162963197	1.0	-0.014258115201334798	0.0	-32.70805369127517	-0.37773961038961024	0.05211734317343131	0.42112096876188554	0.30810349155963657	1.0	-0.10946707581939186	jaccard
0.0021148504273502677	-0.13587796610169467	0.40511262831981043	1.0	0.03873396318068212	0.0	-57.395973154362416	-0.2094739837398374	-0.08020414507772067	0.4020541173694385	0.3475264422177169	1.0	-0.005052191937085393	jaccard
-0.07744380952380947	-0.22266375545851536	0.3861060549162113	1.0	-0.11509945324644932	0.0	-58.88926174496644	-1.0492528571428572	-0.5017547945205478	0.4395936288762793	0.43487464602215653	1.0	-0.04406403925345703	jaccard
-0.06678270442174794	0.3760266666666666	0.316779226207873	1.0	-0.07970356951997326	0.0	-41.33557046979866	-0.5846470085470086	-0.09915922330097082	0.2840056111286393	0.3342320932474967	1.0	0.02251855178593365	jaccard
-0.033163126593033	-0.3436862745098044	0.26881945364635396	1.0	-0.00855388481044761	0.0	-29.684563758389263	-0.4848184523809522	-0.060263687150838186	0.3538992988058871	0.32595123043138075	1.0	-0.0505211053348511	jaccard
-0.05177710078700204	0.27012290909090886	0.37163369121000067	1.0	-0.012772811834183662	0.0	-30.33221476510067	-0.19644827586206892	-0.1230986469864701	0.3887575121581356	0.45243421599216727	1.0	0.05281179724553198	jaccard
-0.01744286225402525	-0.42588823529411823	0.37046670571140417	1.0	-0.0046161746851018925	0.0	-41.033557046979865	-0.2758302325581401	0.13036727272727278	0.3838335378323109	0.416300316836302	1.0	-0.03939091677695061	jaccard
0.0375009523809523	-0.21253402889245554	0.3528592218320673	1.0	0.07572340294259328	0.0	-55.41610738255034	-0.8974413580246912	-0.11964313725490183	0.3886404102342782	0.3747305663249546	1.0	-0.0318735562823953	jaccard
-0.053400591976824785	0.29044871794871774	0.2144131765519498	1.0	-0.1118712417815475	0.0	-94.5738255033557	-1.0065080459770117	0.17453007662835252	0.30489973417606686	0.33914940134704585	1.0	0.015268873119934967	jaccard
-0.047665499999999916	0.04661790218394346	0.40155692544068455	1.0	-0.16175552570210905	0.0	-71.57718120805369	-1.0419428571428568	-0.07709796380090528	0.3297767098513996	0.29148416289618895	1.0	-0.024340418999045266	jaccard
-0.049430945430047	-0.165847727272727	0.3046011050291296	1.0	-0.029432532623653307	0.0	-35.738255033557046	-0.4761085470085469	0.08425868725868746	0.41911218524255556	0.3349261840420865	1.0	-0.045525363912857	jaccard
-0.15572555043522773	0.14217129161118547	0.21779424532029634	1.0	-0.1362303768086266	0.0	-52.946308724832214	-0.00950348837209325	0.08377818532818515	0.3897752977091876	0.38546109158683817	1.0	0.010785250983539774	jaccard
-0.05944729005360316	0.014914893617021141	0.3447937706083881	1.0	-0.08323925549375777	0.0	-19.51006711409396	-0.09065872093023275	-0.5289836306400839	0.3192427863804501	0.38386685389254027	1.0	0.012580648629061497	jaccard
-0.02343937048503597	0.3727007841998258	0.29050511111031896	1.0	-0.02313479819527897	0.0	-61.10738255033557	-0.07490406976744213	0.3579767441860465	0.3688662062859217	0.4754325185755637	1.0	-0.04055660758637103	jaccard
-0.07021985275450637	-0.078582113821138	0.22091599089009317	1.0	-0.0883647028850143	0.0	-89.77181208053692	-0.5622028571428572	-0.016189876033058104	0.2337800052588085	0.3418372165119584	1.0	-0.05279878494881274	jaccard
-0.07223619047619056	0.13138664987405535	0.34101368508987495	1.0	-0.016213491849296657	0.0	-42.69463087248322	-0.32369425287356335	0.24059827798277966	0.3655468589763007	0.3117325186282277	1.0	-0.020812571007837732	jaccard
-0.09776521310667663	0.24458235294117647	0.39373169592878	1.0	-0.12344451094029285	0.0	-75.84563758389261	-0.37808247863247835	-0.16263640836408388	0.313326365972007	0.38823094125038293	1.0	-0.01239544115125324	jaccard
-0.01366176470588254	0.19267740935853728	0.34140943096624254	1.0	-0.03904887235812593	0.0	-78.31879194630872	-0.1961872093023258	0.09910086100861004	0.219266944267984	0.3156119318517304	1.0	0.014454427761067534	jaccard
-0.029792380952380793	-1.2859733333333332	0.2569954813080666	1.0	-0.04032646284075381	0.0	-43.04026845637584	-0.2341703488372091	0.11016980198019777	0.33689743796684624	0.4641311548213405	1.0	-0.042506400828633106	jaccard
-0.011200453429057067	0.5107112903225806	0.3872935457972503	1.0	-0.06378438391580699	0.0	-56.59060402684564	-0.7123958333333331	0.1167129078014183	0.3156155822176454	0.30722536400110867	1.0	-0.02144977289086958	jaccard
-0.12902580466148716	0.19658726937269344	0.2801540732828697	1.0	-0.12990022826181957	0.0	-59.738255033557046	-0.19482325581395354	0.08968715846994524	0.35412038883339825	0.2354995806685467	1.0	-0.09037973097840424	jaccard
-0.02514498418016009	0.3931159928443648	0.3502445982702763	1.0	0.01302463192961445	0.0	-74.86577181208054	-1.282298571428572	-0.06914187500000013	0.2759554895551304	0.25624989783912144	1.0	-0.05987463619324651	jaccard
0.019416032243618542	-0.4409683297180045	0.3575451169727948	1.0	-0.08236350231278	0.0	-88.52348993288591	-0.05310114942528732	-0.43223809523809464	0.2888448174101905	0.3776905048265673	1.0	0.004686783385683735	jaccard
-0.03963636363636347	-1.0358657142857144	0.3872069304346021	1.0	-0.00807799127527531	0.0	-91.62080536912751	-0.7771847222222223	-0.45296534181240045	0.455731970697695	0.2799330011661809	1.0	-0.009155656545652313	jaccard
-0.028731585686367023	-1.6064705882352937	0.35667271038352544	1.0	-0.10688920518866385	0.0	-20.906040268456376	-0.13845265151515163	0.041291666666666504	0.31306893731629626	0.39174124957827916	1.0	0.06623269925126529	jaccard
-0.06991809523809511	0.11470790747713822	0.2903157246397302	1.0	-0.031102597551691202	0.0	-67.66778523489933	-0.12753511904761905	0.030007272727272993	0.3948603879892343	0.3476335542397261	1.0	-0.12600710120195235	jaccard
-0.03312998222899233	-0.06810767123287698	0.3669504319166924	1.0	-0.028997548232181147	0.0	-40.64093959731544	-0.32522083333333307	0.0033914893617020825	0.44792432348622335	0.3834780707679317	1.0	-0.08693989060990126	jaccard
-0.008966307701996135	-0.0758058155635557	0.1278475016362277	1.0	0.025840954336383004	0.0	-31.120805369127517	-0.46017407407407407	0.17176145077720184	0.43200024824002203	0.3619389176094038	1.0	-0.04605247059967521	bray_curtis
-0.22741279517903412	-2.0638663265306114	0.32665092820918695	1.0	-0.13828659228453977	0.0	-44.281879194630875	-1.2502848484848488	-0.05894330708661433	0.33203410637416886	0.40799981303679445	1.0	-0.003716288935192935	bray_curtis
-0.08060306339721146	0.6583066246056782	0.3642681774488197	1.0	-0.06178098619144312	0.0	-46.01006711409396	-0.10052267441860474	-0.22870784753363238	0.23416742737890428	0.18975888984169786	1.0	0.028245072642498537	bray_curtis
0.044940771623320996	0.3168957288135593	0.2805410647378137	1.0	0.058991504610014345	0.0	-22.164429530201343	-0.14283488372093012	-0.24536078431372554	0.35273211248417835	0.3929521871376864	1.0	-0.035298813771000415	bray_curtis
-0.04030666666666671	0.14309894013176738	0.36148429215100586	1.0	-0.018702714823756628	0.0	-54.6744966442953	-0.42179702380952366	0.052982062780268846	0.3404790232183029	0.3687919464396744	1.0	-0.06593100014360553	bray_curtis
-0.06876227753654218	-0.17245776271186397	0.36340156441774685	1.0	-0.14886142366198785	0.0	-95.51677852348993	-0.43058311688311646	-0.11838946280991736	0.3494598832989001	0.34935169154726586	1.0	-0.0007284911150688966	bray_curtis
-0.027282432915921362	0.29265171926519096	0.26734787986197817	1.0	-0.0935320953179759	0.0	-28.936241610738254	-0.6240784722222219	-0.019858181818181997	0.38344856470936706	0.4406602659558946	1.0	-0.08673063823724525	bray_curtis
-0.06468877551020391	0.4538382445141065	0.345518637787363	1.0	-0.06500325805093032	0.0	-19.486577181208055	-0.18576954022988534	0.325635294117647	0.41046124248066973	0.26462961956883757	1.0	-0.09829200721179587	bray_curtis
-0.03606427197716999	0.5532703577512776	0.25450712464503733	1.0	-0.04462753833984889	0.0	-76.62080536912751	-0.7427273255813951	-0.14622896379525607	0.32278525205613984	0.358727823025062	1.0	-0.061679901083845134	bray_curtis
0.03165778116273121	0.13488711165795153	0.3712201717665725	1.0	-0.07186967270784383	0.0	-43.51006711409396	0.05674285714285732	-0.45599775280898847	0.39400158702616894	0.42184502283927117	1.0	-0.07987094452657773	bray_curtis
-0.1523811951288585	-0.7702676258992807	0.2974491115116745	1.0	-0.018397993159932957	0.0	-52.3255033557047	-0.5010580246913579	-0.12383118811881233	0.35926560165632615	0.44050379500687953	1.0	-0.14008036393102485	bray_curtis
-0.06616440225820464	0.2581195121951222	0.3998731394351458	1.0	-0.035562294849407206	0.0	-40.61409395973154	-0.4507256944444442	-0.03038099173553732	0.34921345718913044	0.4450390406953426	1.0	-0.021010958178505623	bray_curtis
-0.13695033282130042	0.16742401500938076	0.2808699745944252	1.0	-0.045594595520390024	0.0	-19.879194630872483	-0.34628275862068936	-0.011547772277228141	0.2817892665942626	0.3430370536611218	1.0	-0.19451778649769147	bray_curtis
-0.062463901689707946	0.0505245901639344	0.40812291968321557	1.0	-0.1681661011057336	0.0	-39.711409395973156	-1.0284400000000002	0.08259336787564753	0.2929219631644385	0.4079837155923268	1.0	-0.04774445318982057	bray_curtis
-0.005986666666666807	0.18433522479266695	0.294770688127441	1.0	-0.015080400425216078	0.0	-29.053691275167786	-0.22941627906976714	-0.3158816831683171	0.37301793999545185	0.4363702272945782	1.0	-0.03572629964813445	bray_curtis
-0.11882355927900479	0.3712005474452551	0.3702229983169798	1.0	0.004057527157422691	0.0	-55.02684563758389	-2.3578157142857137	0.1224183908045976	0.4071244897582482	0.25868331210087525	1.0	-0.008768091479869344	bray_curtis
0.012640780487804815	0.22619943181818158	0.1535764423178143	1.0	-0.04461754892119596	0.0	-20.463087248322147	-1.3201651515151513	-0.023063321167883455	0.3640820735812298	0.30703830213702954	1.0	0.022079260152937152	bray_curtis
-0.06908826016260172	0.37731774193548384	0.32712303097964857	1.0	0.019864751718939644	0.0	-55.124161073825505	-0.7434228571428574	-0.16375393103448266	0.42854593745755387	0.32370509963313376	1.0	-0.08472485664068485	bray_curtis
-0.1781580487804877	0.6629928020565552	0.36054243972989575	1.0	-0.07646130999382872	0.0	-30.959731543624162	-3.488661111111111	-0.17485346820809222	0.4033565588808419	0.32662317337052793	1.0	-0.11179754088251914	bray_curtis
-0.02837553418803429	0.2283364157948028	0.3806732331928847	1.0	-0.020480268786734257	0.0	-41.875838926174495	-0.14842727272727285	0.08640518134715014	0.3218140161840576	0.3168438013877809	1.0	0.02485254302469453	bray_curtis
-0.034986749999999844	0.14732997516849966	0.40029847976773636	1.0	-0.04608417569254453	0.0	-43.77181208053691	-1.3313557142857135	0.028015980024968634	0.34546598174734466	0.3935947204457858	1.0	-0.05672555426289394	bray_curtis
-0.08450827991453003	0.26612727272727266	0.4253825555605727	1.0	-0.026276662400674056	0.0	-23.13422818791946	-1.3164199999999995	0.08474084158415807	0.36111634980988594	0.3628545482490583	1.0	0.061014606147613226	bray_curtis
-0.11607729468599004	0.10236942118674897	0.3490844404168034	1.0	-0.021647784574981177	0.0	-41.36241610738255	-0.23844999999999983	0.02377737931034518	0.348585113732068	0.4004103832124233	1.0	-0.026308701891758934	bray_curtis
0.01633855799373063	-1.3684538461538462	0.38587314024388486	1.0	-0.06300595276722443	0.0	-114.30536912751678	-0.6763270114942532	-0.15920089988751407	0.3351130436613641	0.37543746986171	1.0	-0.07909970776900521	bray_curtis
-0.17631394675925938	-0.3403526457399104	0.38733077485555634	1.0	-0.11663096420796548	0.0	-76.56040268456375	-0.9775958333333334	-0.09392910662824216	0.3846741439965625	0.39384962484076436	1.0	-0.03224769533176719	bray_curtis
-0.07429857501070258	0.06829687500000003	0.3887158396128705	1.0	-0.06612164207018512	0.0	-58.57382550335571	-0.29429814814814836	-0.22066876090750465	0.3529879266858449	0.41383883953508394	1.0	-0.04904899747464553	bray_curtis
-0.0387912665891994	0.23915249184909182	0.2750532676914188	1.0	-0.03837098721023158	0.0	-57.43288590604027	-2.5862228571428574	-0.024334304932735584	0.28350646151679926	0.3412352086707592	1.0	-0.10502357194636192	bray_curtis
-0.10898029268292664	-0.5292277027027028	0.31901473562358285	1.0	-0.12466180364822921	0.0	-39.2751677852349	-0.7338819444444447	-0.12885986547085215	0.40921481123211845	0.3930593860076972	1.0	-0.11950253710893999	bray_curtis
-0.0181982503770739	-0.0801640961598502	0.31125285405517644	1.0	-0.10599367425095751	0.0	-58.624161073825505	0.0352104651162789	0.24444975984630146	0.3576116358817478	0.3719756099174014	1.0	-0.04001297700507833	bray_curtis
-0.04845392231530865	0.30206333333333335	0.33393153375245666	1.0	0.029598457603189354	0.0	-31.07046979865772	-0.34725000000000006	0.08037443946188338	0.37354415292015974	0.41552945077299974	1.0	-0.0009992970546168767	bray_curtis
-0.1683337957824642	-0.6663219433198386	0.32328181919530163	1.0	-0.052616744469166754	0.0	-30.677852348993287	-0.16669418604651165	-0.11775812500000016	0.3699008149617311	0.4656096604653045	1.0	-0.0440977587518363	bray_curtis
-0.07225861954867319	0.27215317604355715	0.378691583682249	1.0	-0.07842834233701779	0.0	-55.93624161073826	-0.321277777777778	-0.0288446927374304	0.22538570844022798	0.35634739407245886	1.0	-0.05978587120421719	bray_curtis
-0.12760793562708117	-0.31383488372093016	0.386164869998065	1.0	-0.04977013570073319	0.0	-19.023489932885905	-4.74685	-0.45831589595375766	0.3958490693135428	0.41211573070895846	1.0	-0.023717386144246344	bray_curtis
-0.11882959401709403	0.07988468600807919	0.28242451722687867	1.0	-0.046400861387082104	0.0	-44.42617449664429	-0.1347095238095235	0.2206879640044992	0.3972037723649584	0.39162215998143113	1.0	-0.05455578336461886	bray_curtis
-0.0470215284552844	0.0842205607476636	0.42384234189158476	1.0	-0.11186411503255567	0.0	-40.285234899328856	-0.3789106837606837	-0.39143813131313165	0.3686329543105342	0.40274205739242963	1.0	-0.07386584467257995	bray_curtis
-0.09823696682464456	0.42572096774193535	0.28887903557339545	1.0	-0.09848296932048894	0.0	-58.79194630872483	-0.25900178571428567	0.0407087443946188	0.3983383213666152	0.37595024918000297	1.0	-0.08260478735411847	bray_curtis
-0.11319600000000007	-0.030902439024390382	0.24579129008559475	1.0	-0.02838900685266088	0.0	-71.57046979865771	0.1075708333333334	-0.05991827007943562	0.3960193837162833	0.3867598064884603	1.0	-0.043501669468651194	bray_curtis
-0.1649746260683762	0.58632825434913	0.25608392291006243	1.0	-0.15883982311941547	0.0	-43.33557046979866	-1.7034128571428573	0.268243343051506	0.32439871489497696	0.3723274594021828	1.0	-0.09362826873152197	bray_curtis
-0.04732773509618249	-0.16120349192492323	0.24832282897277058	1.0	-0.05345870376846573	0.0	-49.808724832214764	-0.3482803030303032	0.004575216138328231	0.3970227084821616	0.2921498401797118	1.0	-0.002522216427002233	bray_curtis
-0.09532475234180215	0.22995989445910248	0.352328299515832	1.0	-0.04744609889865159	0.0	-88.74832214765101	-0.7444833333333332	0.174330601092896	0.2720075533963423	0.4199409798760665	1.0	0.019737896846325542	bray_curtis
-0.15344725093266454	0.005150259067357776	0.33687003132561943	1.0	-0.025577839768948785	0.0	-89.1241610738255	-1.9050424242424246	0.0058633838383834735	0.4214145014459396	0.2777831153702274	1.0	0.05925474303701561	bray_curtis
-0.05013288665549975	-0.24254864715626745	0.35851696764483953	1.0	-0.1892731834532677	0.0	-57.218120805369125	-0.7139090909090908	-0.19171611570247982	0.4643732989952244	0.2778610713303764	1.0	-0.04300680014954672	bray_curtis
-0.1343214654282765	0.16367203791469198	0.2970186277470115	1.0	-0.031844310839100665	0.0	-60.328859060402685	-0.18723749999999995	0.0337520179372196	0.38079662880957255	0.3280974265570751	1.0	-0.03093839228627382	bray_curtis
-0.08055580192165568	0.09714704225352133	0.3500425107192401	1.0	-0.077911921161675	0.0	-43.104026845637584	-0.1395537878787878	0.029247668393782233	0.3578964997715338	0.31806255137091066	1.0	-0.062365122259096184	bray_curtis
-0.04286393296242896	-0.21197789473684203	0.4437856037708128	1.0	-0.10003449110191287	0.0	-40.33557046979866	-0.4537735632183908	-0.2187972222222221	0.3875814112874013	0.39204745567183374	1.0	0.0405451106233764	bray_curtis
-0.0510496671786993	0.23494764542936275	0.27572760386242723	1.0	0.010609976368747498	0.0	-31.718120805369125	-0.4962361111111113	0.05532554744525542	0.3575433090779795	0.352381307409354	1.0	-0.08302468275530894	bray_curtis
0.010525799793601687	0.012061353711790734	0.33178822246881123	1.0	-0.08336902887063591	0.0	-33.25503355704698	-0.3559703703703705	0.05044581005586568	0.3513236520843378	0.3741105883001695	1.0	-0.08431861271263275	bray_curtis
-0.05629271388677326	0.16946447219069216	0.37144651492326275	1.0	0.008443654545228552	0.0	-21.016778523489933	-0.45821172839506175	0.18110302066772677	0.42406826590921354	0.3743708213123642	1.0	0.04268125003338852	bray_curtis
-0.034291575673350394	-0.11311544715447153	0.35841088535293464	1.0	-0.11164863291126825	0.0	-39.348993288590606	-0.3438027777777777	0.10832935883014627	0.3552704621396926	0.4040734989822301	1.0	0.014203959114322484	bray_curtis
-0.0686646688275947	0.06634137055837519	0.2737419160774698	1.0	-0.11686725498452999	0.0	-53.13758389261745	-0.5320148148148147	-0.2959963099631002	0.3700559261476567	0.24434857896878914	1.0	-0.025481289269745577	bray_curtis
-0.030660422764227535	0.2329779886148008	0.3371261932026868	1.0	-0.054935102806338065	0.0	-57.80201342281879	-0.3613357142857143	-0.34699489361702107	0.3404076403273534	0.3633393251068725	1.0	-0.09399239563814499	bray_curtis
-0.09968310689248727	0.3313035856573706	0.26494118509254005	1.0	-0.14248921838899542	0.0	-56.87919463087248	-0.7990052325581398	0.004908661417322491	0.3577997528798039	0.3518104188805433	1.0	-0.01993413064823324	bray_curtis
0.03529523809523816	-1.0503003597122307	0.25121106542207494	1.0	-0.009349448322403475	0.0	-41.855704697986575	0.05120061728395087	-0.11963092198581582	0.4070711638151244	0.41451330055211855	1.0	-0.07911677588913779	bray_curtis
-0.04803736520365409	0.451781180679785	0.38739706062378876	1.0	-0.009544557824243016	0.0	-31.899328859060404	-0.6536802469135798	0.13261176470588276	0.40690421761904305	0.3727094651703674	1.0	-0.06178469157987698	bray_curtis
0.026749428789032414	-0.2466733108108108	0.25846222494319393	1.0	0.027568918905831352	0.0	-73.82214765100672	-0.5507885714285716	-0.28319638009049797	0.440310715723606	0.4060471012746667	1.0	-0.060129730664783665	bray_curtis
-0.08201819529617871	-0.5283041666666668	0.26301288547961843	1.0	-0.04876643440337247	0.0	-58.68120805369127	-0.21536718750000006	-0.2508258823529408	0.25845942243992426	0.2731231438419759	1.0	-0.16134542164528032	bray_curtis
-0.11703046458492028	0.2559401032702239	0.235873693485111	1.0	-0.024216363424871323	0.0	-28.053691275167786	-1.3085514285714286	0.18779607843137247	0.39713573100468136	0.3302707955218387	1.0	-0.14527095798880119	bray_curtis
-0.13165442141170258	0.037596141479099954	0.277473451063319	1.0	-0.10559398282839205	0.0	-42.20134228187919	-0.79061	-0.3346479338842978	0.36682989925176646	0.4009390169586584	1.0	0.056780806000433004	bray_curtis
-0.12242785793562705	0.2246581395348839	0.2980800996495834	1.0	-0.0008690111235143405	0.0	-34.47986577181208	-0.36575742187500015	-0.03152431506849296	0.397491693368312	0.4516507349702874	1.0	-0.05165107816582637	bray_curtis
-0.052706607806040084	0.03240119976004763	0.23309440156371164	1.0	0.004381816479223866	0.0	-29.7751677852349	-0.6481831168831167	-0.3438574282147313	0.38394886086088065	0.40317715437272206	1.0	0.0036939767251078504	bray_curtis
-0.0719731303179576	0.35473653136531347	0.29498920898534176	1.0	-0.038724469577472	0.0	-38.87248322147651	-1.1015642857142858	-0.5884224409448815	0.37807559524281686	0.27175917524972315	1.0	-0.07629477247128125	bray_curtis
-0.10586274509803939	0.103267778208608	0.28007397881866936	1.0	-0.11073478569514195	0.0	-18.761744966442954	-0.5540124999999998	-0.2312106145251398	0.40861542941083373	0.4300458249655028	1.0	-0.10625800430047105	bray_curtis
-0.06642095238095225	0.018750968904912013	0.32930730830232513	1.0	-0.0650367515958421	0.0	-29.003355704697988	-0.10325584415584421	-0.29204401544401537	0.33384416419028917	0.42410433141852744	1.0	-0.016841263229521397	bray_curtis
-0.13436060606060618	-0.08769722222222254	0.2948882933115785	1.0	-0.10612286003874782	0.0	-75.03355704697987	-0.22821015625000007	0.09169349775784719	0.2613826104292082	0.4090400916245265	1.0	-0.107593172992964	bray_curtis
-0.0780632094943241	0.37506872586872597	0.3118479014907589	1.0	-0.01760349789202098	0.0	-12.268456375838927	0.05576130952380964	0.02318016528925604	0.35332677549417857	0.3492278396012314	1.0	-0.1018780583948844	bray_curtis
-0.0251827875095203	-0.15106043956043957	0.17991552195641203	1.0	-0.022245461194734473	0.0	-35.560402684563755	-0.8689138888888888	-0.019892987512008187	0.3162400554655348	0.3611276224136779	1.0	-0.02377652721433532	bray_curtis
-0.04592028660994152	0.3801290836653387	0.40178558566012934	1.0	-0.03195922385778882	0.0	-41.24496644295302	-0.10485390625000002	-0.06755497737556615	0.44143847348242504	0.2550984277256473	1.0	-0.025780880331500722	bray_curtis
-0.0824433497536945	-0.6300599831508	0.24431176401104415	1.0	-0.027132152076460248	0.0	-23.177852348993287	-0.24264753086419732	0.14640424469413216	0.3451884088372271	0.22479506784803505	1.0	0.09380694245092391	bray_curtis
-0.16847515055257722	0.31388499999999975	0.38319206085240687	1.0	-0.003537215736494126	0.0	-57.99664429530201	-0.9957433333333332	-0.15862036503362154	0.4575795946597685	0.35653931712660347	1.0	-0.031771563174367135	bray_curtis
-0.09840035826242688	0.036292765957446904	0.3152060234133105	1.0	-0.06552917337029318	0.0	-19.906040268456376	-0.16739552845528438	-0.011014651368049577	0.49086505239342704	0.3643583128855662	1.0	-0.09111435377432153	bray_curtis
-0.02934672147718853	0.23221053254437862	0.3072619383175035	1.0	-0.06264641796999904	0.0	-58.647651006711406	-0.25640170940170925	-0.057327559055118105	0.43698410352588146	0.3132687197919254	1.0	-0.13566980051033406	bray_curtis
-0.12044427244582057	0.09780506329113914	0.3240921897933353	1.0	-0.06448502216509144	0.0	-43.2751677852349	-1.4492041666666666	-0.1776810362694301	0.4822221111524355	0.30913884794243995	1.0	-0.05954466889254961	bray_curtis
-0.06000873535834805	0.2581739130434779	0.27647226723992047	1.0	-0.10262421178667647	0.0	-28.70469798657718	-0.2659839285714285	-0.031517353308364804	0.41632700149596347	0.36645642604235174	1.0	-0.09534326314316255	bray_curtis
-0.0732863777089785	0.1003767003836763	0.37768341539473604	1.0	-0.0507471025471955	0.0	-74.18120805369128	-0.5068181818181816	0.05125569306930655	0.3971111532085636	0.2769084976807037	1.0	0.04882248906183828	bray_curtis
-0.03639050604567817	0.11509688073394475	0.3397870822679122	1.0	-0.07831943257318774	0.0	-42.31208053691275	-0.24335232558139563	-0.21742313725490203	0.40279144832707503	0.2634471354278385	1.0	-0.0598054673749433	bray_curtis
-0.13795460162601625	0.155478629887845	0.34638095644932343	1.0	0.0795328697533687	0.0	-42.73489932885906	-2.3959625000000004	0.10877613776137773	0.3634279365345221	0.4408602471926404	1.0	-0.06524887052195472	bray_curtis
0.030948979591836734	0.3456962603878114	0.2898776162344706	1.0	-0.11403445452629213	0.0	-70.86577181208054	-2.554275	0.15764846743295025	0.3542274799676576	0.5020667415227137	1.0	-0.0753627593700299	bray_curtis
-0.11724904798172142	0.10583796791443845	0.38443524910783244	1.0	-0.03325846070499017	0.0	-84.08389261744966	-0.059537142857142955	-0.003447943262410824	0.36262680817170645	0.30241416152975487	1.0	0.03685940389710096	bray_curtis
-0.1061506166360533	0.008462009914376178	0.34262326660285014	1.0	-0.02973224661209284	0.0	-60.080536912751676	-0.8500151162790694	-0.12936862745098043	0.2516160461088084	0.36611185944355795	1.0	-0.15680629310016747	bray_curtis
-0.00038575881083691144	-0.07116681922196788	0.35438352346722535	1.0	-0.11383917488916895	0.0	-13.835570469798657	-0.017131250000000042	0.031191635916359206	0.3499560168190615	0.4315620048989566	1.0	-0.041397154556447546	bray_curtis
0.0002669055082848981	-0.09921185917232833	0.3813405727695405	1.0	-0.06262410836915855	0.0	-91.65771812080537	-0.526788888888889	-0.6238910256410257	0.4078634788675197	0.40258338124604864	1.0	-0.08994259351593059	bray_curtis
-0.05352117073170737	-0.03492448220924094	0.27348059808230996	1.0	-0.015154543366241002	0.0	-38.899328859060404	-0.29406428571428567	-0.010238850346878214	0.34490162430382076	0.4239339774276353	1.0	-0.011244501989715161	bray_curtis
-0.01304930183310149	0.3354765262252797	0.31684330817930795	1.0	0.00597852921907005	0.0	-59.74832214765101	-0.7428554545454549	-0.1422140495867774	0.3574742957783207	0.3949967205385446	1.0	-0.059673084177418234	bray_curtis
-0.08599272053470952	-0.07854358108108128	0.34967523338350104	1.0	-0.02114970424126561	0.0	-38.30536912751678	-0.3316633720930233	-0.1341960784313725	0.4083079228182144	0.4753909724389225	1.0	-0.037227825003468995	bray_curtis
-0.14714770731707305	-0.3029957983193279	0.259114595844938	1.0	-0.03822109340833091	0.0	-44.395973154362416	-0.26731964285714294	0.03018062499999985	0.42554462905256396	0.30666845531374587	1.0	-0.11587655886408088	bray_curtis
-0.08542201045595887	-1.0734866906474818	0.3402296115107085	1.0	-0.18368135193490986	0.0	-41.01677852348993	-0.6345736111111109	-0.0820063218390803	0.3807227241365999	0.3558789453623942	1.0	0.0342343076530045	bray_curtis
-0.07276869658119667	0.5217594063727631	0.3592157156594039	1.0	-0.05033530310777179	0.0	-30.01006711409396	-1.5802357142857137	0.05045805658056579	0.3924457354335328	0.46257685372920376	1.0	-0.010791788618630171	bray_curtis
-0.08338666666666672	-0.18949165919282485	0.3780519603435326	1.0	-0.036848764950546675	0.0	-40.848993288590606	-0.5977362068965519	0.09630528683914474	0.44021981766877016	0.3596186621621569	1.0	-0.2007277641200238	bray_curtis
-0.07443060076945862	0.1192000000000003	0.3832312353167533	1.0	0.02402989550398571	0.0	-29.993288590604028	-0.3812168831168832	0.08006877394636014	0.3239840945946677	0.4615439663498083	1.0	-0.05175000905630878	bray_curtis
-0.07480952380952388	0.6843984455958548	0.3008098067203929	1.0	-0.055474583384687026	0.0	-89.52013422818791	-1.981540277777778	-0.5658152212389382	0.37164185958711293	0.3045348138710505	1.0	-0.0779387744645692	bray_curtis
-0.009245658536585433	0.1726254308337215	0.38808315412384664	1.0	0.0258489240950579	0.0	-19.21812080536913	-0.18820116279069765	0.18816219008264468	0.43341967801932757	0.40014618953501613	1.0	-0.030862166375804856	bray_curtis
-0.15069826224328597	0.2475778558875219	0.27119938562665047	1.0	-0.007026731007073739	0.0	-57.95973154362416	-0.10673219696969705	0.1110024590163935	0.39374870454990163	0.4061857108310244	1.0	-0.01144597675342962	bray_curtis
-0.0688059837398376	-0.5290032258064512	0.3578674245732236	1.0	0.01045698187604105	0.0	-38.738255033557046	-0.6239857142857146	0.004120099875156158	0.44428166818209136	0.4052800033266505	1.0	-0.02787610259077522	bray_curtis
-0.0470213751571702	0.2467767317939611	0.4301701893346591	1.0	-0.08213288733142199	0.0	-34.80536912751678	-0.03156944444444432	-0.13739078341013844	0.4217520220301916	0.38585577312877284	1.0	-0.07982263225827668	bray_curtis
-0.016996190476190387	0.038645843828715165	0.32562925622867067	1.0	-0.055819635747536456	0.0	-22.741610738255034	-0.7264680555555554	-0.0997160416666667	0.3507997433608687	0.40547839849422695	1.0	-0.022729046294113653	bray_curtis
-0.04776955537887595	0.09647474434459258	0.3465323294670285	1.0	0.008051179773252426	0.0	-57.241610738255034	-0.20010325203251988	-0.19249302325581374	0.38103599195647475	0.33144175352497574	1.0	-0.0208298235458233	bray_curtis
-0.020843708016121454	0.33041346633416446	0.33185584572169147	1.0	-0.052293101942740616	0.0	-44.29530201342282	-0.6667620689655176	-0.044902127659574465	0.37694094876460205	0.39431668730070446	1.0	-0.06371302271034529	bray_curtis
-0.0675888082387246	0.15133183098591552	0.2628762640798139	1.0	0.017693837743739893	0.0	-57.06375838926174	-1.468706944444444	-0.07929903474903499	0.30895863687464864	0.44788172836500884	1.0	-0.10026451579039453	bray_curtis
-0.09265438034188045	0.12177800316957199	0.31218264059293344	1.0	-0.026438249300112293	0.0	-60.79530201342282	-0.13737285714285696	0.09694883720930214	0.2832359506606026	0.3461796596075378	1.0	-0.014890916654687114	bray_curtis
-0.15487326466636775	0.17785018480492754	0.35781264104175414	1.0	-0.0628412928857276	0.0	-59.86577181208054	-0.7124876543209873	0.1321828512396691	0.41648350398854905	0.3857555466120888	1.0	-0.0003972782926324747	bray_curtis
