beta	psuedoF	pval	iteration
bray_curtis	1.025715433526678	0.375	2
bray_curtis	1.017566216043822	0.394	3
bray_curtis	1.0338119658333222	0.35	4
bray_curtis	1.0822847682808412	0.248	5
bray_curtis	0.7273626390542017	0.968	6
bray_curtis	1.0697782704097238	0.279	7
bray_curtis	1.0875640232793111	0.279	8
bray_curtis	1.0034899103779462	0.426	9
bray_curtis	1.3199419121035698	0.039	10
bray_curtis	1.0037834025766	0.44	11
bray_curtis	0.8667583190784136	0.746	12
bray_curtis	1.1210986287001072	0.181	13
bray_curtis	1.2306198110011304	0.041	14
bray_curtis	0.9654018333349692	0.534	15
bray_curtis	0.9422464746860528	0.675	16
bray_curtis	0.9394414128502854	0.614	17
bray_curtis	0.9180347896407817	0.684	18
bray_curtis	1.1768979327201983	0.116	19
bray_curtis	1.04759682236565	0.317	20
bray_curtis	0.9883996171449967	0.716	21
bray_curtis	0.9300005583504811	0.562	22
bray_curtis	0.988547605097896	0.425	23
bray_curtis	1.158139668680636	0.102	24
bray_curtis	0.9031179781487095	0.65	25
bray_curtis	0.8107922812684739	0.855	26
bray_curtis	1.1543936914074053	0.162	2
bray_curtis	1.069251905480376	0.187	3
bray_curtis	0.9592338556955912	0.509	4
bray_curtis	0.9734283966972419	0.509	5
bray_curtis	0.9052347098653829	0.611	6
bray_curtis	0.9927872057405548	0.445	7
bray_curtis	1.0791576007028867	0.288	8
bray_curtis	1.0701891756462671	0.174	9
bray_curtis	0.8482187934905787	0.88	10
bray_curtis	1.025283480895126	0.354	11
bray_curtis	1.22194874393905	0.139	12
bray_curtis	1.1636438000633935	0.096	13
bray_curtis	1.1753068008187026	0.076	14
bray_curtis	1.0702102017434143	0.271	15
bray_curtis	1.0911177818912081	0.17	16
bray_curtis	0.8259930333278231	0.922	17
bray_curtis	1.1918661039956027	0.098	18
bray_curtis	1.0675558224492634	0.276	19
bray_curtis	0.9351903472239533	0.631	20
bray_curtis	1.0192573753872498	0.209	21
bray_curtis	1.5998990766923658	0.016	22
bray_curtis	2.0655944027976254	0.003	23
bray_curtis	0.9677792237994972	0.532	24
bray_curtis	0.9882714763986759	0.448	25
bray_curtis	0.8864561264090657	0.647	26
bray_curtis	0.7895321041348968	0.884	2
bray_curtis	0.9522938088601811	0.689	3
bray_curtis	1.0996958693528844	0.243	4
bray_curtis	1.0407020718088125	0.329	5
bray_curtis	0.821114760041967	0.828	6
bray_curtis	1.0656112946630574	0.289	7
bray_curtis	0.8416901887611835	0.789	8
bray_curtis	1.0199268408973867	0.368	9
bray_curtis	0.9900846502256894	0.464	10
bray_curtis	1.0310327820899226	0.323	11
bray_curtis	0.9029137566469047	0.64	12
bray_curtis	0.7960251465146027	0.962	13
bray_curtis	1.178744251789709	0.072	14
bray_curtis	1.0443776144432424	0.317	15
bray_curtis	1.042179494155381	0.312	16
bray_curtis	1.0480849866030606	0.312	17
bray_curtis	0.8311452289838436	0.919	18
bray_curtis	1.1365557973101792	0.169	19
bray_curtis	0.8829755852793039	0.785	20
bray_curtis	0.9871375039424009	0.734	21
bray_curtis	0.9975246058042878	0.422	22
bray_curtis	0.9306554882355514	0.613	23
bray_curtis	0.9050466006446107	0.785	24
bray_curtis	1.4863419615618902	0.032	25
bray_curtis	1.0686226681333397	0.29	26
bray_curtis	1.1149635773147724	0.24	2
bray_curtis	0.9120327563149316	0.864	3
bray_curtis	0.998380417838718	0.438	4
bray_curtis	1.156342897807763	0.142	5
bray_curtis	0.8511306092712305	0.745	6
bray_curtis	0.9182385019504894	0.659	7
bray_curtis	1.0121091741696482	0.383	8
bray_curtis	1.088029636029457	0.116	9
bray_curtis	1.0872817779793384	0.231	10
bray_curtis	1.1271273836414923	0.171	11
bray_curtis	0.8744010393500035	0.716	12
bray_curtis	1.3577520425300518	0.022	13
bray_curtis	1.011414191878112	0.417	14
bray_curtis	1.0281810086566014	0.342	15
bray_curtis	0.8746629932215408	0.91	16
bray_curtis	0.8768470408421563	0.815	17
bray_curtis	1.1611384674773384	0.133	18
bray_curtis	1.0307689022452573	0.332	19
bray_curtis	0.8344403910825253	0.905	20
bray_curtis	1.0044037043624485	0.418	21
bray_curtis	1.060883118155257	0.302	22
bray_curtis	0.8855537705621525	0.632	23
bray_curtis	0.9590108232886566	0.594	24
bray_curtis	1.083745446434103	0.297	25
bray_curtis	0.8950278496887806	0.667	26
bray_curtis	0.9563331347062014	0.524	2
bray_curtis	0.8512339191427511	0.982	3
bray_curtis	1.7066337736136452	0.011	4
bray_curtis	0.8439945555801818	0.886	5
bray_curtis	0.9794690891057029	0.461	6
bray_curtis	1.1290737506991002	0.165	7
bray_curtis	0.7961308292785311	0.882	8
bray_curtis	0.9419306955211847	0.757	9
bray_curtis	0.9854525686202388	0.471	10
bray_curtis	0.9845173708778252	0.486	11
bray_curtis	0.9655982095703257	0.49	12
bray_curtis	0.9195586338716513	0.682	13
bray_curtis	0.9983156952447199	0.447	14
bray_curtis	0.884285176158517	0.785	15
bray_curtis	0.8796342459092397	0.884	16
bray_curtis	0.8698406986741751	0.825	17
bray_curtis	1.1451485490321278	0.14	18
bray_curtis	0.8630591655107841	0.817	19
bray_curtis	0.8717080676593315	0.8	20
bray_curtis	1.021430804105905	0.154	21
bray_curtis	1.270492967818285	0.107	22
bray_curtis	0.8659025764634275	0.763	23
bray_curtis	1.2535029443428387	0.043	24
bray_curtis	0.7645437770171232	0.931	25
bray_curtis	1.179278911297276	0.169	26
bray_curtis	1.2593140925163329	0.103	2
bray_curtis	0.8673004033498544	0.96	3
bray_curtis	0.8501286340443445	0.791	4
bray_curtis	0.9049817144690799	0.715	5
bray_curtis	0.8698336460545186	0.747	6
bray_curtis	1.3027289318298971	0.041	7
bray_curtis	1.0292942857640277	0.346	8
bray_curtis	1.0191904799537852	0.366	9
bray_curtis	1.325365296849871	0.029	10
bray_curtis	0.7922042405770013	0.965	11
bray_curtis	0.830776091525536	0.805	12
bray_curtis	1.018346783928063	0.382	13
bray_curtis	0.8233782468661456	0.976	14
bray_curtis	1.00481713307968	0.408	15
bray_curtis	1.0542596697575015	0.282	16
bray_curtis	0.9784373915469519	0.467	17
bray_curtis	0.8162609668365978	0.931	18
bray_curtis	1.1978562077851833	0.1	19
bray_curtis	0.9944440192959665	0.451	20
bray_curtis	0.9511805634297886	0.993	21
bray_curtis	0.9244251910957701	0.59	22
bray_curtis	0.941146512921563	0.558	23
bray_curtis	0.8536583518801321	0.91	24
bray_curtis	1.4692960993630129	0.032	25
bray_curtis	0.9314217573654308	0.558	26
bray_curtis	1.0197219132295747	0.348	2
bray_curtis	1.0603594448411913	0.242	3
bray_curtis	1.0012519357549403	0.394	4
bray_curtis	0.87274339380899	0.838	5
bray_curtis	0.8537857335379794	0.765	6
bray_curtis	0.8240374213976615	0.909	7
bray_curtis	1.1188881879878472	0.227	8
bray_curtis	0.9311044464334369	0.814	9
bray_curtis	0.9400239793920833	0.602	10
bray_curtis	1.016382564506844	0.388	11
bray_curtis	1.08427046436634	0.259	12
bray_curtis	1.0660217820906066	0.284	13
bray_curtis	0.8267195817687452	0.961	14
bray_curtis	1.1329399439396897	0.155	15
bray_curtis	0.91317178546161	0.796	16
bray_curtis	1.1564966795965437	0.13	17
bray_curtis	0.9297307833477121	0.679	18
bray_curtis	1.0475444862174033	0.303	19
bray_curtis	1.0913936509467195	0.227	20
bray_curtis	1.0289128222345052	0.099	21
bray_curtis	0.9524464907778084	0.519	22
bray_curtis	1.217816674094686	0.139	23
bray_curtis	1.0031239401509378	0.456	24
bray_curtis	0.9076609366688994	0.63	25
bray_curtis	1.0233332164068232	0.357	26
bray_curtis	1.1674877720366168	0.161	2
bray_curtis	1.0825089708641862	0.157	3
bray_curtis	0.8538233961969562	0.773	4
bray_curtis	0.7966529970151943	0.95	5
bray_curtis	1.0286113585758019	0.311	6
bray_curtis	1.0318832777605127	0.331	7
bray_curtis	0.8178490263166011	0.843	8
bray_curtis	1.172750768794591	0.018	9
bray_curtis	0.9409079232118197	0.581	10
bray_curtis	0.853368241210571	0.85	11
bray_curtis	0.8512329352862401	0.762	12
bray_curtis	1.3653315188977944	0.032	13
bray_curtis	0.9108146735343843	0.749	14
bray_curtis	0.7397756889171174	0.989	15
bray_curtis	0.92916642967088	0.729	16
bray_curtis	0.8023544721886436	0.953	17
bray_curtis	1.0176444206718849	0.364	18
bray_curtis	1.027000406542252	0.365	19
bray_curtis	1.1571340800863066	0.122	20
bray_curtis	1.0083432556461636	0.333	21
bray_curtis	0.8754158188070124	0.72	22
bray_curtis	0.7881214970380085	0.916	23
bray_curtis	0.9064591370446438	0.769	24
bray_curtis	1.1805831047144237	0.169	25
bray_curtis	0.8787389939219182	0.705	26
bray_curtis	0.9353746818180116	0.564	2
bray_curtis	1.0039094146588556	0.453	3
bray_curtis	0.9217491918733292	0.582	4
bray_curtis	1.0767373029965448	0.264	5
bray_curtis	1.0493802952757454	0.31	6
bray_curtis	0.8601841232913635	0.837	7
bray_curtis	1.319900369876966	0.056	8
bray_curtis	1.1034066672500316	0.086	9
bray_curtis	0.9494197019588305	0.583	10
bray_curtis	0.8553228898095276	0.869	11
bray_curtis	1.148769876478683	0.186	12
bray_curtis	1.3443831266012218	0.028	13
bray_curtis	0.8442744481107382	0.938	14
bray_curtis	0.9475054277019438	0.572	15
bray_curtis	1.1480136265758	0.093	16
bray_curtis	1.1080821745298202	0.201	17
bray_curtis	0.7444494448927691	0.991	18
bray_curtis	1.2819080933823757	0.05	19
bray_curtis	1.0742082684103946	0.253	20
bray_curtis	0.9833569609413603	0.764	21
bray_curtis	0.8981038534923753	0.626	22
bray_curtis	1.3553855279525016	0.061	23
bray_curtis	0.7863606368946716	0.988	24
bray_curtis	1.0117323438153911	0.387	25
bray_curtis	0.8954997140311197	0.678	26
bray_curtis	1.0429355293242015	0.334	2
bray_curtis	1.0082313150689621	0.449	3
bray_curtis	1.6310404729164798	0.023	4
bray_curtis	1.0240758911792014	0.361	5
bray_curtis	1.2241733674991488	0.13	6
bray_curtis	1.0078453098068583	0.422	7
bray_curtis	0.9360487183194595	0.541	8
bray_curtis	0.8906442261085739	0.959	9
bray_curtis	0.9293596969588059	0.626	10
bray_curtis	0.9648671851970431	0.537	11
bray_curtis	0.9233311229256702	0.573	12
bray_curtis	1.0134457838060573	0.363	13
bray_curtis	1.03355527406386	0.346	14
bray_curtis	1.0778772106888173	0.252	15
bray_curtis	1.035342547591164	0.308	16
bray_curtis	0.8842102735344859	0.803	17
bray_curtis	1.1495632673228207	0.147	18
bray_curtis	1.4935218922642861	0.009	19
bray_curtis	1.258295991976927	0.068	20
bray_curtis	1.0072068677522836	0.382	21
bray_curtis	0.7682045822972121	0.913	22
bray_curtis	0.952324010557008	0.499	23
bray_curtis	1.0434929736894016	0.285	24
bray_curtis	0.9160094533622216	0.631	25
bray_curtis	0.8897029947555277	0.669	26
bray_curtis	1.0714465563436213	0.273	2
bray_curtis	1.0491606604381334	0.249	3
bray_curtis	0.9335879962181126	0.562	4
bray_curtis	0.857498546460387	0.863	5
bray_curtis	1.2035049484220253	0.146	6
bray_curtis	1.1194650571907425	0.19	7
bray_curtis	1.1230473832621295	0.206	8
bray_curtis	1.075097607161881	0.144	9
bray_curtis	1.038839810520449	0.329	10
bray_curtis	1.1428274952352946	0.143	11
bray_curtis	0.7017158209458575	0.986	12
bray_curtis	1.0536250608840259	0.291	13
bray_curtis	1.1338527854418958	0.139	14
bray_curtis	0.7444971508148077	0.993	15
bray_curtis	0.9260055491658934	0.734	16
bray_curtis	1.514604929355712	0.006	17
bray_curtis	1.0177470446385484	0.396	18
bray_curtis	1.016142908227863	0.395	19
bray_curtis	0.9529150235244326	0.565	20
bray_curtis	0.997721134399765	0.532	21
bray_curtis	0.8668736852358792	0.712	22
bray_curtis	1.0943878450906581	0.262	23
bray_curtis	0.9170439248960046	0.743	24
bray_curtis	1.5272477468103733	0.02	25
bray_curtis	1.2024560969416525	0.137	26
bray_curtis	0.7748710208726957	0.907	2
bray_curtis	0.9241721812752598	0.838	3
bray_curtis	0.940655756875072	0.563	4
bray_curtis	1.188129184541325	0.1	5
bray_curtis	0.8130342458109715	0.842	6
bray_curtis	1.0562919041946914	0.308	7
bray_curtis	0.9055269371824188	0.62	8
bray_curtis	1.172708334689442	0.014	9
bray_curtis	0.9004798988659997	0.734	10
bray_curtis	1.0277314549640677	0.365	11
bray_curtis	1.0079720979963085	0.409	12
bray_curtis	1.1517011934366401	0.141	13
bray_curtis	0.9590715744413792	0.583	14
bray_curtis	1.2190611193008105	0.086	15
bray_curtis	1.0553089392493518	0.276	16
bray_curtis	0.9861377580512707	0.468	17
bray_curtis	0.8528616424621742	0.865	18
bray_curtis	0.9818984605964187	0.484	19
bray_curtis	0.829273604810224	0.932	20
bray_curtis	1.0002186757954845	0.472	21
bray_curtis	1.10810726876788	0.234	22
bray_curtis	0.8421837296236314	0.784	23
bray_curtis	1.091955685908873	0.205	24
bray_curtis	1.0217125658679727	0.41	25
bray_curtis	0.8923840424734226	0.639	26
bray_curtis	0.9366656292249829	0.548	2
bray_curtis	1.1706768721053165	0.035	3
bray_curtis	0.7011708654729291	0.985	4
bray_curtis	0.9031067663334613	0.737	5
bray_curtis	0.7098839849639754	0.98	6
bray_curtis	0.9331381821236633	0.619	7
bray_curtis	0.7498456921470151	0.942	8
bray_curtis	0.9989645950645089	0.475	9
bray_curtis	0.9333684844713414	0.65	10
bray_curtis	0.9315100591581273	0.646	11
bray_curtis	0.8695669185468152	0.709	12
bray_curtis	1.1665282716207879	0.142	13
bray_curtis	1.1081782997423084	0.153	14
bray_curtis	0.9995434235964259	0.449	15
bray_curtis	0.9682130084530701	0.588	16
bray_curtis	0.955156837366034	0.565	17
bray_curtis	0.8619002447953681	0.864	18
bray_curtis	1.0500799919350312	0.296	19
bray_curtis	0.8034704880323492	0.936	20
bray_curtis	1.009873769162677	0.331	21
bray_curtis	0.8984083632374624	0.665	22
bray_curtis	1.6029913772888553	0.014	23
bray_curtis	0.9156914380298421	0.763	24
bray_curtis	0.8853080822467609	0.657	25
bray_curtis	1.645225902983098	0.019	26
bray_curtis	1.053599329928853	0.277	2
bray_curtis	0.8541089300633112	0.985	3
bray_curtis	0.8162882861696343	0.83	4
bray_curtis	0.9946756711286875	0.463	5
bray_curtis	1.6980026189692592	0.019	6
bray_curtis	0.9464736731120154	0.596	7
bray_curtis	0.8901835080223701	0.674	8
bray_curtis	0.8756699664979295	0.973	9
bray_curtis	0.9294055351126117	0.654	10
bray_curtis	1.101045925421715	0.215	11
bray_curtis	1.4384597464330995	0.041	12
bray_curtis	0.9388250855811106	0.621	13
bray_curtis	0.9842603027821686	0.501	14
bray_curtis	0.8654915311481427	0.829	15
bray_curtis	0.9011961141314182	0.837	16
bray_curtis	1.2199875212307454	0.081	17
bray_curtis	0.9030438218834216	0.724	18
bray_curtis	1.214222067934481	0.092	19
bray_curtis	0.8251455431633384	0.925	20
bray_curtis	1.0193246965890974	0.182	21
bray_curtis	1.1943759286224436	0.169	22
bray_curtis	0.9312448185438559	0.553	23
bray_curtis	0.8571139510322948	0.914	24
bray_curtis	0.8708761825979793	0.706	25
bray_curtis	0.9506772201769147	0.495	26
bray_curtis	0.9311440137058195	0.565	2
bray_curtis	1.0555257066783958	0.228	3
bray_curtis	1.0467080065462742	0.302	4
bray_curtis	0.9257745723194305	0.652	5
bray_curtis	1.007715451676387	0.395	6
bray_curtis	1.3044575341530404	0.042	7
bray_curtis	0.8097376749544732	0.848	8
bray_curtis	1.0451393061336616	0.263	9
bray_curtis	0.8786468562064109	0.817	10
bray_curtis	1.0864381806974759	0.236	11
bray_curtis	0.8945430832261599	0.667	12
bray_curtis	0.8449101627774599	0.885	13
bray_curtis	0.887514347553057	0.863	14
bray_curtis	1.1805366004139208	0.097	15
bray_curtis	1.1121546669377778	0.136	16
bray_curtis	0.9077407059543671	0.703	17
bray_curtis	0.9080879027465031	0.703	18
bray_curtis	1.0319611828079729	0.346	19
bray_curtis	0.9634058656245835	0.54	20
bray_curtis	0.9952308220243344	0.561	21
bray_curtis	0.8475428657967543	0.795	22
bray_curtis	0.8484791667274635	0.763	23
bray_curtis	0.9842951489771956	0.511	24
bray_curtis	0.9824188945620748	0.484	25
bray_curtis	1.0921534751745727	0.256	26
jaccard	1.4895370383801458	0.004	2
jaccard	0.9778741931326935	0.65	3
jaccard	0.9384812603437439	0.652	4
jaccard	0.949583786175601	0.691	5
jaccard	0.9291400575326774	0.713	6
jaccard	0.9152058103179911	0.85	7
jaccard	0.984544695080724	0.469	8
jaccard	1.0492060315724303	0.149	9
jaccard	0.9910396873841762	0.473	10
jaccard	0.8844597638305906	0.939	11
jaccard	0.9449055540660775	0.613	12
jaccard	1.0160746512405667	0.358	13
jaccard	0.9450639404919963	0.774	14
jaccard	1.10618640617001	0.117	15
jaccard	1.1180174695082792	0.057	16
jaccard	1.0272671738523622	0.34	17
jaccard	1.091825835645878	0.112	18
jaccard	0.8607488633804916	0.976	19
jaccard	0.871537267860171	0.967	20
jaccard	1.0106171890796993	0.18	21
jaccard	0.866095459501193	0.897	22
jaccard	1.0521410799620945	0.282	23
jaccard	1.0604212233491108	0.187	24
jaccard	0.8915949938439333	0.804	25
jaccard	0.9000999983380301	0.783	26
jaccard	0.8981489013674034	0.812	2
jaccard	0.9934936311693532	0.529	3
jaccard	0.9317875263476697	0.678	4
jaccard	0.9049061856811448	0.894	5
jaccard	0.9904873985360377	0.456	6
jaccard	0.9683594462183109	0.612	7
jaccard	1.1567067734175491	0.084	8
jaccard	0.9627797377898678	0.801	9
jaccard	0.9938110738524433	0.478	10
jaccard	1.0734393401869653	0.162	11
jaccard	1.374717314221373	0.017	12
jaccard	1.0902882730843	0.135	13
jaccard	0.9672449216372909	0.653	14
jaccard	0.9703089884182899	0.583	15
jaccard	1.0218518930665887	0.309	16
jaccard	1.0302584790329576	0.335	17
jaccard	0.957011020309792	0.653	18
jaccard	1.079668642299795	0.189	19
jaccard	1.138561474614408	0.075	20
jaccard	1.0109045158060617	0.202	21
jaccard	0.9385424634560189	0.655	22
jaccard	1.0539931238208062	0.262	23
jaccard	0.9579741829482991	0.676	24
jaccard	0.898124757346	0.837	25
jaccard	1.0414141302199325	0.296	26
jaccard	0.8362649062093089	0.965	2
jaccard	0.9535989543736898	0.835	3
jaccard	0.9693990482861117	0.532	4
jaccard	1.061150263597099	0.188	5
jaccard	0.8410315493674138	0.955	6
jaccard	0.9226507804492695	0.833	7
jaccard	1.1967615882913756	0.072	8
jaccard	1.1523733582208022	0.003	9
jaccard	0.8671882653838503	0.974	10
jaccard	0.8970295745571196	0.912	11
jaccard	0.797157396054843	0.991	12
jaccard	1.1795756382799585	0.051	13
jaccard	0.9358759145820126	0.796	14
jaccard	1.2738074925340457	0.011	15
jaccard	0.9316092678133852	0.868	16
jaccard	0.9974418177024569	0.466	17
jaccard	0.9954746072507147	0.46	18
jaccard	1.059667748343432	0.224	19
jaccard	1.2227632115009535	0.018	20
jaccard	0.9906547302369753	0.81	21
jaccard	0.9059699499246563	0.791	22
jaccard	0.9804801167890551	0.488	23
jaccard	1.063285946206069	0.18	24
jaccard	0.9215602792328244	0.725	25
jaccard	1.084873667110576	0.204	26
jaccard	0.7838687723625581	0.998	2
jaccard	1.0205804348440473	0.333	3
jaccard	1.0487786749352561	0.275	4
jaccard	0.9458136524856517	0.722	5
jaccard	0.9762276029067589	0.526	6
jaccard	1.2080980249852318	0.021	7
jaccard	1.0845270656847683	0.209	8
jaccard	1.08335487332941	0.043	9
jaccard	0.9751637881183874	0.564	10
jaccard	1.0011197900176565	0.418	11
jaccard	0.9148989637917769	0.762	12
jaccard	0.8570821634222595	0.988	13
jaccard	0.9772668942855384	0.583	14
jaccard	1.046030753107132	0.244	15
jaccard	0.9636009752822196	0.705	16
jaccard	0.9196437298630058	0.839	17
jaccard	0.9932295170747338	0.474	18
jaccard	0.9768942992721699	0.519	19
jaccard	0.9893099806101064	0.488	20
jaccard	0.999651373058997	0.512	21
jaccard	0.9889085954136915	0.447	22
jaccard	0.8508641201141854	0.935	23
jaccard	1.0601035648314951	0.188	24
jaccard	1.0090209369145877	0.425	25
jaccard	0.9457967288105854	0.664	26
jaccard	1.0096931831216904	0.409	2
jaccard	0.9414843981624912	0.903	3
jaccard	0.8698056037951941	0.889	4
jaccard	0.9858198928930032	0.496	5
jaccard	0.8672752321567503	0.914	6
jaccard	1.2017030331362424	0.026	7
jaccard	0.8760147663330331	0.879	8
jaccard	1.0478672562515199	0.14	9
jaccard	0.9904207078841303	0.482	10
jaccard	1.263255360266267	0.013	11
jaccard	0.9764917194733471	0.488	12
jaccard	0.9913053669390857	0.494	13
jaccard	1.0151809227865165	0.364	14
jaccard	1.0452669637016718	0.262	15
jaccard	0.9512957560986091	0.787	16
jaccard	0.9425468467414826	0.732	17
jaccard	0.9935968718815266	0.464	18
jaccard	0.9553823103649223	0.646	19
jaccard	0.9959392169669847	0.47	20
jaccard	1.0072948087002702	0.258	21
jaccard	0.8416416734177025	0.946	22
jaccard	0.9113318857762781	0.754	23
jaccard	1.0489540922229452	0.248	24
jaccard	1.0247638527807643	0.371	25
jaccard	1.0023780378603846	0.416	26
jaccard	0.9718155806794967	0.542	2
jaccard	0.9915673705609966	0.518	3
jaccard	1.1516374394068394	0.101	4
jaccard	0.9139295150453397	0.844	5
jaccard	1.3852223289729917	0.016	6
jaccard	0.9719492407671348	0.57	7
jaccard	1.0513339516111324	0.269	8
jaccard	1.060106874534407	0.096	9
jaccard	1.1511987371827535	0.059	10
jaccard	0.956649611858456	0.665	11
jaccard	0.9905514458570418	0.427	12
jaccard	1.0758866874978932	0.167	13
jaccard	0.9713665574630092	0.629	14
jaccard	1.0788996581679895	0.189	15
jaccard	1.0585815729751087	0.158	16
jaccard	1.0705164301835928	0.182	17
jaccard	0.9635497044931225	0.63	18
jaccard	1.2213717713369234	0.018	19
jaccard	1.0607808831512362	0.224	20
jaccard	1.00056606616965	0.489	21
jaccard	0.8695817967062394	0.89	22
jaccard	1.0147577199684452	0.392	23
jaccard	1.0470740899795075	0.242	24
jaccard	0.9666075560427466	0.555	25
jaccard	0.9328887593574765	0.659	26
jaccard	0.9127970123631803	0.735	2
jaccard	0.9156253843888916	0.975	3
jaccard	0.9586143479321149	0.587	4
jaccard	1.058538010413385	0.221	5
jaccard	1.0058811518659112	0.405	6
jaccard	1.0466804823135067	0.253	7
jaccard	1.1462382119627523	0.124	8
jaccard	0.9517549657666327	0.874	9
jaccard	1.0514064618430037	0.243	10
jaccard	1.0533514782974105	0.213	11
jaccard	0.9492476012970334	0.63	12
jaccard	0.9487826660788642	0.688	13
jaccard	1.0299550942647535	0.292	14
jaccard	1.035961448612486	0.273	15
jaccard	0.9138578740595237	0.94	16
jaccard	1.168242283388679	0.056	17
jaccard	1.043813524153603	0.278	18
jaccard	1.0043282796722008	0.422	19
jaccard	0.9207147062832559	0.84	20
jaccard	1.0000180582289504	0.47	21
jaccard	1.051576511133356	0.268	22
jaccard	1.0166696035755576	0.37	23
jaccard	0.9738007793107023	0.59	24
jaccard	0.9399307975509887	0.707	25
jaccard	0.9474853676296988	0.596	26
jaccard	0.9666006892629853	0.538	2
jaccard	1.017023973447407	0.321	3
jaccard	1.003632865229969	0.419	4
jaccard	0.952425899771757	0.682	5
jaccard	0.9310640533759882	0.668	6
jaccard	0.9614354924684044	0.626	7
jaccard	0.9009349780196353	0.808	8
jaccard	1.04754856934555	0.15	9
jaccard	0.9509027006281737	0.684	10
jaccard	0.9189770447661135	0.83	11
jaccard	0.9158230117435444	0.717	12
jaccard	0.9460287037667451	0.721	13
jaccard	1.010043463715211	0.402	14
jaccard	0.9963610762547558	0.444	15
jaccard	1.0019692380914802	0.455	16
jaccard	1.2814863111395456	0.013	17
jaccard	1.0077641445237697	0.391	18
jaccard	1.0767549990846659	0.17	19
jaccard	1.0209209350140773	0.326	20
jaccard	0.9893549858429537	0.807	21
jaccard	1.0161596824696735	0.359	22
jaccard	0.9614475124499358	0.567	23
jaccard	1.009155635528477	0.42	24
jaccard	0.9295285803913449	0.69	25
jaccard	0.9409983442976018	0.688	26
jaccard	0.8837032112787352	0.869	2
jaccard	0.9892533028778147	0.55	3
jaccard	0.8643797277042645	0.899	4
jaccard	1.0510148979509635	0.238	5
jaccard	0.997608081756702	0.425	6
jaccard	0.9880356415526547	0.492	7
jaccard	0.9750403809069403	0.5	8
jaccard	0.9502507253863317	0.883	9
jaccard	0.8607633877913875	0.976	10
jaccard	1.1203666185359482	0.082	11
jaccard	1.019491063750459	0.36	12
jaccard	0.9377381006688432	0.753	13
jaccard	0.9962366563934886	0.45	14
jaccard	1.09694447153599	0.13	15
jaccard	0.9024059833748469	0.964	16
jaccard	1.1589936884119865	0.062	17
jaccard	0.9237414781032808	0.812	18
jaccard	1.0678685017178418	0.211	19
jaccard	1.1142156939426935	0.098	20
jaccard	1.005445240353899	0.323	21
jaccard	1.085197076427946	0.219	22
jaccard	1.072392666103589	0.235	23
jaccard	1.0142319402399014	0.355	24
jaccard	0.9355917307267988	0.651	25
jaccard	1.0007669436505364	0.451	26
jaccard	1.0074860546304791	0.382	2
jaccard	1.0738564711690495	0.09	3
jaccard	0.9014561530891148	0.801	4
jaccard	1.0110270205194796	0.387	5
jaccard	1.0277579826398993	0.328	6
jaccard	0.9745916838758544	0.591	7
jaccard	0.9372632520044676	0.671	8
jaccard	0.9838007007994817	0.606	9
jaccard	0.9748639034039729	0.55	10
jaccard	1.0099800145682698	0.394	11
jaccard	1.091753013678595	0.208	12
jaccard	1.0013682991441843	0.465	13
jaccard	1.035123280775944	0.277	14
jaccard	1.0198071261680957	0.358	15
jaccard	1.051238022361921	0.159	16
jaccard	1.253229873431493	0.015	17
jaccard	0.939437799615386	0.752	18
jaccard	1.0318133229503097	0.305	19
jaccard	0.8977588589959625	0.89	20
jaccard	1.014867465882832	0.099	21
jaccard	0.9386805384871488	0.654	22
jaccard	1.056903311003447	0.258	23
jaccard	1.2028095118272353	0.017	24
jaccard	1.0121561730762914	0.401	25
jaccard	1.2648291812841481	0.038	26
jaccard	0.8655465957704761	0.881	2
jaccard	0.9989260854952454	0.491	3
jaccard	1.182065710549127	0.088	4
jaccard	0.9115609270315836	0.853	5
jaccard	0.9089246021048161	0.777	6
jaccard	0.9710690346307942	0.594	7
jaccard	1.0124762525478186	0.38	8
jaccard	1.0687553006505612	0.078	9
jaccard	0.9683751888741473	0.576	10
jaccard	1.0110696961164731	0.375	11
jaccard	0.9139744139542577	0.748	12
jaccard	0.995456527170812	0.45	13
jaccard	0.9532952098942127	0.701	14
jaccard	1.0008770898295536	0.438	15
jaccard	1.0714697988345825	0.117	16
jaccard	1.1670161228431108	0.043	17
jaccard	1.0088068999117572	0.385	18
jaccard	1.112844485850657	0.109	19
jaccard	1.0953726508165675	0.14	20
jaccard	0.9919006235816257	0.758	21
jaccard	1.157702359098796	0.095	22
jaccard	1.2367536264956063	0.052	23
jaccard	1.014482722515656	0.379	24
jaccard	0.9114938433071841	0.784	25
jaccard	1.170948847712949	0.097	26
jaccard	1.0454094288132985	0.278	2
jaccard	0.9990334474749674	0.472	3
jaccard	0.9707041030513774	0.531	4
jaccard	0.986298164916988	0.529	5
jaccard	0.9705744277811977	0.54	6
jaccard	1.0110457189520619	0.389	7
jaccard	1.0306585588211858	0.365	8
jaccard	0.998342696445814	0.486	9
jaccard	1.2241405367550302	0.023	10
jaccard	0.9900719892578567	0.487	11
jaccard	1.0212777426507778	0.358	12
jaccard	0.9689101999308777	0.587	13
jaccard	1.0409945710174664	0.232	14
jaccard	0.9575484668677056	0.642	15
jaccard	1.0258696186918437	0.297	16
jaccard	0.9601461205301163	0.615	17
jaccard	1.131865231387437	0.088	18
jaccard	0.9615215218243437	0.631	19
jaccard	0.9438983071326262	0.698	20
jaccard	0.9999433632255469	0.482	21
jaccard	1.1319712205336125	0.14	22
jaccard	0.9680044707273718	0.522	23
jaccard	0.959405969200861	0.696	24
jaccard	1.0541203670449382	0.266	25
jaccard	0.9869112851194561	0.425	26
jaccard	0.9668647130500844	0.547	2
jaccard	0.9549477765693927	0.839	3
jaccard	0.8244545847104622	0.965	4
jaccard	1.3166539497482614	0.006	5
jaccard	0.9005476211586182	0.79	6
jaccard	0.9760902023328097	0.546	7
jaccard	1.2225802521036382	0.069	8
jaccard	0.978715654018089	0.656	9
jaccard	1.0104367418675995	0.412	10
jaccard	0.8909832808445474	0.934	11
jaccard	1.0279187161507193	0.306	12
jaccard	1.2333654904950253	0.022	13
jaccard	1.108846164621787	0.088	14
jaccard	1.1267547468607284	0.086	15
jaccard	0.9867511215602605	0.539	16
jaccard	0.9851596746622358	0.523	17
jaccard	0.8974388413510487	0.892	18
jaccard	0.9893060321892767	0.515	19
jaccard	0.92803519558748	0.79	20
jaccard	0.9849199388021764	0.895	21
jaccard	1.347640476159671	0.017	22
jaccard	1.2252898744076364	0.077	23
jaccard	0.9149263921424702	0.909	24
jaccard	1.1029502919874281	0.154	25
jaccard	0.9772273452789281	0.541	26
jaccard	1.2379989543411256	0.042	2
jaccard	0.922407743858182	0.963	3
jaccard	0.9856784091470505	0.476	4
jaccard	0.8927020874412852	0.934	5
jaccard	0.8632344705881381	0.907	6
jaccard	1.0222941169816295	0.349	7
jaccard	0.9859341252525787	0.477	8
jaccard	0.9655418397466221	0.782	9
jaccard	1.0415538950048846	0.235	10
jaccard	0.9081705878242853	0.88	11
jaccard	0.9008448134626552	0.786	12
jaccard	0.8771191408309214	0.945	13
jaccard	0.9912566267700129	0.505	14
jaccard	1.0098559029294525	0.42	15
jaccard	0.9540954460761838	0.782	16
jaccard	1.1036295976139636	0.121	17
jaccard	1.0346204169207476	0.285	18
jaccard	0.9653560397737759	0.612	19
jaccard	0.9621598430294038	0.629	20
jaccard	0.9895769137203877	0.82	21
jaccard	0.9202948457097581	0.731	22
jaccard	0.8946788035525192	0.819	23
jaccard	0.9865832966208489	0.549	24
jaccard	1.0700902121803102	0.24	25
jaccard	0.9478543228867194	0.637	26
jaccard	1.1910236433089554	0.078	2
jaccard	1.011434867701451	0.371	3
jaccard	0.9303125887728834	0.672	4
jaccard	0.9773542337957549	0.558	5
jaccard	1.1041637122702703	0.171	6
jaccard	0.9698781686548275	0.597	7
jaccard	0.8784379594961472	0.857	8
jaccard	0.9377947274700186	0.935	9
jaccard	1.142552391503006	0.064	10
jaccard	0.9063516249207194	0.883	11
jaccard	0.9569468171295044	0.564	12
jaccard	1.076113015506209	0.174	13
jaccard	1.1186759045962091	0.065	14
jaccard	1.0449162145335704	0.275	15
jaccard	1.0499416990663657	0.191	16
jaccard	1.0770588670573602	0.17	17
jaccard	0.9712729717631547	0.566	18
jaccard	0.9538617891760274	0.675	19
jaccard	1.168053785821939	0.043	20
jaccard	0.9847050353166967	0.905	21
jaccard	0.8216908836525175	0.967	22
jaccard	1.1279657855593825	0.139	23
jaccard	0.9163602978950415	0.905	24
jaccard	1.0525601435504932	0.281	25
jaccard	0.8843850955827893	0.845	26
phylo_rpca	1.723132112657298	0.177	2
phylo_rpca	0.778939959216386	0.7	3
phylo_rpca	2.3295656921772885	0.084	4
phylo_rpca	1.0272658398031191	0.423	5
phylo_rpca	0.40872304631560513	0.669	6
phylo_rpca	0.2637335839481147	0.901	7
phylo_rpca	0.2620971956168366	0.768	8
phylo_rpca	1.3563378167632978	0.159	9
phylo_rpca	0.1606413069611032	0.949	10
phylo_rpca	0.521201519940469	0.725	11
phylo_rpca	0.294299199679657	0.761	12
phylo_rpca	1.737155423197739	0.134	13
phylo_rpca	1.5355539484605083	0.177	14
phylo_rpca	1.616753005947443	0.169	15
phylo_rpca	1.0538165295946	0.407	16
phylo_rpca	0.4358966514498658	0.782	17
phylo_rpca	1.4555890721649196	0.198	18
phylo_rpca	0.4006525870690965	0.793	19
phylo_rpca	1.9147316106936427	0.113	20
phylo_rpca	0.9333206151597556	0.788	21
phylo_rpca	0.0862775216382581	0.92	22
phylo_rpca	0.2285303691250774	0.802	23
phylo_rpca	0.924672719203821	0.471	24
phylo_rpca	0.8950153890468922	0.439	25
phylo_rpca	0.10848449408313948	0.916	26
phylo_rpca	2.470268352587754	0.091	2
phylo_rpca	1.4202676860928802	0.135	3
phylo_rpca	0.80124654198249	0.446	4
phylo_rpca	0.7697775176943324	0.544	5
phylo_rpca	0.12440680514977859	0.882	6
phylo_rpca	2.0460700412430075	0.078	7
phylo_rpca	4.439397916677925	0.013	8
phylo_rpca	0.49654946397015526	0.944	9
phylo_rpca	2.525297922927092	0.043	10
phylo_rpca	1.6205471601694983	0.157	11
phylo_rpca	5.484937451773525	0.003	12
phylo_rpca	0.8089928705137727	0.512	13
phylo_rpca	1.998553554854583	0.051	14
phylo_rpca	0.39556108927547906	0.797	15
phylo_rpca	0.6151995180214442	0.79	16
phylo_rpca	1.1242698748313877	0.35	17
phylo_rpca	0.4699641768026737	0.775	18
phylo_rpca	0.6739614574638857	0.615	19
phylo_rpca	0.6796587235550319	0.611	20
phylo_rpca	1.053626218690155	0.269	21
phylo_rpca	4.1015541745382915	0.01	22
phylo_rpca	0.9165683837479638	0.406	23
phylo_rpca	0.6249470246038028	0.713	24
phylo_rpca	1.5526793540078072	0.202	25
phylo_rpca	2.4569978772651324	0.09	26
phylo_rpca	0.9004303366689821	0.412	2
phylo_rpca	1.032410402540103	0.425	3
phylo_rpca	0.37040043726819655	0.682	4
phylo_rpca	0.24018623537684738	0.909	5
phylo_rpca	0.7965365664560475	0.441	6
phylo_rpca	3.2027526561291375	0.017	7
phylo_rpca	0.6975401705337823	0.508	8
phylo_rpca	1.0958616419113822	0.365	9
phylo_rpca	0.8225014547579049	0.518	10
phylo_rpca	1.2090219965306892	0.314	11
phylo_rpca	0.7810429887482929	0.454	12
phylo_rpca	0.5456797089905064	0.693	13
phylo_rpca	0.9656733022960423	0.447	14
phylo_rpca	3.779896806482803	0.003	15
phylo_rpca	0.7738048412510908	0.6	16
phylo_rpca	1.1885762883655682	0.307	17
phylo_rpca	0.7295897893663926	0.592	18
phylo_rpca	0.6152672482528924	0.675	19
phylo_rpca	0.40938577022000144	0.792	20
phylo_rpca	0.8927712353631142	0.873	21
phylo_rpca	0.4477859638704389	0.65	22
phylo_rpca	0.5004969174739361	0.619	23
phylo_rpca	2.3189490247468063	0.031	24
phylo_rpca	0.03380164340837573	0.973	25
phylo_rpca	0.0696470924876903	0.931	26
phylo_rpca	1.1060154674694886	0.357	2
phylo_rpca	0.6212587941143176	0.849	3
phylo_rpca	0.8119408153229986	0.441	4
phylo_rpca	1.1182341684494186	0.356	5
phylo_rpca	1.7790274725632662	0.17	6
phylo_rpca	0.8027668360608409	0.55	7
phylo_rpca	0.012633464240115582	0.988	8
phylo_rpca	0.9075582706964883	0.537	9
phylo_rpca	2.3723207122659073	0.052	10
phylo_rpca	1.1689514685788185	0.339	11
phylo_rpca	0.39725805687592886	0.67	12
phylo_rpca	1.127443407546941	0.339	13
phylo_rpca	1.2865091742483081	0.266	14
phylo_rpca	1.6930533799654846	0.15	15
phylo_rpca	0.7115029436381164	0.706	16
phylo_rpca	0.22962752314601717	0.925	17
phylo_rpca	1.3389131025830545	0.271	18
phylo_rpca	0.7715518682391169	0.538	19
phylo_rpca	0.72665658942391	0.582	20
phylo_rpca	0.9311197081742	0.749	21
phylo_rpca	3.459527528314723	0.026	22
phylo_rpca	0.17723322020203058	0.839	23
phylo_rpca	0.2951154766477223	0.945	24
phylo_rpca	3.564345656525477	0.015	25
phylo_rpca	2.0502998964766586	0.124	26
phylo_rpca	2.114732997100958	0.126	2
phylo_rpca	0.9446288817206084	0.503	3
phylo_rpca	1.4391523811518114	0.249	4
phylo_rpca	1.7319138795044071	0.145	5
phylo_rpca	0.5006527096582475	0.619	6
phylo_rpca	1.0271168395978651	0.377	7
phylo_rpca	1.5467529899443402	0.2	8
phylo_rpca	1.103728238337656	0.334	9
phylo_rpca	1.0875175520658207	0.358	10
phylo_rpca	0.25640110137664385	0.912	11
phylo_rpca	0.46789303580842834	0.653	12
phylo_rpca	0.9687243768417085	0.455	13
phylo_rpca	0.7551535101016043	0.591	14
phylo_rpca	2.525825342406404	0.047	15
phylo_rpca	0.4899742775984036	0.866	16
phylo_rpca	0.4428883220430199	0.789	17
phylo_rpca	1.6380568678910141	0.145	18
phylo_rpca	3.6093405508625795	0.006	19
phylo_rpca	1.4221743350377276	0.234	20
phylo_rpca	1.1234624106663271	0.104	21
phylo_rpca	1.3933850203016491	0.285	22
phylo_rpca	0.7349700997132128	0.495	23
phylo_rpca	0.7137978372790236	0.635	24
phylo_rpca	0.14127344743745054	0.888	25
phylo_rpca	2.731545802622312	0.048	26
phylo_rpca	0.43220539180604556	0.66	2
phylo_rpca	1.0445727239340201	0.417	3
phylo_rpca	1.155481342042472	0.353	4
phylo_rpca	0.18439931578886368	0.945	5
phylo_rpca	3.484343655739751	0.03	6
phylo_rpca	1.6818934248993207	0.151	7
phylo_rpca	0.5010393566409144	0.616	8
phylo_rpca	0.9020943145385861	0.589	9
phylo_rpca	0.6310488177526836	0.647	10
phylo_rpca	1.095946065065667	0.338	11
phylo_rpca	0.041201741541846616	0.962	12
phylo_rpca	1.4291963737550504	0.21	13
phylo_rpca	0.5483396335579764	0.796	14
phylo_rpca	0.6555597085553636	0.627	15
phylo_rpca	1.8611903448006943	0.07	16
phylo_rpca	0.40795183557088815	0.815	17
phylo_rpca	0.9084869682431521	0.481	18
phylo_rpca	0.7110663740446603	0.593	19
phylo_rpca	0.8564168054536249	0.481	20
phylo_rpca	0.9594413836088908	0.678	21
phylo_rpca	0.24875027288890178	0.764	22
phylo_rpca	0.9915175368711214	0.377	23
phylo_rpca	1.8539025859953178	0.088	24
phylo_rpca	0.44954742624724614	0.694	25
phylo_rpca	1.2090146806704216	0.325	26
phylo_rpca	2.8513638765052938	0.058	2
phylo_rpca	0.8838257626072747	0.578	3
phylo_rpca	0.34268382992646396	0.74	4
phylo_rpca	1.5057114196859116	0.209	5
phylo_rpca	1.2945398407236355	0.272	6
phylo_rpca	0.8512285096185458	0.487	7
phylo_rpca	0.39110221851367166	0.673	8
phylo_rpca	1.3440260309684902	0.153	9
phylo_rpca	0.8315079554901273	0.533	10
phylo_rpca	0.8212559852421943	0.525	11
phylo_rpca	1.2199204029030573	0.279	12
phylo_rpca	1.4914805619321874	0.196	13
phylo_rpca	0.9853583970338599	0.457	14
phylo_rpca	1.922813926374275	0.103	15
phylo_rpca	0.524050610044953	0.833	16
phylo_rpca	0.38812450883362737	0.822	17
phylo_rpca	3.0610677125512704	0.017	18
phylo_rpca	0.4707664716410598	0.777	19
phylo_rpca	0.425154170926563	0.803	20
phylo_rpca	0.9687133051339863	0.62	21
phylo_rpca	0.5500100464756994	0.558	22
phylo_rpca	4.7668976055659265	0.012	23
phylo_rpca	1.7485737711303082	0.097	24
phylo_rpca	1.049467476090026	0.359	25
phylo_rpca	1.2460787158193654	0.3	26
phylo_rpca	3.7913836579366773	0.026	2
phylo_rpca	0.9858387676609587	0.457	3
phylo_rpca	0.42062162030235145	0.656	4
phylo_rpca	0.9915008223592517	0.445	5
phylo_rpca	0.1538802595667568	0.878	6
phylo_rpca	1.364801979333642	0.247	7
phylo_rpca	1.1048508672783774	0.344	8
phylo_rpca	0.8385890902492987	0.677	9
phylo_rpca	0.38895040004760084	0.808	10
phylo_rpca	0.8645033917302919	0.493	11
phylo_rpca	0.8600074463214769	0.427	12
phylo_rpca	1.0454698975583696	0.375	13
phylo_rpca	1.1940337262811687	0.308	14
phylo_rpca	0.2667280673471035	0.901	15
phylo_rpca	1.547156637226891	0.122	16
phylo_rpca	0.9710653213813232	0.41	17
phylo_rpca	1.2307176468914593	0.305	18
phylo_rpca	0.16524221777378914	0.964	19
phylo_rpca	0.5574854620415195	0.705	20
phylo_rpca	1.160062893924131	0.049	21
phylo_rpca	0.08044415211855362	0.925	22
phylo_rpca	1.1089748681300664	0.327	23
phylo_rpca	0.7284311843227878	0.658	24
phylo_rpca	0.581140246591435	0.574	25
phylo_rpca	0.2331840483383634	0.796	26
phylo_rpca	1.4898803674657195	0.212	2
phylo_rpca	0.9560137432002677	0.485	3
phylo_rpca	0.7604405161033849	0.472	4
phylo_rpca	0.3682720584813741	0.831	5
phylo_rpca	0.3978200369852501	0.659	6
phylo_rpca	2.525435953595496	0.04	7
phylo_rpca	0.17604161667245352	0.831	8
phylo_rpca	1.2088476753988622	0.248	9
phylo_rpca	0.2683971902845484	0.899	10
phylo_rpca	0.2680059799099531	0.898	11
phylo_rpca	1.378682936413402	0.231	12
phylo_rpca	0.33609996125582586	0.847	13
phylo_rpca	0.5808057716457897	0.732	14
phylo_rpca	1.58683117302136	0.177	15
phylo_rpca	1.2760377882579117	0.261	16
phylo_rpca	1.1709748738611379	0.325	17
phylo_rpca	0.15635983247468174	0.965	18
phylo_rpca	1.8834395510021085	0.114	19
phylo_rpca	0.5261170984058781	0.709	20
phylo_rpca	1.0266295594164423	0.371	21
phylo_rpca	0.055122764740237695	0.956	22
phylo_rpca	0.36793608354627094	0.688	23
phylo_rpca	0.4885336222924045	0.82	24
phylo_rpca	0.6285060163569126	0.586	25
phylo_rpca	0.15975535323707477	0.859	26
phylo_rpca	2.1032082054627494	0.106	2
phylo_rpca	1.1924938765611373	0.264	3
phylo_rpca	1.9936079620424885	0.139	4
phylo_rpca	1.4096435759359958	0.222	5
phylo_rpca	0.21341526977353206	0.814	6
phylo_rpca	1.6055339214565705	0.124	7
phylo_rpca	0.48722931880674986	0.643	8
phylo_rpca	1.2484718478282264	0.236	9
phylo_rpca	0.4642465880515468	0.744	10
phylo_rpca	0.33693635534672123	0.856	11
phylo_rpca	2.811504371711009	0.056	12
phylo_rpca	1.0939502489469457	0.347	13
phylo_rpca	1.5433710149781645	0.152	14
phylo_rpca	0.25287781298205325	0.9	15
phylo_rpca	0.827349952664103	0.595	16
phylo_rpca	0.7208476831860579	0.575	17
phylo_rpca	0.1637710136071619	0.958	18
phylo_rpca	0.30397573931554145	0.887	19
phylo_rpca	1.937540246495443	0.105	20
phylo_rpca	0.9658837825547758	0.647	21
phylo_rpca	1.93066168117584	0.143	22
phylo_rpca	0.4316225470623464	0.653	23
phylo_rpca	0.39876103093753706	0.864	24
phylo_rpca	1.1398530316477586	0.313	25
phylo_rpca	2.274216601482627	0.099	26
phylo_rpca	0.7207815895657497	0.484	2
phylo_rpca	0.6974842690695359	0.751	3
phylo_rpca	0.9790578933304682	0.404	4
phylo_rpca	0.5115423495967344	0.723	5
phylo_rpca	0.0025200175362861447	1	6
phylo_rpca	0.8271575466384883	0.533	7
phylo_rpca	0.4137281956203599	0.677	8
phylo_rpca	1.1487197486624743	0.302	9
phylo_rpca	1.0738513148909532	0.381	10
phylo_rpca	0.32090817975447705	0.874	11
phylo_rpca	0.29695308474407417	0.743	12
phylo_rpca	0.9891197464632775	0.408	13
phylo_rpca	1.5350643645859157	0.149	14
phylo_rpca	0.6587288447303876	0.613	15
phylo_rpca	1.3460956089884757	0.206	16
phylo_rpca	2.277084250923466	0.053	17
phylo_rpca	0.987248309756936	0.399	18
phylo_rpca	0.7509104148103162	0.566	19
phylo_rpca	2.3453021244128407	0.043	20
phylo_rpca	0.9720940791147389	0.602	21
phylo_rpca	0.5072131428967066	0.63	22
phylo_rpca	1.411663531248737	0.233	23
phylo_rpca	0.3391718360867541	0.923	24
phylo_rpca	0.55735097102631	0.596	25
phylo_rpca	4.4155955369278175	0.012	26
phylo_rpca	0.2909551790922131	0.755	2
phylo_rpca	0.4653770994488633	0.944	3
phylo_rpca	0.39327685862796163	0.683	4
phylo_rpca	1.1807217235966418	0.308	5
phylo_rpca	4.560451881219046	0.017	6
phylo_rpca	0.47908205991760816	0.763	7
phylo_rpca	0.8217008364413643	0.428	8
phylo_rpca	1.2317444350455045	0.218	9
phylo_rpca	0.536319393304322	0.711	10
phylo_rpca	0.7966028501532254	0.549	11
phylo_rpca	1.655752105770184	0.192	12
phylo_rpca	0.6992431771049702	0.604	13
phylo_rpca	1.202471113075792	0.295	14
phylo_rpca	1.804379738625713	0.14	15
phylo_rpca	1.3200088669091767	0.231	16
phylo_rpca	0.8164846979708197	0.502	17
phylo_rpca	2.969165628417818	0.014	18
phylo_rpca	1.0719110086262538	0.368	19
phylo_rpca	0.47375281318157453	0.762	20
phylo_rpca	1.00798300658496	0.454	21
phylo_rpca	0.34500658029813636	0.708	22
phylo_rpca	4.601345705869554	0.008	23
phylo_rpca	1.0117655455167154	0.399	24
phylo_rpca	0.31692307337380243	0.785	25
phylo_rpca	0.34952285492455765	0.714	26
phylo_rpca	0.16544257168152265	0.831	2
phylo_rpca	0.5951203961531923	0.873	3
phylo_rpca	0.9746320752579742	0.381	4
phylo_rpca	0.6993695515946489	0.598	5
phylo_rpca	2.921355824907694	0.056	6
phylo_rpca	0.9474352507036399	0.437	7
phylo_rpca	2.4307612164596364	0.079	8
phylo_rpca	1.0955357905939622	0.381	9
phylo_rpca	0.2560447733474697	0.897	10
phylo_rpca	1.2449583766178094	0.28	11
phylo_rpca	0.3731636968715241	0.706	12
phylo_rpca	0.7478668938337023	0.593	13
phylo_rpca	1.067111136881425	0.374	14
phylo_rpca	0.9649669208977234	0.435	15
phylo_rpca	0.5096045233728627	0.863	16
phylo_rpca	1.3811317078732306	0.23	17
phylo_rpca	3.5619900777676303	0.009	18
phylo_rpca	0.6732744346471149	0.605	19
phylo_rpca	0.10784453415873765	0.981	20
phylo_rpca	0.9302480139050922	0.765	21
phylo_rpca	1.8319305406646789	0.176	22
phylo_rpca	0.008140167304493707	0.991	23
phylo_rpca	1.8262699854791853	0.065	24
phylo_rpca	0.46496461090013425	0.684	25
phylo_rpca	0.4128957304236005	0.666	26
phylo_rpca	0.05546682828486054	0.938	2
phylo_rpca	1.0920726900171607	0.348	3
phylo_rpca	1.1164989840022885	0.329	4
phylo_rpca	1.3767967734790418	0.264	5
phylo_rpca	0.41963331834516693	0.661	6
phylo_rpca	0.6438876003493733	0.66	7
phylo_rpca	0.44164066272641106	0.654	8
phylo_rpca	1.9723731730820144	0.007	9
phylo_rpca	0.3595694567607887	0.838	10
phylo_rpca	1.6531788003995411	0.144	11
phylo_rpca	1.0240301719550031	0.359	12
phylo_rpca	1.0744558498226393	0.378	13
phylo_rpca	0.4078682552687657	0.872	14
phylo_rpca	0.26475857218972676	0.904	15
phylo_rpca	0.58180714124436	0.777	16
phylo_rpca	0.8847219441195221	0.482	17
phylo_rpca	0.4905518875643173	0.714	18
phylo_rpca	1.4890012876286005	0.194	19
phylo_rpca	1.2889654040331588	0.287	20
phylo_rpca	0.9390464718222147	0.734	21
phylo_rpca	3.556216395442051	0.024	22
phylo_rpca	0.2718058633759246	0.795	23
phylo_rpca	0.3845097939127642	0.914	24
phylo_rpca	1.0852825894473672	0.338	25
phylo_rpca	0.4005658341580066	0.686	26
phylo_rpca	1.4720043779337697	0.211	2
phylo_rpca	0.8954845819305872	0.585	3
phylo_rpca	0.7081940467563931	0.493	4
phylo_rpca	0.98589855080866	0.413	5
phylo_rpca	0.8068480768633206	0.475	6
phylo_rpca	0.8374240190258392	0.535	7
phylo_rpca	0.3716416655873295	0.685	8
phylo_rpca	0.9640339767246133	0.487	9
phylo_rpca	0.7394453052956076	0.575	10
phylo_rpca	0.19097847083875968	0.949	11
phylo_rpca	0.5375523793079494	0.573	12
phylo_rpca	0.8188024641950443	0.514	13
phylo_rpca	1.4645822604103118	0.208	14
phylo_rpca	2.3429932223608314	0.055	15
phylo_rpca	1.2126350757027942	0.271	16
phylo_rpca	1.5767686920293567	0.18	17
phylo_rpca	0.292016319197329	0.901	18
phylo_rpca	0.8285698815309523	0.543	19
phylo_rpca	1.5553573433490053	0.171	20
phylo_rpca	0.9686669302397359	0.632	21
phylo_rpca	0.5714922072935196	0.523	22
phylo_rpca	3.893460098864898	0.024	23
phylo_rpca	1.5745695581202699	0.133	24
phylo_rpca	0.11609671580025284	0.908	25
phylo_rpca	0.05671621105964451	0.939	26
rpca	1.12905887620968	0.314	2
rpca	0.5536034286403283	0.834	3
rpca	0.49877816237764777	0.614	4
rpca	0.4832938234770249	0.788	5
rpca	0.8784041659323263	0.439	6
rpca	0.7770348474708358	0.515	7
rpca	0.3214230645079738	0.8	8
rpca	0.3478298007555451	0.997	9
rpca	0.5675463748181504	0.728	10
rpca	0.48943699931879386	0.779	11
rpca	0.051181341896783604	0.976	12
rpca	0.8349092880960542	0.502	13
rpca	0.6988457374689727	0.654	14
rpca	1.6607767571040069	0.145	15
rpca	1.171940284108789	0.299	16
rpca	0.14985145188500157	0.974	17
rpca	1.1059360377221665	0.359	18
rpca	0.41130202030704577	0.838	19
rpca	1.0147039648484202	0.368	20
rpca	0.8726423823518425	0.763	21
rpca	0.8920267096019652	0.377	22
rpca	0.9018365554946332	0.415	23
rpca	1.324018643484833	0.244	24
rpca	0.30645502765684945	0.73	25
rpca	0.44546188921956775	0.673	26
rpca	1.9189877733341063	0.149	2
rpca	0.5588983339438669	0.848	3
rpca	1.0275175499638718	0.387	4
rpca	0.3144706932470264	0.917	5
rpca	1.6496856026013973	0.19	6
rpca	0.6006282955847911	0.661	7
rpca	2.8411188483688052	0.042	8
rpca	1.092191784018449	0.336	9
rpca	1.1153792759716306	0.339	10
rpca	0.5913315480386725	0.706	11
rpca	0.22680781341339806	0.875	12
rpca	2.538741248238407	0.041	13
rpca	0.7371440098083132	0.653	14
rpca	2.1668941102365387	0.061	15
rpca	0.5858696088714291	0.829	16
rpca	0.23198379348709555	0.949	17
rpca	1.3702262177480409	0.23	18
rpca	0.7711236035772889	0.557	19
rpca	2.2214161956842746	0.058	20
rpca	0.8431780986392955	0.8	21
rpca	0.5602222177289737	0.614	22
rpca	4.67018638989489	0.013	23
rpca	0.7460312741450206	0.615	24
rpca	0.9840245200730192	0.324	25
rpca	0.5762494570048906	0.613	26
rpca	0.3886230542879543	0.734	2
rpca	0.9974012493093448	0.401	3
rpca	2.3048010810171844	0.081	4
rpca	0.45556288520142013	0.794	5
rpca	1.3997186133844657	0.255	6
rpca	0.3396713556823963	0.873	7
rpca	1.3156464729031427	0.254	8
rpca	0.6105813989984967	0.907	9
rpca	0.15877584905415904	0.98	10
rpca	1.1020124681341295	0.349	11
rpca	1.271238702212773	0.274	12
rpca	0.7581482640747054	0.581	13
rpca	1.0383064350105582	0.382	14
rpca	1.5211529484920996	0.195	15
rpca	1.0311701074611996	0.404	16
rpca	0.46074620107038883	0.801	17
rpca	1.2258249743946126	0.289	18
rpca	2.4751396751405714	0.033	19
rpca	1.5994235379088688	0.153	20
rpca	1.073516137496484	0.291	21
rpca	0.373552843185973	0.718	22
rpca	0.21872929095312496	0.847	23
rpca	0.8343213836593134	0.542	24
rpca	0.09658914891830482	0.948	25
rpca	1.0865177787584221	0.352	26
rpca	1.2489699432530887	0.272	2
rpca	0.42424690724823055	0.951	3
rpca	0.6966977731064137	0.522	4
rpca	0.6425104043570001	0.666	5
rpca	0.7785861515841026	0.49	6
rpca	0.489894548227427	0.751	7
rpca	2.1123611109079166	0.096	8
rpca	1.1266133859031235	0.291	9
rpca	0.5352545779113663	0.761	10
rpca	0.8539073276113807	0.499	11
rpca	0.7217039873697741	0.479	12
rpca	1.3682080808535313	0.25	13
rpca	0.17903917013374002	0.986	14
rpca	0.6417432524188602	0.662	15
rpca	1.47483143032652	0.15	16
rpca	1.8631715648277425	0.105	17
rpca	1.3152147936763083	0.239	18
rpca	0.8654051526495353	0.485	19
rpca	0.9139698471289386	0.494	20
rpca	0.9737477160901049	0.508	21
rpca	0.08743574040716887	0.962	22
rpca	0.340887415428891	0.777	23
rpca	0.7238287418374793	0.634	24
rpca	0.04505211160617622	0.988	25
rpca	1.0454077315920345	0.363	26
rpca	0.8546375691078537	0.449	2
rpca	0.651053446445901	0.742	3
rpca	0.06130193632841745	0.979	4
rpca	1.9414212274642229	0.081	5
rpca	0.6393445392180012	0.57	6
rpca	1.15728364041188	0.307	7
rpca	1.79482426918529	0.161	8
rpca	0.9252616521658641	0.554	9
rpca	1.6097287833869875	0.161	10
rpca	1.6618637047430875	0.141	11
rpca	0.04205435465461877	0.99	12
rpca	0.18611705141819027	0.972	13
rpca	0.6418248180331546	0.744	14
rpca	1.582257031798343	0.152	15
rpca	0.35353753607814303	0.969	16
rpca	1.4651161874785559	0.197	17
rpca	0.6217676690248372	0.695	18
rpca	3.0433981020019285	0.013	19
rpca	0.5424236275266435	0.723	20
rpca	1.1758789007085024	0.21	21
rpca	0.9765698794913653	0.377	22
rpca	0.432912413768277	0.718	23
rpca	1.9983860734529106	0.056	24
rpca	0.18168824565127722	0.786	25
rpca	0.9017064860425644	0.4	26
rpca	0.7013205180689714	0.526	2
rpca	0.6372122336875551	0.788	3
rpca	0.026450338498973193	0.994	4
rpca	0.6696700140888494	0.651	5
rpca	0.025686227370307513	0.994	6
rpca	0.6124581098096007	0.625	7
rpca	0.5994144587800417	0.596	8
rpca	1.4234412781232655	0.101	9
rpca	0.837490222162188	0.504	10
rpca	1.2330901548356528	0.302	11
rpca	3.8741108438482885	0.013	12
rpca	0.3179460594516633	0.903	13
rpca	1.0305193011310783	0.383	14
rpca	0.6678695147632537	0.654	15
rpca	1.3303169912070454	0.213	16
rpca	1.0767367291724437	0.384	17
rpca	2.4578558917738142	0.03	18
rpca	1.0112807312224295	0.401	19
rpca	0.4324435223961126	0.838	20
rpca	1.0299501990377842	0.397	21
rpca	0.4139244196168424	0.698	22
rpca	1.4257463289356722	0.207	23
rpca	0.7545393139128154	0.593	24
rpca	0.31550844407905176	0.783	25
rpca	0.20475805913294556	0.852	26
rpca	0.3834995347689593	0.721	2
rpca	1.6302577684982833	0.095	3
rpca	0.3990504389214109	0.694	4
rpca	2.5263601964666242	0.041	5
rpca	1.245078753858632	0.291	6
rpca	1.079518075782951	0.346	7
rpca	0.8371086665215558	0.435	8
rpca	0.8193937975723766	0.677	9
rpca	1.0182622884688557	0.383	10
rpca	0.8457310649024811	0.518	11
rpca	0.08543372319423555	0.962	12
rpca	0.0971759820045889	0.994	13
rpca	0.7486456679875987	0.626	14
rpca	0.30328668827174143	0.921	15
rpca	0.6143844166237347	0.824	16
rpca	0.6244680094369275	0.716	17
rpca	0.804070729673782	0.512	18
rpca	1.0872151251632254	0.355	19
rpca	1.5025052970453687	0.206	20
rpca	1.5422597499674235	0.011	21
rpca	1.660225327016724	0.201	22
rpca	0.5052106933976127	0.633	23
rpca	1.0980114790060862	0.322	24
rpca	0.2670263783755312	0.778	25
rpca	1.38260337757252	0.256	26
rpca	1.3426181236436108	0.242	2
rpca	1.309770915060597	0.195	3
rpca	1.1168214440665074	0.325	4
rpca	2.344297983861384	0.056	5
rpca	0.22104487675824783	0.859	6
rpca	1.0181104777158152	0.369	7
rpca	1.3429975229312228	0.262	8
rpca	0.8359305403598573	0.654	9
rpca	1.538077954340188	0.174	10
rpca	2.329026998317989	0.048	11
rpca	1.0366866530143866	0.36	12
rpca	0.9781297963614195	0.414	13
rpca	0.792648228482344	0.602	14
rpca	0.31314012009129366	0.903	15
rpca	0.5691268564638269	0.825	16
rpca	2.831031064119593	0.022	17
rpca	1.0354442477090324	0.391	18
rpca	0.3392354057377895	0.893	19
rpca	0.773356539978014	0.565	20
rpca	0.8701916248560662	0.754	21
rpca	0.1705155536242853	0.909	22
rpca	0.08099282618442799	0.959	23
rpca	0.49886263441249745	0.833	24
rpca	0.11815321562638514	0.913	25
rpca	0.7593392313694891	0.479	26
rpca	0.199367817461711	0.867	2
rpca	1.1171397496795104	0.307	3
rpca	0.08980344417224394	0.95	4
rpca	0.9602501321566143	0.433	5
rpca	1.5674615201821869	0.195	6
rpca	0.855532270061702	0.489	7
rpca	0.2920082704092607	0.82	8
rpca	0.9694334435805682	0.501	9
rpca	1.0184469230563398	0.394	10
rpca	1.2768894410399512	0.256	11
rpca	3.584784444655418	0.021	12
rpca	1.500997407511445	0.186	13
rpca	1.5145399584912196	0.145	14
rpca	0.552969583832032	0.74	15
rpca	0.8884106343635633	0.54	16
rpca	0.871013984040205	0.533	17
rpca	0.9239609686729088	0.468	18
rpca	0.34641464494230617	0.885	19
rpca	1.5318265489742289	0.19	20
rpca	1.1311660436243045	0.254	21
rpca	0.3451814548531825	0.751	22
rpca	0.2661942449525214	0.833	23
rpca	0.6383295909670111	0.711	24
rpca	0.488015184584055	0.569	25
rpca	0.40643619982363943	0.695	26
rpca	0.466735597800696	0.649	2
rpca	0.7089179683243859	0.707	3
rpca	0.19785108183853975	0.887	4
rpca	0.6847744231258694	0.645	5
rpca	0.8603536046594445	0.406	6
rpca	1.188287572214489	0.286	7
rpca	0.8634515989522784	0.467	8
rpca	1.209620749095262	0.242	9
rpca	0.44508421552585353	0.813	10
rpca	1.058984103199465	0.378	11
rpca	0.0664037103066748	0.97	12
rpca	0.7618180828083377	0.569	13
rpca	0.613170730265115	0.763	14
rpca	0.8371755248295618	0.508	15
rpca	1.1514061456774103	0.316	16
rpca	1.1150298005434713	0.342	17
rpca	0.35353643815694025	0.901	18
rpca	1.6122769148994958	0.138	19
rpca	1.7300725239538701	0.113	20
rpca	0.9577644539704816	0.528	21
rpca	0.44293628963742193	0.654	22
rpca	0.8419472843130852	0.43	23
rpca	1.1350751626838684	0.298	24
rpca	2.362389523002265	0.107	25
rpca	0.020576185095424658	0.996	26
rpca	0.5555802582027669	0.588	2
rpca	1.1321016219054945	0.274	3
rpca	0.1303577395935394	0.917	4
rpca	0.63710094589093	0.654	5
rpca	1.0487073942816831	0.335	6
rpca	6.7621376861335065	0.004	7
rpca	0.18191195360266438	0.876	8
rpca	0.5268840199453926	0.953	9
rpca	1.383078095867604	0.258	10
rpca	0.6222237046539887	0.665	11
rpca	0.869578052757966	0.442	12
rpca	0.34586742016847316	0.892	13
rpca	1.4235561682148528	0.17	14
rpca	0.32080538127771957	0.907	15
rpca	0.9159242356973477	0.516	16
rpca	0.2950622185357353	0.911	17
rpca	0.25290852128302754	0.942	18
rpca	1.1675403053357296	0.332	19
rpca	0.24801562772515393	0.934	20
rpca	0.9748170911152775	0.521	21
rpca	0.8643291553377702	0.436	22
rpca	1.4064155282255169	0.249	23
rpca	0.48446523558064164	0.833	24
rpca	6.5282375529242245	0.006	25
rpca	0.44631058531442813	0.687	26
rpca	0.24572894057406866	0.841	2
rpca	0.8420798281290844	0.57	3
rpca	1.337184281440448	0.269	4
rpca	0.34400192756579223	0.884	5
rpca	0.09956410147054333	0.955	6
rpca	0.3144752599421834	0.891	7
rpca	2.5477793958937522	0.077	8
rpca	1.4963850052659846	0.094	9
rpca	0.7820973132955876	0.572	10
rpca	0.7025823370138041	0.608	11
rpca	0.056837793116744105	0.976	12
rpca	0.9357709110864398	0.434	13
rpca	1.0148954718377547	0.418	14
rpca	0.22773481120006156	0.951	15
rpca	0.27318242650483804	0.99	16
rpca	1.0005600853222332	0.396	17
rpca	0.5351673331331616	0.743	18
rpca	0.3937740919187387	0.863	19
rpca	1.1730019812658443	0.314	20
rpca	0.9547859038679266	0.553	21
rpca	0.8818592318344248	0.433	22
rpca	0.2457643974411858	0.843	23
rpca	0.500540530267379	0.845	24
rpca	1.6435447759246098	0.151	25
rpca	1.4228016039414366	0.242	26
rpca	0.507350956239109	0.643	2
rpca	0.8249958447183333	0.554	3
rpca	0.7329333966189633	0.507	4
rpca	2.0535579179121064	0.077	5
rpca	0.9561487302426425	0.395	6
rpca	0.4992494658506611	0.726	7
rpca	0.14261834069516388	0.924	8
rpca	1.2383024544952579	0.219	9
rpca	0.6087616174242454	0.683	10
rpca	0.3528723965969345	0.866	11
rpca	2.325274791652234	0.099	12
rpca	0.776682170013173	0.58	13
rpca	1.8089726539405704	0.087	14
rpca	1.1454860027567844	0.316	15
rpca	0.8670280178390211	0.545	16
rpca	0.6955352181103388	0.617	17
rpca	0.31603221222063094	0.917	18
rpca	1.4578216301968936	0.202	19
rpca	1.4748054753906956	0.186	20
rpca	0.9010255099876099	0.681	21
rpca	0.4686673591498311	0.677	22
rpca	0.93097777687564	0.39	23
rpca	1.2699638114646312	0.237	24
rpca	0.8077424820523783	0.453	25
rpca	0.6792030583598229	0.506	26
rpca	0.7868020196631081	0.458	2
rpca	1.5514736891385565	0.125	3
rpca	0.7267868209360732	0.527	4
rpca	0.3879791043760554	0.855	5
rpca	0.8290999033424347	0.469	6
rpca	0.18401824165895603	0.968	7
rpca	0.4790298582809114	0.677	8
rpca	0.6911958901121694	0.834	9
rpca	0.44435437837318853	0.819	10
rpca	0.8116184175986276	0.535	11
rpca	0.548458288577442	0.599	12
rpca	0.1464992628708334	0.983	13
rpca	1.5207549005489394	0.149	14
rpca	1.5771584290448546	0.155	15
rpca	0.7166777094290964	0.702	16
rpca	0.5328769100931809	0.755	17
rpca	0.6179565789159812	0.702	18
rpca	0.10971563584492391	0.997	19
rpca	1.8846738507136496	0.092	20
rpca	0.9612221994632968	0.539	21
rpca	0.2518541434952471	0.826	22
rpca	1.6397480754960483	0.175	23
rpca	0.5343113557031275	0.801	24
rpca	0.9202985314058403	0.359	25
rpca	0.5249410572113542	0.621	26
rpca	2.9132922108713366	0.038	2
rpca	0.8627997141793006	0.528	3
rpca	2.148153106781692	0.103	4
rpca	1.2249907522329841	0.269	5
rpca	5.413957077595556	0.002	6
rpca	1.0417487768308153	0.37	7
rpca	0.05944201867503922	0.972	8
rpca	1.0019867989861369	0.461	9
rpca	1.6013215909696037	0.16	10
rpca	0.12567956626678717	0.989	11
rpca	1.6563676016164444	0.162	12
rpca	0.18661054031537877	0.974	13
rpca	0.7822947978458887	0.646	14
rpca	1.8033568096967005	0.135	15
rpca	0.32087361938493525	0.981	16
rpca	1.1689321437912885	0.321	17
rpca	0.6144196156420879	0.67	18
rpca	0.8582930603412756	0.511	19
rpca	0.822517430473535	0.51	20
rpca	0.8429562679900543	0.834	21
rpca	0.7034302787754055	0.498	22
rpca	0.09683930887205142	0.959	23
rpca	1.5168264041334585	0.154	24
rpca	1.187612922517927	0.261	25
rpca	0.28718517888412215	0.807	26
unweighted_unifrac	0.795655270654727	0.984	2
unweighted_unifrac	0.9333436040305766	0.796	3
unweighted_unifrac	1.0953062642694495	0.211	4
unweighted_unifrac	0.993826724696724	0.443	5
unweighted_unifrac	1.0896426492804165	0.234	6
unweighted_unifrac	0.7880903780068466	0.965	7
unweighted_unifrac	1.0640752640908355	0.266	8
unweighted_unifrac	1.0478030662584479	0.168	9
unweighted_unifrac	1.0230729469447524	0.332	10
unweighted_unifrac	0.8928950216194049	0.876	11
unweighted_unifrac	1.366561051182486	0.037	12
unweighted_unifrac	0.9619624520039668	0.594	13
unweighted_unifrac	0.8795985711549839	0.966	14
unweighted_unifrac	0.9252968387626763	0.759	15
unweighted_unifrac	0.9749657884791196	0.575	16
unweighted_unifrac	1.0043511885791276	0.41	17
unweighted_unifrac	0.9888861165000111	0.461	18
unweighted_unifrac	0.9591230149994657	0.614	19
unweighted_unifrac	0.8986441132040635	0.854	20
unweighted_unifrac	1.0119729036232412	0.328	21
unweighted_unifrac	1.05760635829605	0.245	22
unweighted_unifrac	1.052082759417539	0.265	23
unweighted_unifrac	1.1798275386692565	0.047	24
unweighted_unifrac	0.7584286479893693	0.953	25
unweighted_unifrac	0.9086058461033527	0.735	26
unweighted_unifrac	0.9315544823429187	0.631	2
unweighted_unifrac	0.9903575709510035	0.487	3
unweighted_unifrac	0.8573517472174697	0.886	4
unweighted_unifrac	0.9964931590907543	0.442	5
unweighted_unifrac	1.1777349957737093	0.12	6
unweighted_unifrac	1.2413557120081282	0.051	7
unweighted_unifrac	0.9576685355395722	0.539	8
unweighted_unifrac	0.9736973421295966	0.666	9
unweighted_unifrac	0.8526335464928748	0.98	10
unweighted_unifrac	1.1305761348032726	0.102	11
unweighted_unifrac	0.9997316327050211	0.4	12
unweighted_unifrac	0.9033941133247918	0.853	13
unweighted_unifrac	0.8935805586994905	0.936	14
unweighted_unifrac	1.131326670603387	0.123	15
unweighted_unifrac	1.0137814006154273	0.393	16
unweighted_unifrac	0.9545627470333068	0.627	17
unweighted_unifrac	1.141173022206369	0.085	18
unweighted_unifrac	1.1150251515936833	0.121	19
unweighted_unifrac	0.9922462256328813	0.431	20
unweighted_unifrac	1.0436346636761304	0.069	21
unweighted_unifrac	1.0650765922389585	0.257	22
unweighted_unifrac	0.9002458680728109	0.753	23
unweighted_unifrac	1.1410182723326963	0.071	24
unweighted_unifrac	0.8442479466851474	0.812	25
unweighted_unifrac	1.0163932378472713	0.339	26
unweighted_unifrac	0.8519140537449843	0.903	2
unweighted_unifrac	0.8729595109310027	0.959	3
unweighted_unifrac	0.9061951707624774	0.74	4
unweighted_unifrac	1.2405987848669335	0.035	5
unweighted_unifrac	1.0934346589758932	0.205	6
unweighted_unifrac	0.7801471460181642	0.98	7
unweighted_unifrac	1.5413282679658393	0.004	8
unweighted_unifrac	0.9915621660439192	0.544	9
unweighted_unifrac	1.2732815989127788	0.021	10
unweighted_unifrac	0.8998326524304653	0.854	11
unweighted_unifrac	1.114092860363195	0.182	12
unweighted_unifrac	0.9094571896830018	0.829	13
unweighted_unifrac	0.9068926709421075	0.893	14
unweighted_unifrac	0.9228437134367644	0.785	15
unweighted_unifrac	1.0133893796909517	0.382	16
unweighted_unifrac	1.0054138216447044	0.389	17
unweighted_unifrac	0.8687344165081404	0.95	18
unweighted_unifrac	1.1646256589729604	0.091	19
unweighted_unifrac	0.9455946749005265	0.67	20
unweighted_unifrac	0.9537600658368025	0.962	21
unweighted_unifrac	0.9057327641753768	0.719	22
unweighted_unifrac	0.9783006053765642	0.461	23
unweighted_unifrac	0.9680701032324616	0.597	24
unweighted_unifrac	1.2054441770542357	0.148	25
unweighted_unifrac	0.8489269344658923	0.887	26
unweighted_unifrac	1.2723562916075217	0.062	2
unweighted_unifrac	1.028174752902557	0.354	3
unweighted_unifrac	0.826327954837051	0.947	4
unweighted_unifrac	1.0357883587293957	0.31	5
unweighted_unifrac	0.9133393776681116	0.692	6
unweighted_unifrac	0.978414673167785	0.535	7
unweighted_unifrac	1.3685993522897641	0.034	8
unweighted_unifrac	1.0248156704129612	0.306	9
unweighted_unifrac	0.9700595691984804	0.568	10
unweighted_unifrac	0.9528255472565338	0.621	11
unweighted_unifrac	1.0240410570855143	0.343	12
unweighted_unifrac	0.8944746327773735	0.872	13
unweighted_unifrac	0.9753528267124087	0.548	14
unweighted_unifrac	0.8589070674465865	0.955	15
unweighted_unifrac	1.0269454437553343	0.306	16
unweighted_unifrac	0.9715812362535892	0.562	17
unweighted_unifrac	1.1676083128740973	0.076	18
unweighted_unifrac	0.9558757864640025	0.63	19
unweighted_unifrac	0.8188315813399504	0.999	20
unweighted_unifrac	1.0323214825306506	0.123	21
unweighted_unifrac	0.9155362041835954	0.693	22
unweighted_unifrac	1.0020351054122072	0.395	23
unweighted_unifrac	0.9831722449615481	0.551	24
unweighted_unifrac	0.8688654419915468	0.75	25
unweighted_unifrac	0.9530013376184242	0.53	26
unweighted_unifrac	0.9065890062072733	0.729	2
unweighted_unifrac	1.1648480006059363	0.032	3
unweighted_unifrac	0.8465593688420072	0.912	4
unweighted_unifrac	1.104687326266432	0.117	5
unweighted_unifrac	0.9448114090122591	0.557	6
unweighted_unifrac	1.067346958659462	0.279	7
unweighted_unifrac	0.9246712531080052	0.67	8
unweighted_unifrac	1.0730705217382115	0.085	9
unweighted_unifrac	1.1402918495935082	0.095	10
unweighted_unifrac	0.9477771306891735	0.666	11
unweighted_unifrac	0.9291261276899386	0.643	12
unweighted_unifrac	0.9739513028797142	0.544	13
unweighted_unifrac	0.9735313275182135	0.562	14
unweighted_unifrac	0.9574100965471782	0.589	15
unweighted_unifrac	0.9123706639083298	0.906	16
unweighted_unifrac	0.9815460056386596	0.508	17
unweighted_unifrac	1.2129696259426126	0.048	18
unweighted_unifrac	0.9580877937812948	0.634	19
unweighted_unifrac	0.8915038883123968	0.878	20
unweighted_unifrac	1.048157566097666	0.044	21
unweighted_unifrac	1.0766523765486735	0.252	22
unweighted_unifrac	1.145775400191129	0.137	23
unweighted_unifrac	0.8755795557314764	0.97	24
unweighted_unifrac	1.175117233752341	0.153	25
unweighted_unifrac	0.7777221014368281	0.995	26
unweighted_unifrac	1.0648765532616093	0.257	2
unweighted_unifrac	1.0102438478015208	0.424	3
unweighted_unifrac	1.1646945451631605	0.126	4
unweighted_unifrac	0.899736373959665	0.843	5
unweighted_unifrac	1.059331235447976	0.259	6
unweighted_unifrac	0.8966052601447593	0.774	7
unweighted_unifrac	0.8800963888196436	0.823	8
unweighted_unifrac	1.0914740663270164	0.049	9
unweighted_unifrac	0.9878107941353627	0.468	10
unweighted_unifrac	1.108894930438809	0.132	11
unweighted_unifrac	1.3378457273146258	0.029	12
unweighted_unifrac	1.197849645251881	0.049	13
unweighted_unifrac	1.0223264809039958	0.324	14
unweighted_unifrac	0.9031945412124124	0.848	15
unweighted_unifrac	0.991440569238455	0.491	16
unweighted_unifrac	1.0588506959474686	0.225	17
unweighted_unifrac	1.0167830810008929	0.345	18
unweighted_unifrac	0.8495286318009834	0.975	19
unweighted_unifrac	1.2169496332216445	0.038	20
unweighted_unifrac	0.984304069339662	0.715	21
unweighted_unifrac	0.9361319119223779	0.64	22
unweighted_unifrac	1.100482778113596	0.221	23
unweighted_unifrac	0.9847395339547436	0.488	24
unweighted_unifrac	0.7889737671902555	0.931	25
unweighted_unifrac	0.862747750951958	0.855	26
unweighted_unifrac	0.9246740960634836	0.645	2
unweighted_unifrac	1.0353371313460074	0.308	3
unweighted_unifrac	0.826515411898354	0.95	4
unweighted_unifrac	1.157207049645004	0.088	5
unweighted_unifrac	0.8923688329458521	0.77	6
unweighted_unifrac	0.9630438343325578	0.567	7
unweighted_unifrac	0.9408878214049458	0.614	8
unweighted_unifrac	1.0875358550146683	0.063	9
unweighted_unifrac	1.192955563037599	0.052	10
unweighted_unifrac	0.9817478024459007	0.482	11
unweighted_unifrac	0.9453821621702257	0.567	12
unweighted_unifrac	0.9206754754261538	0.76	13
unweighted_unifrac	1.0491588385985358	0.246	14
unweighted_unifrac	1.1818548399335755	0.072	15
unweighted_unifrac	1.052672227183089	0.227	16
unweighted_unifrac	0.8764666270524342	0.913	17
unweighted_unifrac	1.0660949003001219	0.253	18
unweighted_unifrac	0.935805397347191	0.712	19
unweighted_unifrac	0.9821036826208407	0.51	20
unweighted_unifrac	1.0459284738055468	0.056	21
unweighted_unifrac	1.0148476318690234	0.375	22
unweighted_unifrac	0.8976586108415898	0.759	23
unweighted_unifrac	0.9772965138166279	0.551	24
unweighted_unifrac	0.9296262195581593	0.614	25
unweighted_unifrac	0.8061491151068729	0.959	26
unweighted_unifrac	0.9477829533758517	0.563	2
unweighted_unifrac	1.0000563685327346	0.467	3
unweighted_unifrac	1.0597126322509014	0.272	4
unweighted_unifrac	0.914047542376084	0.772	5
unweighted_unifrac	1.1531521049271727	0.133	6
unweighted_unifrac	0.9803874620758464	0.521	7
unweighted_unifrac	0.9885633869580591	0.41	8
unweighted_unifrac	0.9450740403138801	0.863	9
unweighted_unifrac	0.9002532373867099	0.854	10
unweighted_unifrac	1.0195098300530143	0.361	11
unweighted_unifrac	0.8695804740191737	0.84	12
unweighted_unifrac	0.8384897700649568	0.983	13
unweighted_unifrac	0.9894457762280777	0.495	14
unweighted_unifrac	0.9000503083990482	0.853	15
unweighted_unifrac	1.0023983043938796	0.419	16
unweighted_unifrac	0.9904592787749863	0.466	17
unweighted_unifrac	0.9569257481210577	0.631	18
unweighted_unifrac	1.0906074039908544	0.165	19
unweighted_unifrac	0.9136841581814978	0.782	20
unweighted_unifrac	1.02709686398107	0.177	21
unweighted_unifrac	0.9143877726083777	0.696	22
unweighted_unifrac	1.2721773755135395	0.068	23
unweighted_unifrac	0.9957690179751826	0.439	24
unweighted_unifrac	1.1774578757313985	0.127	25
unweighted_unifrac	0.9834964348150323	0.438	26
unweighted_unifrac	1.0638535979226562	0.268	2
unweighted_unifrac	0.9385235916576673	0.755	3
unweighted_unifrac	1.0729728802192502	0.26	4
unweighted_unifrac	1.0116387496121193	0.394	5
unweighted_unifrac	1.0583993839318488	0.261	6
unweighted_unifrac	1.1030785243385948	0.216	7
unweighted_unifrac	0.8429151764084106	0.934	8
unweighted_unifrac	1.028217697344329	0.296	9
unweighted_unifrac	0.890557466680697	0.879	10
unweighted_unifrac	0.9164293210139296	0.792	11
unweighted_unifrac	1.1504979263160662	0.131	12
unweighted_unifrac	1.129423953403767	0.119	13
unweighted_unifrac	1.0687102643327089	0.197	14
unweighted_unifrac	0.9427060758338333	0.689	15
unweighted_unifrac	1.0376623692223281	0.265	16
unweighted_unifrac	1.1229077510946261	0.088	17
unweighted_unifrac	0.9740545864702276	0.542	18
unweighted_unifrac	1.005602041872339	0.404	19
unweighted_unifrac	0.9559338882620704	0.619	20
unweighted_unifrac	1.0276721465973864	0.151	21
unweighted_unifrac	1.0745180729963761	0.212	22
unweighted_unifrac	1.1306893020426112	0.157	23
unweighted_unifrac	1.1628027724407308	0.055	24
unweighted_unifrac	1.108746967563861	0.233	25
unweighted_unifrac	0.9970144200733948	0.442	26
unweighted_unifrac	0.8967290462449881	0.763	2
unweighted_unifrac	0.9670859476680247	0.618	3
unweighted_unifrac	1.5620469791829164	0.008	4
unweighted_unifrac	1.064921313777884	0.216	5
unweighted_unifrac	0.8723743574267305	0.862	6
unweighted_unifrac	1.1091614064716393	0.192	7
unweighted_unifrac	1.2069396123537965	0.099	8
unweighted_unifrac	0.9345115278315428	0.911	9
unweighted_unifrac	1.0483110430485325	0.258	10
unweighted_unifrac	1.019031418958455	0.379	11
unweighted_unifrac	1.0253769885280732	0.358	12
unweighted_unifrac	1.0092885499734188	0.406	13
unweighted_unifrac	0.9535302937277461	0.687	14
unweighted_unifrac	0.8629596354658722	0.949	15
unweighted_unifrac	0.9740156210039128	0.59	16
unweighted_unifrac	1.0428230626101682	0.282	17
unweighted_unifrac	1.0540883755131822	0.274	18
unweighted_unifrac	1.1304175013836324	0.107	19
unweighted_unifrac	1.1375341107693369	0.091	20
unweighted_unifrac	0.9941362286056576	0.536	21
unweighted_unifrac	1.0606246089301414	0.275	22
unweighted_unifrac	1.0571026687119982	0.285	23
unweighted_unifrac	0.9293062986462858	0.773	24
unweighted_unifrac	0.9454460208182406	0.578	25
unweighted_unifrac	0.9913546304618578	0.452	26
unweighted_unifrac	0.8462091222597747	0.919	2
unweighted_unifrac	0.993099075968033	0.504	3
unweighted_unifrac	0.8271837456949451	0.95	4
unweighted_unifrac	0.9840893723253274	0.49	5
unweighted_unifrac	0.8967270692923257	0.77	6
unweighted_unifrac	1.0414634613113802	0.389	7
unweighted_unifrac	0.9511095481510302	0.535	8
unweighted_unifrac	0.9431729660359301	0.862	9
unweighted_unifrac	1.0432993036173788	0.298	10
unweighted_unifrac	1.0245435857957799	0.354	11
unweighted_unifrac	0.8350324858452471	0.93	12
unweighted_unifrac	0.9427261337658059	0.683	13
unweighted_unifrac	0.8995409443249702	0.929	14
unweighted_unifrac	1.1499205875338745	0.077	15
unweighted_unifrac	1.1926065124325034	0.023	16
unweighted_unifrac	0.8896261151138785	0.894	17
unweighted_unifrac	0.9921317004591161	0.441	18
unweighted_unifrac	1.001581432302591	0.394	19
unweighted_unifrac	0.9017839021196142	0.859	20
unweighted_unifrac	0.9524094920384027	0.957	21
unweighted_unifrac	1.011521676853936	0.362	22
unweighted_unifrac	1.0405363856745644	0.316	23
unweighted_unifrac	1.2666348293294756	0.014	24
unweighted_unifrac	1.262046011150137	0.108	25
unweighted_unifrac	0.8476332101610478	0.913	26
unweighted_unifrac	1.172381299301973	0.123	2
unweighted_unifrac	0.8991904323354082	0.908	3
unweighted_unifrac	0.8485541758773466	0.912	4
unweighted_unifrac	1.0892146966480307	0.178	5
unweighted_unifrac	1.209396122812297	0.091	6
unweighted_unifrac	1.0905437580880832	0.239	7
unweighted_unifrac	1.1420411684384373	0.157	8
unweighted_unifrac	0.992049022371364	0.501	9
unweighted_unifrac	1.0318015958390558	0.307	10
unweighted_unifrac	1.0095256184602737	0.391	11
unweighted_unifrac	0.8165639571519073	0.959	12
unweighted_unifrac	0.9411448213125431	0.692	13
unweighted_unifrac	0.9354423635499388	0.772	14
unweighted_unifrac	1.09770260817244	0.156	15
unweighted_unifrac	0.9020993734560593	0.94	16
unweighted_unifrac	1.2258751963128642	0.042	17
unweighted_unifrac	1.038798570720672	0.306	18
unweighted_unifrac	0.883994361457537	0.893	19
unweighted_unifrac	1.17235203742161	0.082	20
unweighted_unifrac	0.945032676385124	0.981	21
unweighted_unifrac	0.9216229916277201	0.625	22
unweighted_unifrac	1.0275237236636168	0.344	23
unweighted_unifrac	1.0444535465909135	0.268	24
unweighted_unifrac	0.8569858829394418	0.795	25
unweighted_unifrac	0.8898725413986716	0.778	26
unweighted_unifrac	1.087318920631831	0.241	2
unweighted_unifrac	0.9343104155903482	0.789	3
unweighted_unifrac	0.8837715351644746	0.786	4
unweighted_unifrac	1.1390586827903828	0.099	5
unweighted_unifrac	0.9607953612380263	0.531	6
unweighted_unifrac	0.8043880213880558	0.951	7
unweighted_unifrac	1.1629782799420056	0.121	8
unweighted_unifrac	0.9621873164575725	0.765	9
unweighted_unifrac	0.9148507326834534	0.818	10
unweighted_unifrac	1.1048145209899287	0.132	11
unweighted_unifrac	1.7413433103454912	0.002	12
unweighted_unifrac	0.9259261026219227	0.755	13
unweighted_unifrac	0.9541634066861064	0.68	14
unweighted_unifrac	0.909911490738893	0.805	15
unweighted_unifrac	0.970484783297016	0.597	16
unweighted_unifrac	1.1717432825100356	0.048	17
unweighted_unifrac	0.8233240479376503	0.993	18
unweighted_unifrac	0.9746083033770122	0.539	19
unweighted_unifrac	0.9740412753971273	0.515	20
unweighted_unifrac	1.0180126719522342	0.268	21
unweighted_unifrac	1.0082429574668061	0.4	22
unweighted_unifrac	1.0713812333555237	0.229	23
unweighted_unifrac	1.006441133390187	0.396	24
unweighted_unifrac	0.9083749851710164	0.662	25
unweighted_unifrac	1.330195683616037	0.054	26
unweighted_unifrac	1.017373560057583	0.344	2
unweighted_unifrac	1.008698986348503	0.412	3
unweighted_unifrac	0.9249974189705141	0.621	4
unweighted_unifrac	0.9646328524171216	0.59	5
unweighted_unifrac	1.0264232748455808	0.323	6
unweighted_unifrac	1.054673885803663	0.301	7
unweighted_unifrac	0.8391374382050152	0.936	8
unweighted_unifrac	1.0075306660622367	0.412	9
unweighted_unifrac	1.015985988695856	0.37	10
unweighted_unifrac	1.0296328111380433	0.325	11
unweighted_unifrac	1.1137461126217498	0.201	12
unweighted_unifrac	0.9047046738320671	0.862	13
unweighted_unifrac	0.9620221817691811	0.627	14
unweighted_unifrac	1.204599946102504	0.043	15
unweighted_unifrac	1.1533348717657959	0.036	16
unweighted_unifrac	0.9520100899800062	0.626	17
unweighted_unifrac	1.02163876277587	0.346	18
unweighted_unifrac	0.8786962560541228	0.913	19
unweighted_unifrac	0.8806375912398604	0.916	20
unweighted_unifrac	1.0266164863604286	0.169	21
unweighted_unifrac	1.5914050472639674	0.007	22
unweighted_unifrac	0.921424691592912	0.649	23
unweighted_unifrac	0.8855646071064003	0.941	24
unweighted_unifrac	0.6842089200655338	0.995	25
unweighted_unifrac	0.9078313864013278	0.725	26
unweighted_unifrac	1.1979275189457883	0.096	2
unweighted_unifrac	1.1011249967844594	0.094	3
unweighted_unifrac	0.9200447319567976	0.668	4
unweighted_unifrac	1.0081277751226623	0.376	5
unweighted_unifrac	0.8971967964624877	0.747	6
unweighted_unifrac	1.0848860708920285	0.245	7
unweighted_unifrac	0.9496074417187828	0.565	8
unweighted_unifrac	0.9482791703517628	0.875	9
unweighted_unifrac	0.9933833491981652	0.459	10
unweighted_unifrac	0.8593567948068866	0.963	11
unweighted_unifrac	0.9629921196306231	0.513	12
unweighted_unifrac	0.9081527807771366	0.807	13
unweighted_unifrac	1.0735534930469288	0.175	14
unweighted_unifrac	0.944544711145572	0.683	15
unweighted_unifrac	1.0429040811642714	0.257	16
unweighted_unifrac	0.8771756428697349	0.927	17
unweighted_unifrac	0.9944787323901075	0.455	18
unweighted_unifrac	0.8724989415868062	0.932	19
unweighted_unifrac	0.9612734602303353	0.597	20
unweighted_unifrac	0.9571118415882033	0.935	21
unweighted_unifrac	1.0269867678512958	0.322	22
unweighted_unifrac	1.0763380655094907	0.233	23
unweighted_unifrac	0.9862183784192654	0.523	24
unweighted_unifrac	0.9561766590139203	0.513	25
unweighted_unifrac	0.9282452914833319	0.604	26
weighted_unifrac	0.2514229556326877	0.992	2
weighted_unifrac	1.405895612578126	0.105	3
weighted_unifrac	1.1745569910804121	0.276	4
weighted_unifrac	0.7901465884671389	0.62	5
weighted_unifrac	0.6623216281637563	0.656	6
weighted_unifrac	1.0899659238291206	0.334	7
weighted_unifrac	0.8692025817463102	0.49	8
weighted_unifrac	0.9334867775451643	0.572	9
weighted_unifrac	0.7736407231406888	0.608	10
weighted_unifrac	0.6575119813973302	0.755	11
weighted_unifrac	0.6295000294914751	0.629	12
weighted_unifrac	1.0235224529622189	0.396	13
weighted_unifrac	0.6024727949903562	0.898	14
weighted_unifrac	0.7410796144217873	0.7	15
weighted_unifrac	0.8124056088877968	0.687	16
weighted_unifrac	1.607177569928063	0.102	17
weighted_unifrac	0.6409099675963356	0.788	18
weighted_unifrac	0.657340173546416	0.763	19
weighted_unifrac	1.635842102246938	0.096	20
weighted_unifrac	1.0422356691620491	0.327	21
weighted_unifrac	0.6073990871402196	0.695	22
weighted_unifrac	2.1184517791463295	0.06	23
weighted_unifrac	1.8151588571193602	0.037	24
weighted_unifrac	0.8597256118985218	0.494	25
weighted_unifrac	0.7646662761257794	0.553	26
weighted_unifrac	0.5044604037009867	0.766	2
weighted_unifrac	0.9313788010663517	0.55	3
weighted_unifrac	1.168404525840262	0.265	4
weighted_unifrac	0.8571942988951132	0.532	5
weighted_unifrac	0.9331121790178594	0.401	6
weighted_unifrac	0.9129573345986111	0.474	7
weighted_unifrac	0.30768963421168394	0.975	8
weighted_unifrac	0.8885458088275261	0.624	9
weighted_unifrac	0.5343911573398745	0.901	10
weighted_unifrac	1.9869593519928632	0.042	11
weighted_unifrac	0.6501860102639241	0.656	12
weighted_unifrac	0.9149836373184576	0.47	13
weighted_unifrac	0.6958776892047357	0.793	14
weighted_unifrac	0.7363729004547285	0.661	15
weighted_unifrac	0.4768553754877016	0.992	16
weighted_unifrac	0.7665433586957848	0.643	17
weighted_unifrac	0.7305390197487354	0.675	18
weighted_unifrac	1.0438179469556599	0.376	19
weighted_unifrac	0.6679803129671441	0.744	20
weighted_unifrac	0.964375962386915	0.639	21
weighted_unifrac	0.7065725135431172	0.593	22
weighted_unifrac	1.2844332517691073	0.237	23
weighted_unifrac	0.5324353677555702	0.939	24
weighted_unifrac	1.634323399758806	0.144	25
weighted_unifrac	0.557763237561344	0.769	26
weighted_unifrac	1.2470536499598726	0.26	2
weighted_unifrac	0.6239310115915382	0.94	3
weighted_unifrac	0.8366081840434105	0.459	4
weighted_unifrac	0.8907703689272449	0.529	5
weighted_unifrac	2.4101661465410906	0.042	6
weighted_unifrac	0.790400005931427	0.593	7
weighted_unifrac	0.3234121901549184	0.97	8
weighted_unifrac	1.2350436860253953	0.161	9
weighted_unifrac	0.5262540426550978	0.882	10
weighted_unifrac	1.7472295997676734	0.064	11
weighted_unifrac	1.6886782650051995	0.131	12
weighted_unifrac	1.3790057615784108	0.162	13
weighted_unifrac	1.5576678882528205	0.079	14
weighted_unifrac	0.9891547300660246	0.396	15
weighted_unifrac	1.075595389874223	0.369	16
weighted_unifrac	0.9550218103243243	0.442	17
weighted_unifrac	0.8960690643580502	0.523	18
weighted_unifrac	0.4263418072528684	0.968	19
weighted_unifrac	1.7748664451102647	0.077	20
weighted_unifrac	0.9413023070468329	0.766	21
weighted_unifrac	0.9304429864654901	0.417	22
weighted_unifrac	1.0508681359149268	0.325	23
weighted_unifrac	0.7837783420063926	0.668	24
weighted_unifrac	0.5945114105423456	0.683	25
weighted_unifrac	0.5789194305087121	0.734	26
weighted_unifrac	0.7914207828182335	0.515	2
weighted_unifrac	0.5720421388641401	0.973	3
weighted_unifrac	0.5579842131700584	0.777	4
weighted_unifrac	0.5164083070103507	0.89	5
weighted_unifrac	0.4247016083386172	0.884	6
weighted_unifrac	1.0707340069185354	0.361	7
weighted_unifrac	0.3087702447232334	0.956	8
weighted_unifrac	1.1646793146278605	0.219	9
weighted_unifrac	0.8856733073122816	0.509	10
weighted_unifrac	1.446409489736244	0.132	11
weighted_unifrac	0.570082498356752	0.737	12
weighted_unifrac	0.9964686626528498	0.408	13
weighted_unifrac	0.5685145025796915	0.908	14
weighted_unifrac	0.8993021567585808	0.487	15
weighted_unifrac	0.8575208062993884	0.635	16
weighted_unifrac	0.5283330198677307	0.89	17
weighted_unifrac	0.4152491700244309	0.966	18
weighted_unifrac	1.198189378988416	0.258	19
weighted_unifrac	0.8946254493748029	0.49	20
weighted_unifrac	0.9356748459456063	0.766	21
weighted_unifrac	0.9758276243586318	0.379	22
weighted_unifrac	1.1842887929661285	0.266	23
weighted_unifrac	0.8246058224965741	0.63	24
weighted_unifrac	1.2394667999389835	0.254	25
weighted_unifrac	1.527896582699097	0.163	26
weighted_unifrac	1.014175350688498	0.352	2
weighted_unifrac	1.2837435071643817	0.17	3
weighted_unifrac	0.46234239954938505	0.842	4
weighted_unifrac	0.9317683387154986	0.459	5
weighted_unifrac	0.3359860014852988	0.95	6
weighted_unifrac	1.0221199897261712	0.369	7
weighted_unifrac	0.6094712319266272	0.715	8
weighted_unifrac	1.8604693299803885	0.005	9
weighted_unifrac	1.3808661587357045	0.174	10
weighted_unifrac	1.345108491993766	0.202	11
weighted_unifrac	0.8731065869893603	0.466	12
weighted_unifrac	0.8577459506356786	0.526	13
weighted_unifrac	0.4283124522161821	0.987	14
weighted_unifrac	0.7069057637316802	0.717	15
weighted_unifrac	0.5987696967209553	0.941	16
weighted_unifrac	0.9240282898715199	0.462	17
weighted_unifrac	0.6630769330743376	0.755	18
weighted_unifrac	1.1235678985885615	0.296	19
weighted_unifrac	0.8288023189675743	0.585	20
weighted_unifrac	1.0705057194587801	0.248	21
weighted_unifrac	0.49261379621649204	0.834	22
weighted_unifrac	0.7008631974943816	0.622	23
weighted_unifrac	0.8783583134762954	0.568	24
weighted_unifrac	0.8774377847933547	0.452	25
weighted_unifrac	1.338403016365344	0.167	26
weighted_unifrac	1.8719302379033302	0.1	2
weighted_unifrac	1.4183149238196302	0.08	3
weighted_unifrac	0.7842853611397194	0.549	4
weighted_unifrac	0.8364670761167086	0.562	5
weighted_unifrac	1.9593912364078558	0.088	6
weighted_unifrac	0.5701652891067192	0.85	7
weighted_unifrac	0.4637948813339931	0.845	8
weighted_unifrac	0.8627570638389405	0.676	9
weighted_unifrac	1.0935559636964982	0.379	10
weighted_unifrac	0.9760897358143052	0.432	11
weighted_unifrac	1.2214916700902392	0.285	12
weighted_unifrac	0.4206187386556014	0.966	13
weighted_unifrac	1.0422009411108126	0.356	14
weighted_unifrac	1.4759983605365485	0.134	15
weighted_unifrac	1.2141481605964164	0.207	16
weighted_unifrac	0.5747890694071056	0.857	17
weighted_unifrac	0.40102975749344466	0.973	18
weighted_unifrac	0.2367210724677924	1	19
weighted_unifrac	0.5228619596611489	0.918	20
weighted_unifrac	0.8852369935055586	0.893	21
weighted_unifrac	1.3720382196594838	0.194	22
weighted_unifrac	0.6722938459658395	0.648	23
weighted_unifrac	0.5389830025755402	0.924	24
weighted_unifrac	0.41228283929127757	0.883	25
weighted_unifrac	0.6097309662500816	0.716	26
weighted_unifrac	3.1741866563650993	0.015	2
weighted_unifrac	1.5396634158945592	0.054	3
weighted_unifrac	1.7279125507309139	0.112	4
weighted_unifrac	0.6694609425733419	0.728	5
weighted_unifrac	1.5310595866272447	0.177	6
weighted_unifrac	0.9992475807129555	0.397	7
weighted_unifrac	1.7262286858658917	0.107	8
weighted_unifrac	2.0976699961810645	0.001	9
weighted_unifrac	0.7536265663322815	0.677	10
weighted_unifrac	2.1238179042555907	0.025	11
weighted_unifrac	0.7838950776334906	0.526	12
weighted_unifrac	0.9841415096820805	0.448	13
weighted_unifrac	0.7656350634692595	0.726	14
weighted_unifrac	0.6774130393983571	0.739	15
weighted_unifrac	0.8275521683715852	0.68	16
weighted_unifrac	0.8941695597249504	0.533	17
weighted_unifrac	0.5358750866871405	0.897	18
weighted_unifrac	0.5763378567062175	0.845	19
weighted_unifrac	1.431743024057598	0.15	20
weighted_unifrac	1.0248348944753762	0.36	21
weighted_unifrac	0.27125065966203954	0.967	22
weighted_unifrac	0.42874780531594464	0.884	23
weighted_unifrac	0.9628648112987173	0.459	24
weighted_unifrac	0.8153696784546292	0.501	25
weighted_unifrac	0.5965684239693619	0.713	26
weighted_unifrac	1.9427435001615145	0.087	2
weighted_unifrac	0.7401515146469448	0.806	3
weighted_unifrac	0.5390248694846833	0.787	4
weighted_unifrac	0.6661555566690832	0.753	5
weighted_unifrac	0.7183358384104624	0.608	6
weighted_unifrac	0.8879492565554592	0.51	7
weighted_unifrac	1.028952543120837	0.347	8
weighted_unifrac	1.0568191135535285	0.351	9
weighted_unifrac	0.6064956246712658	0.815	10
weighted_unifrac	0.5252926384727683	0.896	11
weighted_unifrac	1.2207772535860963	0.266	12
weighted_unifrac	1.535069014096466	0.105	13
weighted_unifrac	0.5501233221175379	0.934	14
weighted_unifrac	1.2054669787960859	0.253	15
weighted_unifrac	0.8412539682039785	0.638	16
weighted_unifrac	1.025149965596699	0.392	17
weighted_unifrac	0.5592836889987779	0.859	18
weighted_unifrac	1.2533822282708849	0.233	19
weighted_unifrac	1.757661607726662	0.075	20
weighted_unifrac	0.9591954119659833	0.681	21
weighted_unifrac	0.8624146736342118	0.47	22
weighted_unifrac	1.639829271578271	0.153	23
weighted_unifrac	0.8471132711988808	0.602	24
weighted_unifrac	0.4131057114942267	0.887	25
weighted_unifrac	0.48797998987152574	0.821	26
weighted_unifrac	0.466660346765886	0.845	2
weighted_unifrac	1.0035659741382048	0.45	3
weighted_unifrac	0.5006689657450234	0.81	4
weighted_unifrac	0.5731065898832819	0.872	5
weighted_unifrac	1.6616159792530416	0.12	6
weighted_unifrac	1.40320659259744	0.161	7
weighted_unifrac	1.7955123080045148	0.108	8
weighted_unifrac	1.4412036246806783	0.042	9
weighted_unifrac	1.4661874165868776	0.149	10
weighted_unifrac	0.5873511356159052	0.838	11
weighted_unifrac	1.004907301098258	0.354	12
weighted_unifrac	0.5978878874354066	0.835	13
weighted_unifrac	2.4053758365707494	0.015	14
weighted_unifrac	1.6476348805617511	0.099	15
weighted_unifrac	0.9113413046194644	0.548	16
weighted_unifrac	0.47569081961826515	0.949	17
weighted_unifrac	1.3136982844240739	0.215	18
weighted_unifrac	0.4346109777616077	0.966	19
weighted_unifrac	0.7111620349546232	0.689	20
weighted_unifrac	0.9547358827871886	0.675	21
weighted_unifrac	0.20039925775716672	0.993	22
weighted_unifrac	0.3819813390261227	0.928	23
weighted_unifrac	0.5121761562344025	0.953	24
weighted_unifrac	1.0392396212970083	0.359	25
weighted_unifrac	0.49882608989858923	0.83	26
weighted_unifrac	0.7770320404616166	0.538	2
weighted_unifrac	1.0288596783385642	0.388	3
weighted_unifrac	0.803192422483024	0.509	4
weighted_unifrac	1.0122916667518875	0.412	5
weighted_unifrac	0.4095715229852306	0.904	6
weighted_unifrac	1.7689540042117164	0.082	7
weighted_unifrac	0.7416687206708767	0.558	8
weighted_unifrac	0.9609754074650486	0.517	9
weighted_unifrac	0.5064395041231019	0.923	10
weighted_unifrac	0.7563551736373858	0.608	11
weighted_unifrac	1.5934746306057936	0.156	12
weighted_unifrac	1.014193650673076	0.417	13
weighted_unifrac	0.740790448951337	0.742	14
weighted_unifrac	0.6051312531897698	0.833	15
weighted_unifrac	1.1400946638128975	0.286	16
weighted_unifrac	2.5368373931724215	0.012	17
weighted_unifrac	0.9531096783990802	0.46	18
weighted_unifrac	0.7387126132114437	0.67	19
weighted_unifrac	1.191760051262308	0.262	20
weighted_unifrac	0.9155810925510547	0.83	21
weighted_unifrac	1.7774543486728955	0.111	22
weighted_unifrac	0.25132024835971684	0.988	23
weighted_unifrac	0.5183755235292072	0.937	24
weighted_unifrac	0.7770390227910289	0.554	25
weighted_unifrac	0.3747849707266846	0.92	26
weighted_unifrac	0.48226159534621516	0.808	2
weighted_unifrac	1.1809730272902554	0.235	3
weighted_unifrac	0.5824230338906056	0.683	4
weighted_unifrac	0.8825757037885228	0.546	5
weighted_unifrac	0.4647069930780525	0.839	6
weighted_unifrac	1.2250553459321771	0.252	7
weighted_unifrac	0.4371468594013739	0.882	8
weighted_unifrac	0.7586815624622224	0.836	9
weighted_unifrac	0.9151770199365095	0.451	10
weighted_unifrac	0.5271018116231891	0.888	11
weighted_unifrac	0.5450906881219307	0.761	12
weighted_unifrac	0.7483148119453361	0.677	13
weighted_unifrac	0.5147820130373296	0.957	14
weighted_unifrac	1.135918591505156	0.306	15
weighted_unifrac	1.3879238508791907	0.129	16
weighted_unifrac	0.8433879004714036	0.541	17
weighted_unifrac	1.0854711435936817	0.362	18
weighted_unifrac	0.8490738242367858	0.548	19
weighted_unifrac	1.3412580108968146	0.215	20
weighted_unifrac	0.919544248011786	0.806	21
weighted_unifrac	0.37327948018651735	0.924	22
weighted_unifrac	0.4701739664581037	0.818	23
weighted_unifrac	1.6203705640143935	0.065	24
weighted_unifrac	0.8074612162092242	0.506	25
weighted_unifrac	1.5693899749848321	0.139	26
weighted_unifrac	1.1881648943188399	0.288	2
weighted_unifrac	1.2883915869606954	0.16	3
weighted_unifrac	1.3915468608753112	0.207	4
weighted_unifrac	1.0667936528646778	0.331	5
weighted_unifrac	0.33346837767640275	0.924	6
weighted_unifrac	0.6148322990910982	0.774	7
weighted_unifrac	0.5658733768839357	0.761	8
weighted_unifrac	1.1190592152270735	0.252	9
weighted_unifrac	0.7186227831003406	0.701	10
weighted_unifrac	1.017980155073354	0.394	11
weighted_unifrac	0.5721282720773445	0.724	12
weighted_unifrac	2.0640555374558325	0.03	13
weighted_unifrac	1.463822508487467	0.115	14
weighted_unifrac	1.6561626132918548	0.07	15
weighted_unifrac	1.2490079806758614	0.196	16
weighted_unifrac	0.5704257911115241	0.865	17
weighted_unifrac	1.5751181725828216	0.117	18
weighted_unifrac	0.6468036421288259	0.775	19
weighted_unifrac	0.38476926756431373	0.98	20
weighted_unifrac	1.0019109574278546	0.48	21
weighted_unifrac	0.4910012815145444	0.814	22
weighted_unifrac	0.9417956043144123	0.408	23
weighted_unifrac	0.8570757372906183	0.595	24
weighted_unifrac	2.0315747399255897	0.072	25
weighted_unifrac	1.0668112805682521	0.359	26
weighted_unifrac	0.8601455877985588	0.471	2
weighted_unifrac	0.6213289247157713	0.94	3
weighted_unifrac	0.3908275023192814	0.91	4
weighted_unifrac	0.6704789567581088	0.748	5
weighted_unifrac	2.2984433303935847	0.05	6
weighted_unifrac	0.584621564935054	0.824	7
weighted_unifrac	0.4154130031626528	0.88	8
weighted_unifrac	1.2257519716317096	0.165	9
weighted_unifrac	0.9061362079676264	0.526	10
weighted_unifrac	0.908719074313686	0.503	11
weighted_unifrac	1.1929288202450814	0.27	12
weighted_unifrac	0.5500850219985565	0.875	13
weighted_unifrac	1.0024569659212588	0.427	14
weighted_unifrac	0.2653305761732838	0.997	15
weighted_unifrac	0.742783089029935	0.786	16
weighted_unifrac	0.46729392810068643	0.921	17
weighted_unifrac	0.9465178178813768	0.448	18
weighted_unifrac	2.452802857571463	0.01	19
weighted_unifrac	0.45938580155178915	0.945	20
weighted_unifrac	0.8964233560688318	0.865	21
weighted_unifrac	1.048089872731934	0.335	22
weighted_unifrac	1.995941651495097	0.068	23
weighted_unifrac	0.7858188001194202	0.689	24
weighted_unifrac	1.261289190009106	0.223	25
weighted_unifrac	1.3672218633151874	0.216	26
weighted_unifrac	0.967714887217218	0.427	2
weighted_unifrac	0.8050257958640193	0.738	3
weighted_unifrac	0.20882892653959173	0.99	4
weighted_unifrac	0.984592622616636	0.407	5
weighted_unifrac	0.5095396770387951	0.811	6
weighted_unifrac	1.024993528654501	0.368	7
weighted_unifrac	0.9449836135220767	0.448	8
weighted_unifrac	1.364030771891956	0.058	9
weighted_unifrac	1.118245602480615	0.309	10
weighted_unifrac	1.1421532113240944	0.311	11
weighted_unifrac	0.5466265125339748	0.784	12
weighted_unifrac	1.0410988789012021	0.397	13
weighted_unifrac	0.9279313948933918	0.484	14
weighted_unifrac	0.56417478911434	0.862	15
weighted_unifrac	1.153620415504915	0.274	16
weighted_unifrac	0.5829194148728304	0.823	17
weighted_unifrac	1.470538685918152	0.128	18
weighted_unifrac	0.5753133755095319	0.856	19
weighted_unifrac	1.1491702258251035	0.288	20
weighted_unifrac	0.9624377288096547	0.645	21
weighted_unifrac	1.8157069979373897	0.104	22
weighted_unifrac	0.8196113461226797	0.509	23
weighted_unifrac	0.7560164728505088	0.716	24
weighted_unifrac	0.7916559094265345	0.524	25
weighted_unifrac	0.7660072082206922	0.574	26
weighted_unifrac	1.6897157300333168	0.115	2
weighted_unifrac	0.6148748084038231	0.941	3
weighted_unifrac	0.31435855124410306	0.963	4
weighted_unifrac	1.3102981652930168	0.201	5
weighted_unifrac	0.8273552780560272	0.499	6
weighted_unifrac	0.8504820056967483	0.555	7
weighted_unifrac	2.1521124439273036	0.066	8
weighted_unifrac	0.7514219856119009	0.894	9
weighted_unifrac	0.9920469135418009	0.43	10
weighted_unifrac	0.7998323257045603	0.624	11
weighted_unifrac	1.5255765670658656	0.168	12
weighted_unifrac	0.5049349108965175	0.904	13
weighted_unifrac	1.0689836803941273	0.36	14
weighted_unifrac	0.6970769686488678	0.689	15
weighted_unifrac	1.16445136244666	0.236	16
weighted_unifrac	1.1083083166188192	0.339	17
weighted_unifrac	1.3151086072349507	0.198	18
weighted_unifrac	0.9297894093953649	0.493	19
weighted_unifrac	0.5855900796653429	0.841	20
weighted_unifrac	0.9732068820191125	0.619	21
weighted_unifrac	2.3015347924982863	0.042	22
weighted_unifrac	0.5900524083487266	0.714	23
weighted_unifrac	0.619604358674557	0.869	24
weighted_unifrac	1.2456302526886005	0.254	25
weighted_unifrac	1.6611542154591876	0.127	26
