	SRR5928245	SRR5928399	SRR5928253	SRR5928467	SRR5928404	SRR5928208	SRR5928400	SRR5928233	SRR5928420	SRR5928261	SRR5928406	SRR5928231	SRR5928443	SRR5928274	SRR5928162	SRR5928460	SRR5928426	SRR5928369	SRR5928407	SRR5928276	SRR5928256	SRR5928366	SRR5928447	SRR5928363	SRR5928456	SRR5928246	SRR5928214	SRR5928436	SRR5928392	SRR5928448	SRR5928396	SRR5928415	SRR5928183	SRR5928368	SRR5928476	SRR5928473	SRR5928439	SRR5928428	SRR5928386	SRR5928451	SRR5928268	SRR5928445	SRR5928421	SRR5928169	SRR5928419	SRR5928265	SRR5928157	SRR5928199	SRR5928175	SRR5928365	SRR5928463	SRR5928465	SRR5928209	SRR5928212	SRR5928403	SRR5928213	SRR5928166	SRR5928247	SRR5928438	SRR5928190
SRR5928245	0.0	119.99841394742737	104.43751677450197	99.45138453230432	110.41821059303584	61.145218898434486	87.9253311033188	83.31994106908022	99.13486933092749	113.79008515239879	83.33316937434475	49.786480319259134	74.5175559451942	147.5721803637149	66.0259385119169	131.51907936556768	138.08216844446548	104.50012796728093	32.2129190426472	144.2136298253754	99.72880592815255	147.820493563253	93.73882086638952	104.43977064047908	30.092184219058712	226.9460758716911	128.8717605804106	63.60036245752505	77.27145646227034	131.01383765783268	55.996480085984984	97.2008328458093	96.70309727995632	86.38610683396938	65.59790569601658	82.88782096638636	75.45219072437555	97.05605009002059	48.12685486920884	136.18705867950555	89.93285206564958	100.98109948822446	178.90162641414372	120.24825681821888	79.33351680488204	93.76675493999157	262.8723771504789	122.19831702627344	30.206985999079635	110.91398546648288	81.76285319822527	126.96389494093592	192.94431211896415	14.545729517207084	111.6188657869389	138.16586550257378	195.07469332467758	532.317984352113	154.32728466490983	319.51646232133106
SRR5928399	119.99841394742737	0.0	35.81891228915921	48.25732676440228	20.119430776695452	77.95010067887647	61.947786808547285	202.99879877602558	61.23052286877426	20.901841037551726	172.9013764914728	80.52676039947826	108.98481626417727	41.64739734692059	60.283019711253786	49.81066922799364	39.50576353604287	183.99951276670993	92.91964310316094	47.59327794036629	51.546760343444035	247.48238572385307	103.3257098500621	160.15825772523903	117.68700373568612	337.3047054679357	25.078587175944968	82.35693419541447	47.93242529513937	129.57742768638565	107.63590371197756	37.83665147192908	32.84475391226388	63.635367490884086	59.56249432515446	58.249244236116525	65.02055750401429	104.80177327780028	76.965171874735	127.57205091128817	121.70999532035091	177.27535942551498	280.1078818501306	54.456879358222686	44.872055657518	58.49932088179142	362.58860191411225	45.698541318159435	123.30364883695158	85.72163548734251	45.007953002442854	67.64298735047454	291.1897579219891	125.16228790532791	22.91423794064854	96.49111309392663	121.95497035834008	638.7359395457601	249.77537645655786	385.7912969397717
SRR5928253	104.43751677450197	35.81891228915921	0.0	67.61830702063534	47.339491563334974	50.226262925682335	74.65237408346978	184.0187957225373	80.80199718769445	21.302816537606933	144.6839839239599	77.18966154088626	76.59332066934701	44.114293203482596	57.57761938079003	29.672332220513503	33.69667869714065	153.27370828620806	76.48622506318061	42.3765676599388	70.13236752946047	217.77702419620462	68.61912415286338	126.85029416470191	94.32069481615132	309.8718475898378	27.145788046408015	52.85591456929413	46.7727550454158	95.68414301341463	78.17111521949569	49.76999928521475	46.22496466899688	29.699256546971245	41.00354220359349	67.45410335548765	70.76546203654549	70.08323161257883	61.739583100315336	94.35732131981412	87.42333198593543	145.28405769131652	250.51607030331914	24.72514667829833	49.80759447518124	23.58014838778323	332.7539670607525	20.530683185667012	112.4768149674699	50.330688482124266	23.947368137899563	38.12135845435844	260.6138015910084	107.00364081105819	20.1925135201306	65.33914304218311	107.12889083263147	609.0602091804778	219.22718643193068	351.1919841463685
SRR5928467	99.45138453230432	48.25732676440228	67.61830702063534	0.0	32.64337363551276	83.63917024259344	16.889676173834346	180.79690339043535	14.66467583053594	55.466220686502524	170.94986011995576	50.418581182058595	119.76851069709886	89.44424220658045	37.24250190922496	92.45449148682538	85.1077319414106	186.95861166373837	76.02841473820634	95.01250708169275	5.099004210020044	242.09077278585815	122.56938853621516	170.46277977278268	107.0299810530412	325.69137772423096	70.457219839632	89.7698786111407	32.9492596357656	157.15134368629992	110.44149870074966	22.382270615153395	22.099650559053178	82.38522629449496	57.95807852260953	19.33189370703136	27.4165403057752	125.1900063537943	62.71374615584264	157.37492104880067	135.6176693221376	180.40822320953492	274.6078321201348	91.92272409611613	27.39387692606773	81.0612139734508	358.98104892293554	85.4026287469548	93.6105644907621	113.56428440931771	56.53826330429102	105.65110071338397	287.3195374223784	105.85963296493765	55.12334081177557	132.7234115451357	168.3519174811341	630.93972512969	246.93459419581552	398.57163432053073
SRR5928404	110.41821059303584	20.119430776695452	47.339491563334974	32.64337363551276	0.0	77.98487545170977	47.270042989151854	193.65029779374734	43.611235370099664	35.72346488192035	170.11379826131795	67.96461568460336	111.54667842448683	60.99090952590096	50.41136203717031	67.33107226853456	59.03474991470063	183.46453328228932	85.85760719549937	65.42736621901386	36.98282240306782	245.16454833443723	109.66353658090698	162.99178241653027	113.01100665046552	332.5557909643118	44.601877361638735	83.38837139371934	40.33247841943897	139.12000554937026	107.35978455709359	31.014281273926272	24.460133656432365	70.26336189742246	57.23151034360118	45.04526081290282	52.073600349729766	111.51035213777155	70.93555705381884	137.92660136572894	126.35993343520865	177.92010643259286	277.4625413636184	69.5424408198993	32.50534975528692	67.20804680738924	360.0008650035426	61.923852804568085	112.57997981596678	96.91377637509387	46.95322073856176	82.7423988266435	289.4518168192356	117.21630813259202	36.612556553149794	110.816059791368	138.23597290234258	635.3649146443558	248.2374295202706	390.4027701516951
SRR5928208	61.145218898434486	77.95010067887647	50.226262925682335	83.63917024259344	77.98487545170977	0.0	80.89172930141504	135.43222213893048	91.90400375962493	66.28681703134677	96.45833196807922	58.38959792093054	36.190700888522976	93.30218408601831	51.6089717876245	73.02755863572152	82.8314861860887	107.78408398709995	39.31709981270885	88.18656040647792	85.3034242503678	169.57985484949722	43.35610184058559	87.15807059879639	45.96777620627293	260.3460677554711	77.25735306504448	6.433366199873168	52.096030638983	82.4235654182517	29.75739314283156	70.2340975580595	68.09654292930519	26.582475617421753	27.19846461623207	72.51385769122487	69.85910389320713	46.62920060644221	34.38996873820234	85.4635732975881	52.55684167229328	100.28554580038796	202.34362335801882	60.489724166988864	57.013551022108366	34.76510814915738	285.6339204599474	64.16482907115	76.67978402977596	51.41336117029614	34.33699992999827	65.99614888453891	213.31794200534875	61.93365266306118	64.10751363279597	78.25836876175487	136.01810418135332	561.1507565965342	171.94819206620167	315.34194549003547
SRR5928400	87.9253311033188	61.947786808547285	74.65237408346978	16.889676173834346	47.270042989151854	80.89172930141504	0.0	167.4741871796936	17.21729555930772	65.16270922587633	163.26815572405997	38.14482716265462	116.79801177784766	102.15780134427878	29.830167976643754	101.688313965868	96.28090888481869	180.31177415589568	65.73576547985715	106.95723856029649	14.320535520876927	232.00036689112855	122.18402165438965	166.0419687699474	97.34876956319275	313.8006883761853	82.02691804466757	87.08142386559466	31.335010275753056	158.9353649571153	105.11008807476448	28.76358379136741	30.835145859658446	83.72340539157582	55.17860247917333	8.772619915622807	13.72811178729647	125.14461677646602	54.328883311625916	160.02081177680998	132.91197201645005	173.37797997038894	264.46915781095964	99.08075704897075	29.155309694714497	83.72554688336317	349.4124759806854	93.72709375775126	78.7565141811778	116.21386199181883	58.80562310713674	112.4815663225207	277.4249157039057	93.79996654219335	64.20698057019885	138.0697067798506	179.08649541518622	619.5969948811113	237.58835328022747	393.17894345795287
SRR5928233	83.31994106908022	202.99879877602558	184.0187957225373	180.79690339043535	193.65029779374734	135.43222213893048	167.4741871796936	0.0	178.4439789748991	195.40639941530426	81.38978709730397	130.45039804476048	129.65104667683528	227.65937615995801	148.28616567716116	208.4488640790404	217.5285619027927	100.79410030084397	112.1491622218472	222.807598855491	180.51997249134882	97.7786538704672	151.2762002768101	125.08748136527014	91.2929747847682	152.88811299416483	209.90199516422044	135.10939610472778	159.82900263458592	179.25119866162348	115.02364048649314	179.37251127810316	179.51524586259848	160.84564639436738	146.44605508713502	163.51539334337903	155.43716266441575	153.90248706168967	128.90600859844943	186.54867623088032	136.85934538719295	102.91499934430793	120.78282457155326	195.60271675654653	162.50382940490462	168.9678679761098	199.5931312315801	199.53623761775003	91.04793099455212	176.51607219507835	162.59014761005463	199.24009074478744	136.89951916729413	79.25640007044628	193.09700889787297	202.28487153209593	262.37753548053996	457.42752269923835	108.957232833637	285.0802953247161
SRR5928420	99.13486933092749	61.23052286877426	80.80199718769445	14.66467583053594	43.611235370099664	91.90400375962493	17.21729555930772	178.4439789748991	0.0	69.75368098289397	174.27290323170044	50.20853923051472	127.80982702401776	102.80031355912692	43.331618507310544	106.17174928762385	99.02060518971263	191.5909259699447	79.43425427090887	107.99813377949391	14.813420817689044	244.78739949027332	132.46275659780267	177.52259849046115	110.67252031994524	325.95400068062827	84.30684973491947	98.23215829827103	43.02162401513693	167.81098993136933	117.15172536898505	36.43555613067437	36.20607691497564	93.87020712538848	67.14546467885023	24.171840002499817	29.690021434769452	135.17546482686944	68.35343364298076	168.35022753821067	144.41139504231757	185.9490113176684	276.8018567492952	105.3413682747013	35.928869263867256	93.36161877741685	360.7549543454956	99.05715598007043	91.6950490954889	125.7568249843006	68.0454991728224	118.87961763970779	290.087795188854	106.65098128110706	69.42025655917134	145.5496143556971	180.81396309051655	631.4491286036547	250.16338797747878	405.1521763727689
SRR5928261	113.79008515239879	20.901841037551726	21.302816537606933	55.466220686502524	35.72346488192035	66.28681703134677	65.16270922587633	195.40639941530426	69.75368098289397	0.0	162.5232388781412	78.09805467027901	95.98049110879496	40.143266308994505	56.37417461545715	38.199680139242375	31.64940889480646	172.31287395043708	84.30258315925717	45.14175425020821	57.57547923065932	234.8718004113356	89.08764928822981	146.75122817248678	106.87677441175285	325.96013545704255	18.852896911760407	69.90279788178961	43.44828402286494	116.18726362716606	95.19439425893776	37.235623541730206	34.54305658812592	47.94213440280855	49.011344771074576	59.33425019425112	64.65563361225327	90.72513581421921	67.9503165276063	114.58420494342542	107.14732839032757	163.74808164614518	267.9731378654186	39.94327710279259	46.24370528394836	41.643178343507365	351.26684936264746	31.963809216449505	116.99788636512548	69.31970994864518	33.36450012528617	53.89735888442739	278.353832363288	116.72256059510153	2.694569716848103	82.41528168477285	117.34666225290778	626.8246882240483	237.04684701417494	371.47481224759605
SRR5928406	83.33316937434475	172.9013764914728	144.6839839239599	170.94986011995576	170.11379826131795	96.45833196807922	163.26815572405997	81.38978709730397	174.27290323170044	162.5232388781412	0.0	127.2256846721013	71.48538515985504	184.18743672674702	135.51755256224573	160.8637705137046	174.4230083780489	23.788905668188626	99.61987925496884	175.62109485712722	172.2126626297707	79.22942888675499	89.78496237624807	47.76245374290608	69.71510645796674	168.58978020021124	171.51124634832138	92.83292975551691	142.13828587197187	106.14454332938296	68.36499429598273	162.5432350990063	160.80957088737986	117.72221216587779	119.79054315492453	156.3665566042979	150.4497923720135	90.98868963910866	112.02397401596924	113.80125586970362	72.04962411702756	32.98439386285207	109.04713540235092	147.1534270680622	145.20567204846398	125.98840914674363	189.9703980390035	153.9069377896315	108.04880557864415	120.10846492028065	130.59345029951425	145.6713048155487	121.25722648438438	79.13349284981187	160.41040147751286	139.75595988844114	196.57607033544045	466.2482877303121	80.57083760687964	237.62743836013144
SRR5928231	49.786480319259134	80.52676039947826	77.18966154088626	50.418581182058595	67.96461568460336	58.38959792093054	38.14482716265462	130.45039804476048	50.20853923051472	78.09805467027901	127.2256846721013	0.0	90.60715400672424	115.79146754413932	22.205177775664204	106.85831948111972	107.61700252999852	145.68321916676075	31.66862320929231	116.37303803137604	50.25590361415866	195.12241958492694	101.66386371944793	135.71246759708902	62.171298210128356	276.11293061311693	95.28528385097079	64.27237039201736	35.21913683371317	140.70903591440572	75.5240881775304	51.60052415085631	51.800262463975756	72.7166578679664	41.017013782563495	33.540903123820385	26.09211298241107	104.98584998680452	27.912713992698574	143.49263356938525	107.65963684833348	139.78002159988597	227.15981795439873	99.48101622417497	35.97792107194181	76.5806761767665	311.76661326700867	97.55467567967061	45.102114899681695	105.1545491170104	54.22511420105222	110.52979007627843	240.51163935689576	56.44769040486922	76.28051430701913	130.88616535771123	180.745531619041	581.7627899379564	201.0035840857191	360.39461581090853
SRR5928443	74.5175559451942	108.98481626417727	76.59332066934701	119.76851069709886	111.54667842448683	36.190700888522976	116.79801177784766	129.65104667683528	127.80982702401776	95.98049110879496	71.48538515985504	90.60715400672424	0.0	114.47397152631191	87.21844453381551	90.00142880947844	104.14806243740279	77.0198983761862	64.65143611483629	106.30186463218949	121.4914753704241	143.22512343320508	21.8315202080723	51.74029903367609	50.644841343720735	236.83487365475636	102.84398406754201	30.18940957586724	88.19932877743607	56.829720209168585	19.53959298831726	105.81585796284232	103.65407365485639	48.806485316010026	63.00815417798341	108.4570483942961	105.27382043656566	24.58045125567691	66.53712773075539	62.458843756928914	18.588803216663553	69.33879021574431	175.26892003351443	76.04599330377896	92.9409314335126	56.439890404806825	256.51897145753554	83.25968947597458	96.02303528898321	49.73014557621998	67.89083805794962	74.7301340089353	184.89922932534407	71.96915130644739	93.97882223489181	72.92190847216624	134.5362483682001	533.0592575559331	143.53957202881205	279.6735976844415
SRR5928274	147.5721803637149	41.64739734692059	44.114293203482596	89.44424220658045	60.99090952590096	93.30218408601831	102.15780134427878	227.65937615995801	102.80031355912692	40.143266308994505	184.18743672674702	115.79146754413932	114.47397152631191	0.0	94.98073326990577	27.04011779575612	13.207381958210913	190.39659745608031	119.9526216576596	14.107545918772606	92.30185844178582	257.5333206201949	101.22543645354675	161.02883054572916	138.25493977766382	350.84268280978233	21.318527128982428	95.21633399218943	82.39284497624338	115.58035431061619	119.816964035857	75.230727604689	71.58077168949573	70.69286437552681	84.16665169107509	97.38845010390233	103.32795987877194	101.38750624328303	104.58255304293102	111.27864244282436	122.12932039463678	182.99196249229487	289.7285895638638	40.6281584860344	82.31604189849408	63.19279143922127	369.8492945628556	32.47362792777708	154.77603977826237	75.90005124028895	66.85425929504174	47.97856831599841	299.01761176591185	150.89843179083047	42.22843637256828	73.85525142643456	84.91507628965792	646.9732727205561	257.8046821352342	377.73180339606796
SRR5928162	66.0259385119169	60.283019711253786	57.57761938079003	37.24250190922496	50.41136203717031	51.6089717876245	29.830167976643754	148.28616567716116	43.331618507310544	56.37417461545715	135.51755256224573	22.205177775664204	87.21844453381551	94.98073326990577	0.0	87.00073467192671	86.5783273836751	151.53883502939945	39.256957963397234	96.601717851008	37.4762991198886	205.29724804305266	93.70788587424832	136.29112824669764	70.04532594402234	289.938622849169	74.09020116733183	57.74003926550203	13.151670859772231	131.63184290402398	75.37241462934992	31.262734360400906	31.52021157031451	58.056132163816216	26.86753340502424	21.64140388417463	18.295632831650053	96.83937228979518	25.52631133931566	133.43214973814526	103.35477060702011	144.19382313330377	238.08929231964234	80.74849663887133	18.802493824449233	60.0216413208327	323.0869313301739	77.84336055539849	63.467744525502155	91.14117350224147	35.95999800108342	92.8097379787344	250.5498054077933	70.67112721390656	54.526686135121466	115.46088985164607	163.4992553213819	594.9871199382317	210.20152638037433	363.54272664182344
SRR5928460	131.51907936556768	49.81066922799364	29.672332220513503	92.45449148682538	67.33107226853456	73.02755863572152	101.688313965868	208.4488640790404	106.17174928762385	38.199680139242375	160.8637705137046	106.85831948111972	90.00142880947844	27.04011779575612	87.00073467192671	0.0	17.286680574482077	165.74580846498222	104.20834796649778	21.735779269289893	95.02570160995374	232.54609033353663	75.36688152689449	135.29107858913983	118.14803086497226	326.56659608038075	26.709282550310494	73.66616220978761	75.65017197674607	90.5275621892025	96.95502866407287	74.7192147716919	71.48330186145877	48.351917811647795	69.56094853941016	95.10971558862725	99.22568407929028	75.48603274485025	90.15794652133424	86.87024848227826	96.15312816350006	157.4847533146292	264.7509768632276	14.288307798907034	78.2486620019673	40.81462876637466	344.8948928495056	9.65287338529296	140.96611317057295	48.91661341509592	53.19041100124322	21.764980719982525	273.5389467716204	133.26842153866343	38.74409199540757	49.67921978730116	80.74877487552779	621.54807042363	232.5092100106082	351.8515140323169
SRR5928426	138.08216844446548	39.50576353604287	33.69667869714065	85.1077319414106	59.03474991470063	82.8314861860887	96.28090888481869	217.5285619027927	99.02060518971263	31.64940889480646	174.4230083780489	107.61700252999852	104.14806243740279	13.207381958210913	86.5783273836751	17.286680574482077	0.0	180.6233036565452	109.70331765225765	18.266522857906576	87.62422091821362	246.71725066016054	91.10373926609188	151.11580402698283	127.36985036869432	340.1331487570152	14.75153851423524	84.54852034944307	74.09956640467941	107.79182657664215	109.05592522628697	68.54347337800085	65.45028609899494	59.15883796728593	73.91776351863118	90.732552328726	96.06938603319195	91.51466613100763	94.37371429678717	104.09432613016449	111.60121112115077	172.34328207655514	279.21085272860853	29.78414150888881	75.7876014208125	51.29426129468035	360.1285108617472	21.080717215990862	144.91895930347374	65.19471207539094	56.8403156041698	39.00306990990716	288.39670510978664	140.54842460859754	33.21810176935842	66.42046002764175	88.45419955936786	636.7544324428455	247.22099771162266	369.0137477433019
SRR5928369	104.50012796728093	183.99951276670993	153.27370828620806	186.95861166373837	183.46453328228932	107.78408398709995	180.31177415589568	100.79410030084397	191.5909259699447	172.31287395043708	23.788905668188626	145.68321916676075	77.0198983761862	190.39659745608031	151.53883502939945	165.74580846498222	180.6233036565452	0.0	116.8406940773628	181.00327430221014	188.3303570608685	72.63434224847424	91.2763010493629	36.43684526826813	86.79916837733654	165.1737052774438	179.58694921738783	103.13213363469904	156.77500113909295	99.0045676300039	79.10710108492188	176.58665072209288	174.79013065903143	125.54379498113752	132.95928523321317	172.90918702102593	167.49551210258028	91.69879334107769	127.65986678572828	106.91162719778447	71.86285226590718	21.435508805761415	101.23782886908069	151.9746336628059	160.51829766458692	133.31159521310047	179.68231186449424	159.70495044238493	128.63356272759444	121.58873648819088	142.00814947683156	148.3726340360013	110.89847404655856	99.35322293584316	170.25236214563935	137.8337384238357	193.37822885278956	456.9606015983134	70.20057332690111	216.32311176730454
SRR5928407	32.2129190426472	92.91964310316094	76.48622506318061	76.02841473820634	85.85760719549937	39.31709981270885	65.73576547985715	112.1491622218472	79.43425427090887	84.30258315925717	99.61987925496884	31.66862320929231	64.65143611483629	119.9526216576596	39.256957963397234	104.20834796649778	109.70331765225765	116.8406940773628	0.0	118.08877453096957	76.04696279521208	166.55559799516874	78.80839869156083	106.47276205937811	31.644926487675864	250.8599794179797	100.3842610833375	43.27113145030514	48.92855442484281	118.5978811542262	47.22907258172547	68.96787956513428	69.21111088429878	60.01216435593649	35.884944829715685	58.848667639637156	52.214569636204416	82.41721583590478	16.757872603243392	122.67037277203559	80.52173355259536	109.22750499310803	199.34700708908116	93.44424590578723	54.624047852848555	66.31397770537423	284.8701149934348	94.6198247832663	37.91951083081324	88.24775004883593	53.10171872893176	101.67328383829432	211.93922775654025	32.96930524327823	81.95730484027513	116.25884597518399	173.87419039867677	555.9411112719933	171.9905160877455	330.0192201656119
SRR5928276	144.2136298253754	47.59327794036629	42.3765676599388	95.01250708169275	65.42736621901386	88.18656040647792	106.95723856029649	222.807598855491	107.99813377949391	45.14175425020821	175.62109485712722	116.37303803137604	106.30186463218949	14.107545918772606	96.601717851008	21.735779269289893	18.266522857906576	181.00327430221014	118.08877453096957	0.0	98.22582788195541	249.43929198352984	92.19989042236834	151.38224234384722	133.96507334879573	342.9673910043359	27.555257419591314	89.53922227782402	84.7515308853789	104.20676068709628	113.32328857808115	80.82852089658826	76.50375996770424	66.08197463012874	82.97231495839367	101.60677887348075	106.8583527846715	92.00082328682956	103.68113617228343	99.6193069909919	113.47455250153625	174.46860628957788	281.1297507170196	34.480293218415234	84.20693655482229	59.24379931391839	360.0059085766461	28.432016964504104	154.08457277752748	68.01942965418496	65.73409122440306	39.33228882280155	290.275782961623	147.70453261860823	46.809625496144555	63.85998372970996	74.78886898673743	637.4965716749406	249.15538671981608	366.5810310157304
SRR5928256	99.72880592815255	51.546760343444035	70.13236752946047	5.099004210020044	36.98282240306782	85.3034242503678	14.320535520876927	180.51997249134882	14.813420817689044	57.57547923065932	172.2126626297707	50.25590361415866	121.4914753704241	92.30185844178582	37.4762991198886	95.02570160995374	87.62422091821362	188.3303570608685	76.04696279521208	98.22582788195541	0.0	242.47306328554535	124.53373323388256	172.00420140690434	107.30957943040374	325.74173544924184	73.07534680681826	91.39924499546647	33.8007070240046	159.54045365594664	111.68649489450192	22.693429822983358	24.012817898804194	84.14569722447848	59.123850574172195	17.79287485840595	25.8504347401711	127.23709543260632	62.869518136582776	159.8906177339742	137.18228368084098	181.36745448221518	275.09322792001166	94.3292490295336	30.03965764893275	82.82487290261072	359.8211393165962	87.88019397330024	92.38204936542562	115.4557183892491	58.51442585054587	108.11533324583867	287.7818466156085	105.69019527705295	57.12227944155083	135.0800060079582	171.74981444159783	631.2218372421946	247.5314054233098	399.9314066713182
SRR5928366	147.820493563253	247.48238572385307	217.77702419620462	242.09077278585815	245.16454833443723	169.57985484949722	232.00036689112855	97.7786538704672	244.78739949027332	234.8718004113356	79.22942888675499	195.12241958492694	143.22512343320508	257.5333206201949	205.29724804305266	232.54609033353663	246.71725066016054	72.63434224847424	166.55559799516874	249.43929198352984	242.47306328554535	0.0	158.67139209565696	103.44682690339174	135.28474340944643	95.53195211231295	244.69748172204697	165.5767612023105	212.9262335242729	166.8858531528903	140.07221137628989	233.05234746759606	232.62717875148826	188.91727367832624	191.07343497802682	225.3883749052239	218.52272658124684	159.59587294819227	180.5072447842405	175.02788368648407	137.7185186124025	76.14543339769286	34.177961884495716	218.35705533088012	217.98562900282272	196.74859523029264	121.74958405532279	225.80280436814968	163.86530734603213	187.23002226234019	203.28700933501318	215.68739404008969	45.50291042446241	139.8141363173239	232.53139049188826	205.17098724507875	263.6468116172706	392.2626477136224	13.957677032747261	188.5542440702787
SRR5928447	93.73882086638952	103.3257098500621	68.61912415286338	122.56938853621516	109.66353658090698	43.35610184058559	122.18402165438965	151.2762002768101	132.46275659780267	89.08764928822981	89.78496237624807	101.66386371944793	21.8315202080723	101.22543645354675	93.70788587424832	75.36688152689449	91.10373926609188	91.2763010493629	78.80839869156083	92.19989042236834	124.53373323388256	158.67139209565696	0.0	60.028029730793065	70.10876018387951	253.41332224889774	92.58989653051982	37.400509254785945	91.59680428690972	39.95691251400317	39.215498058066615	106.36246184725896	103.94476974057886	43.000205940493174	67.30523574500926	113.64380037002002	111.92894381534634	3.7832928520563414	76.4802269678177	44.208483655834414	21.426832305445245	82.84507792716728	190.22174838829642	61.61252698354705	96.6153098831109	48.408969398372435	269.73134132678666	70.13635332585491	113.19554660087837	30.933379754477556	66.88806093505934	57.30591166759005	198.59709952351432	91.47926368777682	87.35533679151307	51.48326764665397	114.54188697949384	546.2232832678179	157.74554415544176	282.65661165490417
SRR5928363	104.43977064047908	160.15825772523903	126.85029416470191	170.46277977278268	162.99178241653027	87.15807059879639	166.0419687699474	125.08748136527014	177.52259849046115	146.75122817248678	47.76245374290608	135.71246759708902	51.74029903367609	161.02883054572916	136.29112824669764	135.29107858913983	151.11580402698283	36.43684526826813	106.47276205937811	151.38224234384722	172.00420140690434	103.44682690339174	60.028029730793065	0.0	80.31055486213997	198.18434326852378	152.03241039063133	81.3760519244279	138.80222427309053	64.0892638716824	61.06829516583653	156.99892071264702	155.11813767670003	99.06881844758504	113.61546748426767	157.89202070280453	153.72110285333486	59.82482289579987	113.1957742353213	72.23953015555345	40.47468475757077	29.70683286178647	132.96710296787813	121.62555729154361	143.59868810580502	105.92130284516503	210.26489635122493	130.13849837563052	127.83098903913822	88.91783901841372	119.55985989461101	116.37809277338137	140.3242638641001	99.02813182691573	144.79125760513068	103.11933119890898	160.34960964632077	486.63586457531153	100.29404903431285	228.26923055520123
SRR5928456	30.092184219058712	117.68700373568612	94.32069481615132	107.0299810530412	113.01100665046552	45.96777620627293	97.34876956319275	91.2929747847682	110.67252031994524	106.87677441175285	69.71510645796674	62.171298210128356	50.644841343720735	138.25493977766382	70.04532594402234	118.14803086497226	127.36985036869432	86.79916837733654	31.644926487675864	133.96507334879573	107.30957943040374	135.28474340944643	70.10876018387951	80.31055486213997	0.0	221.50487275732021	120.71430487787134	45.74132697571205	78.11833594543488	107.14634099412757	31.283167997706414	98.36841266418836	98.19805750644105	70.06287028302752	58.757010142436535	90.34107600602337	83.85227374432031	73.57602464032068	45.36439163211084	112.91495361691116	63.52704974437398	78.80510762587154	168.26589390845166	105.26371942513344	83.72344372610803	77.99009552366505	253.97204461181545	109.12110308644516	48.206845332821885	89.04567691654476	74.03309533331372	109.85256544365927	180.5743863568356	22.243465611893193	104.45445961476725	116.87315339497002	178.74810977402618	525.7169758727241	140.4490014140367	299.59798761936287
SRR5928246	226.9460758716911	337.3047054679357	309.8718475898378	325.69137772423096	332.5557909643118	260.3460677554711	313.8006883761853	152.88811299416483	325.95400068062827	325.96013545704255	168.58978020021124	276.11293061311693	236.83487365475636	350.84268280978233	289.938622849169	326.56659608038075	340.1331487570152	165.1737052774438	250.8599794179797	342.9673910043359	325.74173544924184	95.53195211231295	253.41332224889774	198.18434326852378	221.50487275732021	0.0	336.9986395356058	257.0710103409336	299.28658123719555	261.35388499623383	231.7111607337194	319.55961179463264	319.4252444684437	281.6273151708543	279.7278125592855	308.3258968643154	300.7102934383439	254.42133611305118	266.39800767590197	269.3803069910058	232.74311914247048	171.41594779109923	66.9132133203966	312.4185818526979	303.5430125409825	289.68305207584854	69.25198152205644	319.43772779630126	238.70859779899203	282.2761559643507	293.4094340956376	310.421555033435	66.73022186378154	220.10816942581988	323.58439085861875	300.5422828515577	357.5805302469909	306.2099557096263	99.1287008401046	193.03713007125808
SRR5928214	128.8717605804106	25.078587175944968	27.145788046408015	70.457219839632	44.601877361638735	77.25735306504448	82.02691804466757	209.90199516422044	84.30684973491947	18.852896911760407	171.51124634832138	95.28528385097079	102.84398406754201	21.318527128982428	74.09020116733183	26.709282550310494	14.75153851423524	179.58694921738783	100.3842610833375	27.555257419591314	73.07534680681826	244.69748172204697	92.58989653051982	152.03241039063133	120.71430487787134	336.9986395356058	0.0	80.00039846596692	61.360584836898184	113.92476079181026	105.29175738247459	54.64646041198402	51.21692985849594	56.054046314832874	64.56874051833758	76.79583191978685	82.48656516538328	93.5047857911975	84.54698068193491	111.02368093292897	112.42664886095747	171.63486726915102	277.39834740586076	34.81437455122248	62.25769742672246	48.7779197379725	359.22858530267393	25.103798609096533	134.3597275778985	69.5544668561184	47.56338392858177	47.0157802204655	287.2857209178599	132.08867849975655	20.98005140368165	75.82938895693472	101.2908097371227	635.7637552194469	245.93108222442942	373.67455181243065
SRR5928436	63.60036245752505	82.35693419541447	52.85591456929413	89.7698786111407	83.38837139371934	6.433366199873168	87.08142386559466	135.10939610472778	98.23215829827103	69.90279788178961	92.83292975551691	64.27237039201736	30.18940957586724	95.21633399218943	57.74003926550203	73.66616220978761	84.54852034944307	103.13213363469904	43.27113145030514	89.53922227782402	91.39924499546647	165.5767612023105	37.400509254785945	81.3760519244279	45.74132697571205	257.0710103409336	80.00039846596692	0.0	58.026266856257585	76.8232975765408	25.5164580283487	75.78584239568895	73.74380787170823	26.760011360341174	32.88495440198048	78.6470396137064	75.96892360750135	40.77655791372293	39.6094389892497	80.16095814572579	46.18809651589287	95.2314145600365	198.35104818123762	60.54177491358967	63.25054653132403	35.25289845837035	281.4710975204371	65.11599859696034	80.02597977405323	47.67279229315343	39.012032066488686	64.77665501318262	209.01387159809428	63.42900378221191	67.72878000672517	74.8055329466986	134.1690501564498	557.145945321819	167.61370048722998	309.4545636415044
SRR5928392	77.27145646227034	47.93242529513937	46.7727550454158	32.9492596357656	40.33247841943897	52.096030638983	31.335010275753056	159.82900263458592	43.02162401513693	43.44828402286494	142.13828587197187	35.21913683371317	88.19932877743607	82.39284497624338	13.151670859772231	75.65017197674607	74.09956640467941	156.77500113909295	48.92855442484281	84.7515308853789	33.8007070240046	212.9262335242729	91.59680428690972	138.80222427309053	78.11833594543488	299.28658123719555	61.360584836898184	58.026266856257585	0.0	127.970844500114	78.82519359430506	20.749208007223437	20.336649827532167	52.390849543034356	25.396649323285715	22.85530936968922	24.25143216379092	94.48652353664232	33.14318911810088	129.0376632262486	103.55506266867071	148.99581376422506	245.9343865729877	70.58697610605242	13.79662062918649	52.66515511783601	330.78688784781883	66.76199170989644	76.03647494988107	84.97895697825788	27.900781183719886	83.34706176479921	257.9365719309151	81.42693079800972	41.668025895610135	107.64093644926697	153.3394617887779	603.7157754789124	217.22544685598686	366.65824562708553
SRR5928448	131.01383765783268	129.57742768638565	95.68414301341463	157.15134368629992	139.12000554937026	82.4235654182517	158.9353649571153	179.25119866162348	167.81098993136933	116.18726362716606	106.14454332938296	140.70903591440572	56.829720209168585	115.58035431061619	131.63184290402398	90.5275621892025	107.79182657664215	99.0045676300039	118.5978811542262	104.20676068709628	159.54045365594664	166.8858531528903	39.95691251400317	64.0892638716824	107.14634099412757	261.35388499623383	113.92476079181026	76.8232975765408	127.970844500114	0.0	76.21377543531102	140.41353967457016	137.43231949055615	76.76630623346543	105.11103762547145	150.53093257851873	149.71238787517547	36.309234879686905	116.10456407549523	8.263082868178529	45.55801837145573	92.98719827827675	195.27611449306238	79.8423057981804	131.9959479360896	79.34192512898218	267.7265710670103	89.3433382154303	152.2777467684261	49.73020112522034	101.22342139364042	69.10732192966604	201.09069148997014	128.7443143240175	115.03167512135241	46.6066534663244	97.5175061015346	542.9780375950115	162.6518306673239	262.4196299358702
SRR5928396	55.996480085984984	107.63590371197756	78.17111521949569	110.44149870074966	107.35978455709359	29.75739314283156	105.11008807476448	115.02364048649314	117.15172536898505	95.19439425893776	68.36499429598273	75.5240881775304	19.53959298831726	119.816964035857	75.37241462934992	96.95502866407287	109.05592522628697	79.10710108492188	47.22907258172547	113.32328857808115	111.68649489450192	140.07221137628989	39.215498058066615	61.06829516583653	31.283167997706414	231.7111607337194	105.29175738247459	25.5164580283487	78.82519359430506	76.21377543531102	0.0	98.01558355502073	96.5350384580957	50.49980810559681	54.23275584388765	97.00569945950764	92.66499531458274	42.55061497548638	52.23670289520817	81.76741054051733	34.65208554271704	70.87377463078126	172.88525961182964	83.1968811006419	84.11469930138891	58.873815379426496	256.41113347357896	88.93956439333327	76.70171730364322	61.76341774856785	63.79279526705561	84.9071690991273	183.636781397431	52.658790020003806	92.95137286335387	87.99673486967664	150.00513721254026	531.7235080245541	142.26743756056433	288.3177031529799
SRR5928415	97.2008328458093	37.83665147192908	49.76999928521475	22.382270615153395	31.014281273926272	70.2340975580595	28.76358379136741	179.37251127810316	36.43555613067437	37.235623541730206	162.5432350990063	51.60052415085631	105.81585796284232	75.230727604689	31.262734360400906	74.7192147716919	68.54347337800085	176.58665072209288	68.96787956513428	80.82852089658826	22.693429822983358	233.05234746759606	106.36246184725896	156.99892071264702	98.36841266418836	319.55961179463264	54.64646041198402	75.78584239568895	20.749208007223437	140.41353967457016	98.01558355502073	0.0	7.3749627836522125	64.37760860624006	43.79043018228935	23.83873675822978	30.58430495395882	108.96424039992571	53.16796561974473	140.52757761931423	120.14600839905293	168.3034819087371	266.22749056238916	73.34398459877183	23.81009557605526	62.046233965812	351.2645106767854	67.19153858165754	93.00834997576023	94.54629157810786	39.81999389440102	87.1754142654063	278.022549848011	101.26620509223633	36.291073201702005	113.99985342124907	153.5907339741321	624.0816440689811	237.29894235078555	384.64836462098884
SRR5928183	96.70309727995632	32.84475391226388	46.22496466899688	22.099650559053178	24.460133656432365	68.09654292930519	30.835145859658446	179.51524586259848	36.20607691497564	34.54305658812592	160.80957088737986	51.800262463975756	103.65407365485639	71.58077168949573	31.52021157031451	71.48330186145877	65.45028609899494	174.79013065903143	69.21111088429878	76.50375996770424	24.012817898804194	232.62717875148826	103.94476974057886	155.11813767670003	98.19805750644105	319.4252444684437	51.21692985849594	73.74380787170823	20.336649827532167	137.43231949055615	96.5350384580957	7.3749627836522125	0.0	62.30652403358699	42.570951353473944	25.954218607341218	32.72675098922399	106.42025094648604	53.442970044470336	137.36582901064386	118.33590517640484	167.22487602823503	265.6036270102219	70.33296704010968	19.827927755070405	60.04005733079498	350.0757929569441	64.03624062313116	94.58494939167	92.43670037887594	37.05878228594643	84.12993918743389	277.4821545326811	101.53514522487244	33.811157117939544	111.21134162501343	149.22480978731107	623.6208864493861	236.59251436210988	383.0794963436019
SRR5928368	86.38610683396938	63.635367490884086	29.699256546971245	82.38522629449496	70.26336189742246	26.582475617421753	83.72340539157582	160.84564639436738	93.87020712538848	47.94213440280855	117.72221216587779	72.7166578679664	48.806485316010026	70.69286437552681	58.056132163816216	48.351917811647795	59.15883796728593	125.54379498113752	60.01216435593649	66.08197463012874	84.14569722447848	188.91727367832624	43.000205940493174	99.06881844758504	70.06287028302752	281.6273151708543	56.054046314832874	26.760011360341174	52.390849543034356	76.76630623346543	50.49980810559681	64.37760860624006	62.30652403358699	0.0	32.071267765420295	75.2081250274597	75.19664637845301	45.36554557074748	49.16950984101625	77.69803471618451	59.438806524209326	116.3088211347722	221.8583257641315	35.350735567989126	58.771613313730185	8.514900128226033	304.64534983996333	39.57647758305865	97.68082793810099	33.12034433156846	25.967398407332226	41.891037265911805	231.63518277508228	86.37543853442875	45.86995821549485	58.650933109429474	116.00570969205532	580.3522728989735	190.3500728924535	324.4830357634272
SRR5928476	65.59790569601658	59.56249432515446	41.00354220359349	57.95807852260953	57.23151034360118	27.19846461623207	55.17860247917333	146.44605508713502	67.14546467885023	49.011344771074576	119.79054315492453	41.017013782563495	63.00815417798341	84.16665169107509	26.86753340502424	69.56094853941016	73.91776351863118	132.95928523321317	35.884944829715685	82.97231495839367	59.123850574172195	191.07343497802682	67.30523574500926	113.61546748426767	58.757010142436535	279.7278125592855	64.56874051833758	32.88495440198048	25.396649323285715	105.11103762547145	54.23275584388765	43.79043018228935	42.570951353473944	32.071267765420295	0.0	46.540388300833094	44.81403941120189	70.41008095928682	20.764344775620366	107.00273436617697	78.24015115757004	124.71439106116173	224.20588087942667	60.239924600605754	33.15076638741713	35.63536508705952	308.77047605019555	59.93915948689494	71.53122647505006	64.96580754045956	17.376280922860914	70.53365323464543	235.64766554433407	67.7819900971196	46.664099918934234	90.47940190270155	143.3937629242953	582.7843005078535	194.61920546686153	341.4344493638173
SRR5928473	82.88782096638636	58.249244236116525	67.45410335548765	19.33189370703136	45.04526081290282	72.51385769122487	8.772619915622807	163.51539334337903	24.171840002499817	59.33425019425112	156.3665566042979	33.540903123820385	108.4570483942961	97.38845010390233	21.64140388417463	95.10971558862725	90.732552328726	172.90918702102593	58.848667639637156	101.60677887348075	17.79287485840595	225.3883749052239	113.64380037002002	157.89202070280453	90.34107600602337	308.3258968643154	76.79583191978685	78.6470396137064	22.85530936968922	150.53093257851873	97.00569945950764	23.83873675822978	25.954218607341218	75.2081250274597	46.540388300833094	0.0	8.46341068113821	116.62856030971732	46.45568717539825	151.70505779289303	124.38512352359656	165.64173919199956	258.0514572129667	91.74939285703276	22.719947086142046	75.38309984463343	343.1330740419571	86.839758965313	75.20264366252417	107.78400086967747	50.59979043255956	104.98298027947385	270.77094978069505	88.22730477668904	58.1324794766622	130.10889688448128	172.89982270598605	613.9353993643723	230.73008400385854	385.1549104980648
SRR5928439	75.45219072437555	65.02055750401429	70.76546203654549	27.4165403057752	52.073600349729766	69.85910389320713	13.72811178729647	155.43716266441575	29.690021434769452	64.65563361225327	150.4497923720135	26.09211298241107	105.27382043656566	103.32795987877194	18.295632831650053	99.22568407929028	96.06938603319195	167.49551210258028	52.214569636204416	106.8583527846715	25.8504347401711	218.52272658124684	111.92894381534634	153.72110285333486	83.85227374432031	300.7102934383439	82.48656516538328	75.96892360750135	24.25143216379092	149.71238787517547	92.66499531458274	30.58430495395882	32.72675098922399	75.19664637845301	44.81403941120189	8.46341068113821	0.0	115.0586176404484	41.187732647295704	151.3408223259958	121.37601106514099	160.22471162014162	251.10793369706647	94.75759234596173	25.60797631569936	76.2408769273502	336.3168544134197	90.58159294725728	66.79368274473275	108.1085473807305	51.75076977616364	107.59347805674669	263.9605837995971	80.62832985543035	63.21423750246265	131.6506663857742	176.89012838511582	606.4771174788295	224.1546032051451	380.31357347377804
SRR5928428	97.05605009002059	104.80177327780028	70.08323161257883	125.1900063537943	111.51035213777155	46.62920060644221	125.14461677646602	153.90248706168967	135.17546482686944	90.72513581421921	90.98868963910866	104.98584998680452	24.58045125567691	101.38750624328303	96.83937228979518	75.48603274485025	91.51466613100763	91.69879334107769	82.41721583590478	92.00082328682956	127.23709543260632	159.59587294819227	3.7832928520563414	59.82482289579987	73.57602464032068	254.42133611305118	93.5047857911975	40.77655791372293	94.48652353664232	36.309234879686905	42.55061497548638	108.96424039992571	106.42025094648604	45.36554557074748	70.41008095928682	116.62856030971732	115.0586176404484	0.0	79.98012448190693	40.493885926490755	22.479710104428644	83.62013794669556	190.8819757509412	61.9529488825854	99.28161526895795	50.39364953004689	269.77656708360024	70.67173971861583	116.82418903371052	30.842347342843006	69.38888190341271	56.85150894287537	199.07127190191383	94.93513169839761	89.0689335670969	49.43084157608478	111.93275493233057	546.3466820156737	158.345416160632	281.16428066859504
SRR5928386	48.12685486920884	76.965171874735	61.739583100315336	62.71374615584264	70.93555705381884	34.38996873820234	54.328883311625916	128.90600859844943	68.35343364298076	67.9503165276063	112.02397401596924	27.912713992698574	66.53712773075539	104.58255304293102	25.52631133931566	90.15794652133424	94.37371429678717	127.65986678572828	16.757872603243392	103.68113617228343	62.869518136582776	180.5072447842405	76.4802269678177	113.1957742353213	45.36439163211084	266.39800767590197	84.54698068193491	39.6094389892497	33.14318911810088	116.10456407549523	52.23670289520817	53.16796561974473	53.442970044470336	49.16950984101625	20.764344775620366	46.45568717539825	41.187732647295704	79.98012448190693	0.0	119.2047996712385	82.35654913457289	119.40085171807503	213.5818942603701	80.36201158835438	40.59587487526517	54.15245811660522	299.0386539939511	80.51535445122465	50.8460720586824	80.16914581662336	37.998176642156885	89.90825584672132	225.70899126927026	49.705459532465184	65.5986251811593	107.44316450083744	163.01153616941073	571.0155966445909	185.32948207358692	339.2597340141517
SRR5928451	136.18705867950555	127.57205091128817	94.35732131981412	157.37492104880067	137.92660136572894	85.4635732975881	160.02081177680998	186.54867623088032	168.35022753821067	114.58420494342542	113.80125586970362	143.49263356938525	62.458843756928914	111.27864244282436	133.43214973814526	86.87024848227826	104.09432613016449	106.91162719778447	122.67037277203559	99.6193069909919	159.8906177339742	175.02788368648407	44.208483655834414	72.23953015555345	112.91495361691116	269.3803069910058	111.02368093292897	80.16095814572579	129.0376632262486	8.263082868178529	81.76741054051733	140.52757761931423	137.36582901064386	77.69803471618451	107.00273436617697	151.70505779289303	151.3408223259958	40.493885926490755	119.2047996712385	0.0	52.4686843719774	101.21313493405682	203.23525675936526	77.09401433627785	132.7474387571015	79.49999280139059	275.03377060698153	86.50036116284846	157.1822019888256	49.336537913865904	101.7961115940125	65.54091747836242	208.9634609469327	134.37784583732275	113.59527520429826	41.62132891002469	89.42260153932283	550.1473688069062	170.67539999324478	267.4985219341008
SRR5928268	89.93285206564958	121.70999532035091	87.42333198593543	135.6176693221376	126.35993343520865	52.55684167229328	132.91197201645005	136.85934538719295	144.41139504231757	107.14732839032757	72.04962411702756	107.65963684833348	18.588803216663553	122.12932039463678	103.35477060702011	96.15312816350006	111.60121112115077	71.86285226590718	80.52173355259536	113.47455250153625	137.18228368084098	137.7185186124025	21.426832305445245	40.47468475757077	63.52704974437398	232.74311914247048	112.42664886095747	46.18809651589287	103.55506266867071	45.55801837145573	34.65208554271704	120.14600839905293	118.33590517640484	59.438806524209326	78.24015115757004	124.38512352359656	121.37601106514099	22.479710104428644	82.35654913457289	52.4686843719774	0.0	61.79329572794613	169.4069705557767	82.17178994863399	109.26459011532648	65.85802669734225	249.56782104775812	90.5426346603731	110.43695203052978	50.024119884695	81.82010448491785	78.11459461048989	177.57101031045394	85.50253786748989	105.18318113140288	69.57479048623351	132.83819994177625	525.5113797203483	136.79188046686946	265.38448237806534
SRR5928445	100.98109948822446	177.27535942551498	145.28405769131652	180.40822320953492	177.92010643259286	100.28554580038796	173.37797997038894	102.91499934430793	185.9490113176684	163.74808164614518	32.98439386285207	139.78002159988597	69.33879021574431	182.99196249229487	144.19382313330377	157.4847533146292	172.34328207655514	21.435508805761415	109.22750499310803	174.46860628957788	181.36745448221518	76.14543339769286	82.84507792716728	29.70683286178647	78.80510762587154	171.41594779109923	171.63486726915102	95.2314145600365	148.99581376422506	92.98719827827675	70.87377463078126	168.3034819087371	167.22487602823503	116.3088211347722	124.71439106116173	165.64173919199956	160.22471162014162	83.62013794669556	119.40085171807503	101.21313493405682	61.79329572794613	0.0	107.68667514172833	143.37544697933077	154.4340961501665	123.7878169631496	189.45569963208436	151.2827510597676	122.11890568718961	111.5231075287596	134.03358663315754	139.9025590235402	116.0784349852787	93.41085313316901	161.542438858232	129.22560066538665	189.11070608305687	464.5807930759734	75.08448301203802	220.8648507935637
SRR5928421	178.90162641414372	280.1078818501306	250.51607030331914	274.6078321201348	277.4625413636184	202.34362335801882	264.46915781095964	120.78282457155326	276.8018567492952	267.9731378654186	109.04713540235092	227.15981795439873	175.26892003351443	289.7285895638638	238.08929231964234	264.7509768632276	279.21085272860853	101.23782886908069	199.34700708908116	281.1297507170196	275.09322792001166	34.177961884495716	190.22174838829642	132.96710296787813	168.26589390845166	66.9132133203966	277.39834740586076	198.35104818123762	245.9343865729877	195.27611449306238	172.88525961182964	266.22749056238916	265.6036270102219	221.8583257641315	224.20588087942667	258.0514572129667	251.10793369706647	190.8819757509412	213.5818942603701	203.23525675936526	169.4069705557767	107.68667514172833	0.0	250.64870322657853	250.4513015555151	229.72392773329034	87.98258003664697	258.24039454968624	195.09090136282578	219.20562007308223	236.2821131875235	247.45822233295067	17.384531516719516	171.71923321569872	265.6778466694169	235.7129988424389	291.623221115458	358.89158212789624	33.180791110746895	170.78831987002394
SRR5928169	120.24825681821888	54.456879358222686	24.72514667829833	91.92272409611613	69.5424408198993	60.489724166988864	99.08075704897075	195.60271675654653	105.3413682747013	39.94327710279259	147.1534270680622	99.48101622417497	76.04599330377896	40.6281584860344	80.74849663887133	14.288307798907034	29.78414150888881	151.9746336628059	93.44424590578723	34.480293218415234	94.3292490295336	218.35705533088012	61.61252698354705	121.62555729154361	105.26371942513344	312.4185818526979	34.81437455122248	60.54177491358967	70.58697610605242	79.8423057981804	83.1968811006419	73.34398459877183	70.33296704010968	35.350735567989126	60.239924600605754	91.74939285703276	94.75759234596173	61.9529488825854	80.36201158835438	77.09401433627785	82.17178994863399	143.37544697933077	250.64870322657853	0.0	74.35359728351288	28.211946902700827	331.1424621299479	9.727780548863638	130.76895643224825	35.728793012888296	45.30210409303522	14.030440864878873	259.4406505544504	121.31825855239528	39.55138452255659	42.59743783220059	86.15865263268975	607.609281361213	218.4043038802479	339.8235632043035
SRR5928419	79.33351680488204	44.872055657518	49.80759447518124	27.39387692606773	32.50534975528692	57.013551022108366	29.155309694714497	162.50382940490462	35.928869263867256	46.24370528394836	145.20567204846398	35.97792107194181	92.9409314335126	82.31604189849408	18.802493824449233	78.2486620019673	75.7876014208125	160.51829766458692	54.624047852848555	84.20693655482229	30.03965764893275	217.98562900282272	96.6153098831109	143.59868810580502	83.72344372610803	303.5430125409825	62.25769742672246	63.25054653132403	13.79662062918649	131.9959479360896	84.11469930138891	23.81009557605526	19.827927755070405	58.771613313730185	33.15076638741713	22.719947086142046	25.60797631569936	99.28161526895795	40.59587487526517	132.7474387571015	109.26459011532648	154.4340961501665	250.4513015555151	74.35359728351288	0.0	59.16892030874362	334.26948224416395	69.88825284877002	80.14278433858644	90.99251686412714	33.317633821040054	87.10052766760134	262.90549789879947	85.7316464437129	45.0768306414596	112.06290047571039	153.31994055689668	607.7904121393731	222.13524895380812	371.8006546206226
SRR5928265	93.76675493999157	58.49932088179142	23.58014838778323	81.0612139734508	67.20804680738924	34.76510814915738	83.72554688336317	168.9678679761098	93.36161877741685	41.643178343507365	125.98840914674363	76.5806761767665	56.439890404806825	63.19279143922127	60.0216413208327	40.81462876637466	51.29426129468035	133.31159521310047	66.31397770537423	59.24379931391839	82.82487290261072	196.74859523029264	48.408969398372435	105.92130284516503	77.99009552366505	289.68305207584854	48.7779197379725	35.25289845837035	52.66515511783601	79.34192512898218	58.873815379426496	62.046233965812	60.04005733079498	8.514900128226033	35.63536508705952	75.38309984463343	76.2408769273502	50.39364953004689	54.15245811660522	79.49999280139059	65.85802669734225	123.7878169631496	229.72392773329034	28.211946902700827	59.16892030874362	0.0	312.4279099316696	31.92664330268827	103.6835281864867	32.68852111032054	25.88421338234922	36.23048095343605	239.28336993953522	93.83293784047986	39.6678286073004	55.92678297956297	111.422257181698	588.0713836655852	198.0614098997246	330.1054327698133
SRR5928157	262.8723771504789	362.58860191411225	332.7539670607525	358.98104892293554	360.0008650035426	285.6339204599474	349.4124759806854	199.5931312315801	360.7549543454956	351.26684936264746	189.9703980390035	311.76661326700867	256.51897145753554	369.8492945628556	323.0869313301739	344.8948928495056	360.1285108617472	179.68231186449424	284.8701149934348	360.0059085766461	359.8211393165962	121.74958405532279	269.73134132678666	210.26489635122493	253.97204461181545	69.25198152205644	359.22858530267393	281.4710975204371	330.78688784781883	267.7265710670103	256.41113347357896	351.2645106767854	350.0757929569441	304.64534983996333	308.77047605019555	343.1330740419571	336.3168544134197	269.77656708360024	299.0386539939511	275.03377060698153	249.56782104775812	189.45569963208436	87.98258003664697	331.1424621299479	334.26948224416395	312.4279099316696	0.0	339.1491330059535	280.3815403874609	299.03271673136834	319.9266595422507	326.5148963613559	79.45082287831126	257.1305478746338	349.10906630207853	311.8011614474246	360.711174478004	278.34668806191803	116.90061281351441	139.62717472445172
SRR5928199	122.19831702627344	45.698541318159435	20.530683185667012	85.4026287469548	61.923852804568085	64.16482907115	93.72709375775126	199.53623761775003	99.05715598007043	31.963809216449505	153.9069377896315	97.55467567967061	83.25968947597458	32.47362792777708	77.84336055539849	9.65287338529296	21.080717215990862	159.70495044238493	94.6198247832663	28.432016964504104	87.88019397330024	225.80280436814968	70.13635332585491	130.13849837563052	109.12110308644516	319.43772779630126	25.103798609096533	65.11599859696034	66.76199170989644	89.3433382154303	88.93956439333327	67.19153858165754	64.03624062313116	39.57647758305865	59.93915948689494	86.839758965313	90.58159294725728	70.67173971861583	80.51535445122465	86.50036116284846	90.5426346603731	151.2827510597676	258.24039454968624	9.727780548863638	69.88825284877002	31.92664330268827	339.1491330059535	0.0	131.3255871898621	45.12927364183963	43.68869613047247	22.54301198579851	267.3464351199291	123.90025663334823	32.00711930280036	51.514949417939725	88.91783323522145	615.6892081301185	226.19099113634235	349.3657567964162
SRR5928175	30.206985999079635	123.30364883695158	112.4768149674699	93.6105644907621	112.57997981596678	76.67978402977596	78.7565141811778	91.04793099455212	91.6950490954889	116.99788636512548	108.04880557864415	45.102114899681695	96.02303528898321	154.77603977826237	63.467744525502155	140.96611317057295	144.91895930347374	128.63356272759444	37.91951083081324	154.08457277752748	92.38204936542562	163.86530734603213	113.19554660087837	127.83098903913822	48.206845332821885	238.70859779899203	134.3597275778985	80.02597977405323	76.03647494988107	152.2777467684261	76.70171730364322	93.00834997576023	94.58494939167	97.68082793810099	71.53122647505006	75.20264366252417	66.79368274473275	116.82418903371052	50.8460720586824	157.1822019888256	110.43695203052978	122.11890568718961	195.09090136282578	130.76895643224825	80.14278433858644	103.6835281864867	280.3815403874609	131.3255871898621	0.0	125.18390446691066	88.59200297933681	139.40234217631448	208.95398531317323	29.583527472527212	114.75213973016712	153.59482060207446	211.70386542925897	544.8841353949631	171.96351765726794	340.2104193490754
SRR5928365	110.91398546648288	85.72163548734251	50.330688482124266	113.56428440931771	96.91377637509387	51.41336117029614	116.21386199181883	176.51607219507835	125.7568249843006	69.31970994864518	120.10846492028065	105.1545491170104	49.73014557621998	75.90005124028895	91.14117350224147	48.91661341509592	65.19471207539094	121.58873648819088	88.24775004883593	68.01942965418496	115.4557183892491	187.23002226234019	30.933379754477556	88.91783901841372	89.04567691654476	282.2761559643507	69.5544668561184	47.67279229315343	84.97895697825788	49.73020112522034	61.76341774856785	94.54629157810786	92.43670037887594	33.12034433156846	64.96580754045956	107.78400086967747	108.1085473807305	30.842347342843006	80.16914581662336	49.336537913865904	50.024119884695	111.5231075287596	219.20562007308223	35.728793012888296	90.99251686412714	32.68852111032054	299.03271673136834	45.12927364183963	125.18390446691066	0.0	57.89441163716705	29.744747046716473	226.97558773770535	109.04510710768001	67.91613179695186	29.031522428527662	95.20693420001636	574.628457777927	186.46100696422377	305.1217435786101
SRR5928463	81.76285319822527	45.007953002442854	23.947368137899563	56.53826330429102	46.95322073856176	34.33699992999827	58.80562310713674	162.59014761005463	68.0454991728224	33.36450012528617	130.59345029951425	54.22511420105222	67.89083805794962	66.85425929504174	35.95999800108342	53.19041100124322	56.8403156041698	142.00814947683156	53.10171872893176	65.73409122440306	58.51442585054587	203.28700933501318	66.88806093505934	119.55985989461101	74.03309533331372	293.4094340956376	47.56338392858177	39.012032066488686	27.900781183719886	101.22342139364042	63.79279526705561	39.81999389440102	37.05878228594643	25.967398407332226	17.376280922860914	50.59979043255956	51.75076977616364	69.38888190341271	37.998176642156885	101.7961115940125	81.82010448491785	134.03358663315754	236.2821131875235	45.30210409303522	33.317633821040054	25.88421338234922	319.9266595422507	43.68869613047247	88.59200297933681	57.89441163716705	0.0	56.929064756738164	247.2575654382772	84.52535550660157	31.16849420962944	80.10645654764508	128.59109029386258	595.1315116732831	205.9618812709418	347.0425724404581
SRR5928465	126.96389494093592	67.64298735047454	38.12135845435844	105.65110071338397	82.7423988266435	65.99614888453891	112.4815663225207	199.24009074478744	118.87961763970779	53.89735888442739	145.6713048155487	110.52979007627843	74.7301340089353	47.97856831599841	92.8097379787344	21.764980719982525	39.00306990990716	148.3726340360013	101.67328383829432	39.33228882280155	108.11533324583867	215.68739404008969	57.30591166759005	116.37809277338137	109.85256544365927	310.421555033435	47.0157802204655	64.77665501318262	83.34706176479921	69.10732192966604	84.9071690991273	87.1754142654063	84.12993918743389	41.891037265911805	70.53365323464543	104.98298027947385	107.59347805674669	56.85150894287537	89.90825584672132	65.54091747836242	78.11459461048989	139.9025590235402	247.45822233295067	14.030440864878873	87.10052766760134	36.23048095343605	326.5148963613559	22.54301198579851	139.40234217631448	29.744747046716473	56.929064756738164	0.0	255.5740286922551	127.4661865208737	53.559123189514715	29.01129257724377	75.97224460912257	602.9150412456898	214.8817917219034	330.33088171062843
SRR5928209	192.94431211896415	291.1897579219891	260.6138015910084	287.3195374223784	289.4518168192356	213.31794200534875	277.4249157039057	136.89951916729413	290.087795188854	278.353832363288	121.25722648438438	240.51163935689576	184.89922932534407	299.01761176591185	250.5498054077933	273.5389467716204	288.39670510978664	110.89847404655856	211.93922775654025	290.275782961623	287.7818466156085	45.50291042446241	198.59709952351432	140.3242638641001	180.5743863568356	66.73022186378154	287.2857209178599	209.01387159809428	257.9365719309151	201.09069148997014	183.636781397431	278.022549848011	277.4821545326811	231.63518277508228	235.64766554433407	270.77094978069505	263.9605837995971	199.07127190191383	225.70899126927026	208.9634609469327	177.57101031045394	116.0784349852787	17.384531516719516	259.4406505544504	262.90549789879947	239.28336993953522	79.45082287831126	267.3464351199291	208.95398531317323	226.97558773770535	247.2575654382772	255.5740286922551	0.0	185.22721154286342	276.0560411277281	242.292505255208	297.63930912055724	348.90478636790067	41.479585022168365	155.8836664056222
SRR5928212	14.545729517207084	125.16228790532791	107.00364081105819	105.85963296493765	117.21630813259202	61.93365266306118	93.79996654219335	79.25640007044628	106.65098128110706	116.72256059510153	79.13349284981187	56.44769040486922	71.96915130644739	150.89843179083047	70.67112721390656	133.26842153866343	140.54842460859754	99.35322293584316	32.96930524327823	147.70453261860823	105.69019527705295	139.8141363173239	91.47926368777682	99.02813182691573	22.243465611893193	220.10816942581988	132.08867849975655	63.42900378221191	81.42693079800972	128.7443143240175	52.658790020003806	101.26620509223633	101.53514522487244	86.37543853442875	67.7819900971196	88.22730477668904	80.62832985543035	94.93513169839761	49.705459532465184	134.37784583732275	85.50253786748989	93.41085313316901	171.71923321569872	121.31825855239528	85.7316464437129	93.83293784047986	257.1305478746338	123.90025663334823	29.583527472527212	109.04510710768001	84.52535550660157	127.4661865208737	185.22721154286342	0.0	114.36974939448694	137.05745328531455	197.14426166987076	525.862402550963	146.67695774585016	312.3449586063198
SRR5928403	111.6188657869389	22.91423794064854	20.1925135201306	55.12334081177557	36.612556553149794	64.10751363279597	64.20698057019885	193.09700889787297	69.42025655917134	2.694569716848103	160.41040147751286	76.28051430701913	93.97882223489181	42.22843637256828	54.526686135121466	38.74409199540757	33.21810176935842	170.25236214563935	81.95730484027513	46.809625496144555	57.12227944155083	232.53139049188826	87.35533679151307	144.79125760513068	104.45445961476725	323.58439085861875	20.98005140368165	67.72878000672517	41.668025895610135	115.03167512135241	92.95137286335387	36.291073201702005	33.811157117939544	45.86995821549485	46.664099918934234	58.1324794766622	63.21423750246265	89.0689335670969	65.5986251811593	113.59527520429826	105.18318113140288	161.542438858232	265.6778466694169	39.55138452255659	45.0768306414596	39.6678286073004	349.10906630207853	32.00711930280036	114.75213973016712	67.91613179695186	31.16849420962944	53.559123189514715	276.0560411277281	114.36974939448694	0.0	81.84487072108628	118.37397878260204	624.5378620232545	234.769253356408	369.66406573159423
SRR5928213	138.16586550257378	96.49111309392663	65.33914304218311	132.7234115451357	110.816059791368	78.25836876175487	138.0697067798506	202.28487153209593	145.5496143556971	82.41528168477285	139.75595988844114	130.88616535771123	72.92190847216624	73.85525142643456	115.46088985164607	49.67921978730116	66.42046002764175	137.8337384238357	116.25884597518399	63.85998372970996	135.0800060079582	205.17098724507875	51.48326764665397	103.11933119890898	116.87315339497002	300.5422828515577	75.82938895693472	74.8055329466986	107.64093644926697	46.6066534663244	87.99673486967664	113.99985342124907	111.21134162501343	58.650933109429474	90.47940190270155	130.10889688448128	131.6506663857742	49.43084157608478	107.44316450083744	41.62132891002469	69.57479048623351	129.22560066538665	235.7129988424389	42.59743783220059	112.06290047571039	55.92678297956297	311.8011614474246	51.514949417939725	153.59482060207446	29.031522428527662	80.10645654764508	29.01129257724377	242.292505255208	137.05745328531455	81.84487072108628	0.0	68.68986371002747	587.0784392679242	202.73956678804487	306.3581770927213
SRR5928166	195.07469332467758	121.95497035834008	107.12889083263147	168.3519174811341	138.23597290234258	136.01810418135332	179.08649541518622	262.37753548053996	180.81396309051655	117.34666225290778	196.57607033544045	180.745531619041	134.5362483682001	84.91507628965792	163.4992553213819	80.74877487552779	88.45419955936786	193.37822885278956	173.87419039867677	74.78886898673743	171.74981444159783	263.6468116172706	114.54188697949384	160.34960964632077	178.74810977402618	357.5805302469909	101.2908097371227	134.1690501564498	153.3394617887779	97.5175061015346	150.00513721254026	153.5907339741321	149.22480978731107	116.00570969205532	143.3937629242953	172.89982270598605	176.89012838511582	111.93275493233057	163.01153616941073	89.42260153932283	132.83819994177625	189.11070608305687	291.623221115458	86.15865263268975	153.31994055689668	111.422257181698	360.711174478004	88.91783323522145	211.70386542925897	95.20693420001636	128.59109029386258	75.97224460912257	297.63930912055724	197.14426166987076	118.37397878260204	68.68986371002747	0.0	635.2528026142736	259.40730792946687	341.3402903235583
SRR5928247	532.317984352113	638.7359395457601	609.0602091804778	630.93972512969	635.3649146443558	561.1507565965342	619.5969948811113	457.42752269923835	631.4491286036547	626.8246882240483	466.2482877303121	581.7627899379564	533.0592575559331	646.9732727205561	594.9871199382317	621.54807042363	636.7544324428455	456.9606015983134	555.9411112719933	637.4965716749406	631.2218372421946	392.2626477136224	546.2232832678179	486.63586457531153	525.7169758727241	306.2099557096263	635.7637552194469	557.145945321819	603.7157754789124	542.9780375950115	531.7235080245541	624.0816440689811	623.6208864493861	580.3522728989735	582.7843005078535	613.9353993643723	606.4771174788295	546.3466820156737	571.0155966445909	550.1473688069062	525.5113797203483	464.5807930759734	358.89158212789624	607.609281361213	607.7904121393731	588.0713836655852	278.34668806191803	615.6892081301185	544.8841353949631	574.628457777927	595.1315116732831	602.9150412456898	348.90478636790067	525.862402550963	624.5378620232545	587.0784392679242	635.2528026142736	0.0	390.0234114839976	325.37641229991533
SRR5928438	154.32728466490983	249.77537645655786	219.22718643193068	246.93459419581552	248.2374295202706	171.94819206620167	237.58835328022747	108.957232833637	250.16338797747878	237.04684701417494	80.57083760687964	201.0035840857191	143.53957202881205	257.8046821352342	210.20152638037433	232.5092100106082	247.22099771162266	70.20057332690111	171.9905160877455	249.15538671981608	247.5314054233098	13.957677032747261	157.74554415544176	100.29404903431285	140.4490014140367	99.1287008401046	245.93108222442942	167.61370048722998	217.22544685598686	162.6518306673239	142.26743756056433	237.29894235078555	236.59251436210988	190.3500728924535	194.61920546686153	230.73008400385854	224.1546032051451	158.345416160632	185.32948207358692	170.67539999324478	136.79188046686946	75.08448301203802	33.180791110746895	218.4043038802479	222.13524895380812	198.0614098997246	116.90061281351441	226.19099113634235	171.96351765726794	186.46100696422377	205.9618812709418	214.8817917219034	41.479585022168365	146.67695774585016	234.769253356408	202.73956678804487	259.40730792946687	390.0234114839976	0.0	176.53179308491212
SRR5928190	319.51646232133106	385.7912969397717	351.1919841463685	398.57163432053073	390.4027701516951	315.34194549003547	393.17894345795287	285.0802953247161	405.1521763727689	371.47481224759605	237.62743836013144	360.39461581090853	279.6735976844415	377.73180339606796	363.54272664182344	351.8515140323169	369.0137477433019	216.32311176730454	330.0192201656119	366.5810310157304	399.9314066713182	188.5542440702787	282.65661165490417	228.26923055520123	299.59798761936287	193.03713007125808	373.67455181243065	309.4545636415044	366.65824562708553	262.4196299358702	288.3177031529799	384.64836462098884	383.0794963436019	324.4830357634272	341.4344493638173	385.1549104980648	380.31357347377804	281.16428066859504	339.2597340141517	267.4985219341008	265.38448237806534	220.8648507935637	170.78831987002394	339.8235632043035	371.8006546206226	330.1054327698133	139.62717472445172	349.3657567964162	340.2104193490754	305.1217435786101	347.0425724404581	330.33088171062843	155.8836664056222	312.3449586063198	369.66406573159423	306.3581770927213	341.3402903235583	325.37641229991533	176.53179308491212	0.0
