	10249.C017.08SS	10249.C052.09SS	10249.C056.04SS	10249.C055.02SS	10249.C053.06SS	10249.C047.08SS	10249.C021.05SS	10249.C038.02SS	10249.C057.10SS	10249.C036.08SS	10249.C049.04SS	10249.C042.04SS	10249.C004.12SS	10249.C044.10SS	10249.C045.04SS	10249.C022.03SS	10249.C008.05SS	10249.C030.02SS	10249.C018.10SS	10249.C011.19SS	10249.C002.19SS	10249.C016.10SS	10249.C035.14SS	10249.C037.09SS	10249.C031.19SS	10249.C046.06SS	10249.C043.08SS	10249.C012.16SS	10249.C027.05SS	10249.C010.14SS	10249.C014.08SS	10249.C041.06SS	10249.C025.19SS	10249.C001.07SS	10249.C009.04SS	10249.C007.03SS	10249.C024.16SS	10249.C033.06SS	10249.C032.05SS	10249.C034.07SS	10249.C005.02SS	10249.C020.26SS
10249.C017.08SS	0.0	164.62287218918573	59.246236557849585	87.74859308187234	104.93020186987756	122.78446017697503	99.55493722914429	53.258409700100934	98.37615827146288	50.320324708887064	137.76426662014924	86.79573392734638	37.43793860485418	51.974493141595225	48.310671675439394	121.53457675153479	93.59158870056828	49.410306357449166	75.5839787834479	51.03890762560347	43.59969304787747	88.9335752584383	50.45990507150821	50.34973609219731	62.58521554508863	53.61976130741392	80.53567689250302	68.88922292525001	65.36890067794036	61.849865236796894	51.081056783688176	96.17659075964356	75.17496060464421	52.388463171392914	78.66925402012056	92.27979676095363	64.43886953335034	89.61940424628843	93.63429561976999	45.696512033524535	86.78549852375448	68.56454886399726
10249.C052.09SS	164.62287218918573	0.0	105.40963771484742	78.12198432903939	65.87347086467877	42.325598496493875	69.50060554637068	120.33389360662622	66.63293302437592	121.25126512339384	30.65161116713134	82.43207716990791	134.36026293858458	119.68770441186547	117.72132705110029	47.59654386527257	73.23028229882505	116.87870817578455	92.76952149708804	114.6737461478379	123.00131400484997	81.54348333693578	121.04469268736301	114.39619137418764	105.16348643945582	115.54219573852275	92.76880866503527	95.97094977708458	99.43104252114351	107.98726417816938	115.44265372818454	76.66671460848787	94.8079078260861	113.32706357116712	86.56496291424843	73.04226991677383	109.04306163836104	82.3869549392666	73.04000662639835	119.0717744707231	82.08899590004344	100.7337701827918
10249.C056.04SS	59.246236557849585	105.40963771484742	0.0	29.222823364686125	48.04540319033252	63.55889729283903	43.49397375499799	29.37981146888104	39.19739826243501	24.707185987524337	79.27754751481348	32.88887286151027	33.13655568067118	26.681505104370203	16.264620692813512	63.88942770142944	36.539933227185834	16.351264679357364	23.720886686430557	11.465257869680041	19.621469010817012	35.72467823219407	26.894926200286342	9.074118191087393	17.015400514472493	18.74028269522273	32.982887173601256	9.922973171589092	7.636698498417395	21.45711472212692	15.992576206317558	43.225446142486156	23.386706074320063	12.585003470902018	20.80626510523694	33.71309104455064	27.81203003826666	37.60921413546646	36.39681952090763	13.717707845692285	32.48227493613174	21.796518672881948
10249.C055.02SS	87.74859308187234	78.12198432903939	29.222823364686125	0.0	21.5919928428363	35.86546840006363	29.01659652821571	53.14511146977709	11.97791299591206	44.48077694517404	54.595985291347176	28.315957112693212	57.061248003293066	51.233545488793574	43.83420550188068	42.34968551043777	23.019378742120647	43.61507558713335	29.613050735224327	36.90785181537292	45.044925184408896	30.621920381458533	51.64695655674892	37.59518567016948	36.000043609906385	38.21410833985283	37.76748974323524	19.321797581524457	24.904090478377874	40.59179576439123	42.509701031907554	35.018272666510434	19.2027829215614	39.41224940610837	17.45850718306218	13.811020467317746	45.34765242120702	33.64769658418185	21.866012351458902	42.171451965205705	27.11492289711221	35.38224865265032
10249.C053.06SS	104.93020186987756	65.87347086467877	48.04540319033252	21.5919928428363	0.0	26.30001983521482	41.170965217065635	72.77938360064459	18.41068835731521	57.23087297076465	49.56275020692316	45.42412552307078	70.88013269951934	70.84167689591098	63.745261788015156	43.23474080723232	36.87671498330184	63.47838870624923	49.14246134698513	54.53331160680608	62.04440613880045	47.16961066607774	71.93240344008724	55.98170063335188	56.38704307447101	52.25945571141164	55.879460066301455	38.47481238923076	45.04936803087916	60.97931428607774	62.601122929948346	49.274889810507666	30.99867518478663	59.47118100182792	37.61436566958082	29.459879400540544	65.26652277046168	49.824959524217654	36.24135442680271	60.19133796554626	44.55585354046127	55.46149878086797
10249.C047.08SS	122.78446017697503	42.325598496493875	63.55889729283903	35.86546840006363	26.30001983521482	0.0	34.542080513416806	81.68580392074314	24.49126967144254	79.10746656786908	23.581076746296606	45.47025047921177	92.13015663342644	80.56079414614936	76.79638231177339	22.808146209371344	35.37605050498191	76.12074849561617	54.16135425621691	72.46741615071933	80.74841745244854	45.60158124150584	81.71907161722743	72.45672635788874	65.43838420608631	73.28112586224023	56.90583925486363	53.926157154364404	57.991746470881225	68.95652055556151	74.79018313460884	43.45797706560775	52.81172798884811	72.33686463882081	45.855369941918006	32.52533250699666	71.29947341965782	47.418582459605325	34.878415567361564	77.10885172138303	44.82167226391007	62.00510336658458
10249.C021.05SS	99.55493722914429	69.50060554637068	43.49397375499799	29.01659652821571	41.170965217065635	34.542080513416806	0.0	51.9140768285626	23.176293247675797	66.30503082147925	39.736429125287636	13.36638194800638	76.51678234817821	51.5327262661559	51.254231282876425	22.904340189932046	7.888965451766297	50.20863773500834	24.376364993604422	54.151900162543335	62.3804959897192	12.198274883569686	52.40050736278117	51.89551831859394	37.326869946489104	59.808068928911126	23.94280344336677	36.738079842140635	36.052748759734115	39.336291356293174	48.54996614877655	9.212795067313731	46.60426418865172	47.21489240389073	22.87709857846285	15.325887839098302	40.00364400135163	13.55967604143628	7.8186669947316325	56.40742564891782	13.025859408157258	32.11319785043371
10249.C038.02SS	53.258409700100934	120.33389360662622	29.37981146888104	53.14511146977709	72.77938360064459	81.68580392074314	51.9140768285626	0.0	59.58970530874247	46.53974694232569	91.13559774235895	38.57130126954594	47.05654243211096	2.989590662239082	16.800771016281026	73.87707371986623	47.39440268793467	15.232387470971696	28.222221082600885	33.71116168464103	36.26423021585458	39.96451181040723	6.388017003012639	28.013930097665217	17.628931855017605	43.192679939867325	29.289974440873547	36.61053185159208	29.316841135684527	13.976798717130968	15.15013961345928	46.24314751098809	52.60830202058342	18.596935218452074	37.18954006647586	50.54643701804572	12.606854526691233	39.6055604332749	48.045620389910084	28.210816405205968	39.2079344536623	20.42774275778527
10249.C057.10SS	98.37615827146288	66.63293302437592	39.19739826243501	11.97791299591206	18.41068835731521	24.49126967144254	23.176293247675797	59.58970530874247	0.0	55.76789816940301	42.84555135615131	27.769485029215925	68.35671964405435	58.08912203277871	52.84641500706108	31.29004775910471	19.005015579553366	52.31796841369772	33.20226973578587	48.04562859286102	56.37449382570479	29.253332919579474	58.95579443822732	48.02754981891821	42.69130983518917	49.61864687040781	38.9352988232316	29.50112131609297	33.82772291379628	46.76071730424919	51.06169746319104	31.18725953861173	30.519371711836303	48.36944788834234	22.736626636125337	11.479292579571833	50.281818508480264	31.975874034242892	18.047176882891534	52.68919003872083	26.78171206235826	40.410464400012536
10249.C036.08SS	50.320324708887064	121.25126512339384	24.707185987524337	44.48077694517404	57.23087297076465	79.10746656786908	66.30503082147925	46.53974694232569	55.76789816940301	0.0	98.30132163819232	57.020839591006556	13.754428786520023	43.557402926410646	31.56952066678419	84.53367988574166	58.94413376238798	32.645069461066065	48.38415086138909	16.218616607018514	14.472225804275965	59.94404245742533	43.518345842678876	20.320613966502457	40.37440595746479	6.783023548944752	57.50570978865383	29.602463768222556	31.968339322251307	43.87263424854302	33.62055719495017	67.2902649495813	27.669810953915274	31.099101589211198	43.63335725526997	54.0572978332087	49.91673286990401	61.97691467738773	58.69310543242138	19.149472883514143	56.530207968429096	45.964735978168065
10249.C049.04SS	137.76426662014924	30.65161116713134	79.27754751481348	54.595985291347176	49.56275020692316	23.581076746296606	39.736429125287636	91.13559774235895	42.84555135615131	98.30132163819232	0.0	52.909108357419456	110.51187351543105	90.72932698672605	89.87431207535069	17.403576356354602	44.494606609830875	88.91325848500051	63.71819976682897	89.32613679700364	97.78397883468017	51.695287639684366	91.95404341023163	88.23999197092432	76.51773309054393	92.11656680482533	62.80866547035459	70.5048714956463	72.5872469747181	78.87499547577228	87.36442259333835	46.32292373669091	73.23800130639253	85.60726776145916	59.16739301926285	46.15946298118546	79.4232730156818	52.312094613448366	44.38372695531533	92.92964489504064	52.65429750994577	71.59418455511859
10249.C042.04SS	86.79573392734638	82.43207716990791	32.88887286151027	28.315957112693212	45.42412552307078	45.47025047921177	13.36638194800638	38.57130126954594	27.769485029215925	57.020839591006556	52.909108357419456	0.0	65.92590607273723	38.17124326757517	38.56545791752548	35.855446327236095	10.205368311871819	37.39060885308072	11.232463755765398	43.73932278671996	51.633438786630876	2.9916510357883563	39.09655162752099	40.65470720358938	24.27346778693394	50.69145230176708	11.817262943480264	28.291475936352793	25.42904392035447	26.052277203879818	35.72676466455081	10.339843864640482	41.924975839857915	34.75155126534602	14.539735417630892	17.253659766141755	26.79106625134943	5.648470740337973	10.807818069606608	44.913423544789545	1.9535477472471836	18.808641396126266
10249.C004.12SS	37.43793860485418	134.36026293858458	33.13655568067118	57.061248003293066	70.88013269951934	92.13015663342644	76.51678234817821	47.05654243211096	68.35671964405435	13.754428786520023	110.51187351543105	65.92590607273723	0.0	44.26186731716183	33.42456150766791	96.0291386226714	69.37459443250371	34.733949350841904	56.065886901282575	23.07983097152223	16.31219654060047	68.71394983609804	43.789843717774936	25.700442891247512	45.705180413696276	19.01204109704144	64.30296585164092	40.41749460487395	40.70838505496261	48.04803759280729	36.1934944440174	76.25674205271007	41.01487695114172	34.78783749065355	53.683393438200355	65.41903618513878	53.4581867459708	70.4009098363438	69.21238638128224	22.109928538844883	65.57173059625592	51.928225313664704
10249.C044.10SS	51.974493141595225	119.68770441186547	26.681505104370203	51.233545488793574	70.84167689591098	80.56079414614936	51.5327262661559	2.989590662239082	58.08912203277871	43.557402926410646	90.72932698672605	38.17124326757517	44.26186731716183	0.0	14.014966865195184	73.56007085727192	46.67853975483313	12.403250830249176	27.486490126305952	30.78078412978491	33.37071293350968	39.758168933365916	5.37279728516628	25.070702211225544	16.110552106739746	40.210015747895284	29.573609701927456	34.23667350620378	27.063645298503253	13.079617733543994	12.447293145268766	46.31458417141863	49.99113715727297	15.89108702378294	35.70053942588995	49.30945863159728	13.181663514812934	39.62548436016061	47.2711950066762	25.250428214835758	38.72179376354309	19.712253733000846
10249.C045.04SS	48.310671675439394	117.72132705110029	16.264620692813512	43.83420550188068	63.745261788015156	76.79638231177339	51.254231282876425	16.800771016281026	52.84641500706108	31.56952066678419	89.87431207535069	38.56545791752548	33.42456150766791	14.014966865195184	0.0	73.43801793839636	45.511388881938885	2.0203390434690904	27.419673431714003	17.449764510909127	20.163493586295335	40.785941498630216	12.460305606388127	12.219074866673385	14.626638419008835	27.762428368746644	33.648235225249664	25.32679709316854	19.115951199684616	15.374520305476043	3.132661771507387	48.16421007193941	39.01169603414206	4.494482594115697	31.20321501369479	45.098843342637366	20.638594929838924	41.73362548143407	45.53669636885752	12.498648425423077	38.49205359845499	20.96459048315285
10249.C022.03SS	121.53457675153479	47.59654386527257	63.88942770142944	42.34968551043777	43.23474080723232	22.808146209371344	22.904340189932046	73.87707371986623	31.29004775910471	84.53367988574166	17.403576356354602	35.855446327236095	96.0291386226714	73.56007085727192	73.43801793839636	0.0	27.955260464450603	72.37042356475689	46.786523063516384	74.43171480963267	82.89056447282393	34.55634757893452	74.8799715072661	72.75858100431579	59.71887937619141	78.24018708227432	45.46931715589606	55.79555274147556	56.92651708434507	61.85366103919063	70.80617589352377	29.184202770349916	61.36639448804973	69.28720346461574	43.44981102232577	31.68057157333009	62.146067443272415	35.0435787662993	28.141087260100043	77.38315721741375	35.76881972246319	54.56883462610382
10249.C008.05SS	93.59158870056828	73.23028229882505	36.539933227185834	23.019378742120647	36.87671498330184	35.37605050498191	7.888965451766297	47.39440268793467	19.005015579553366	58.94413376238798	44.494606609830875	10.205368311871819	69.37459443250371	46.67853975483313	45.511388881938885	27.955260464450603	0.0	44.47530090172645	19.547798476397766	47.37945015243889	55.731300134350434	10.918456141073309	47.818025983829045	45.195178999630855	32.087742311632596	52.542958245864114	21.655885753905558	29.527477571852366	29.329327004101962	34.75864159507563	42.92869894800576	12.782146860058875	39.73971539166603	41.339917108029034	16.057773668442415	10.383388019789775	36.25372628886253	13.237337442016043	2.5372320527460457	49.75185109614082	9.829814545146272	27.515936859788287
10249.C030.02SS	49.410306357449166	116.87870817578455	16.351264679357364	43.61507558713335	63.47838870624923	76.12074849561617	50.20863773500834	15.232387470971696	52.31796841369772	32.645069461066065	88.91325848500051	37.39060885308072	34.733949350841904	12.403250830249176	2.0203390434690904	72.37042356475689	44.47530090172645	0.0	26.191735378006356	18.664196832765942	21.767758142309848	39.5848594002407	11.380004998390394	13.186046211895139	13.301444131704606	28.77827664923747	32.153385525526204	25.212133249190394	18.745743862814905	13.88579642571848	1.9088621677094675	46.9307010555464	39.452236392574356	4.475978781978106	30.48579710081858	44.46464581309781	18.990847058120558	40.434235765521095	44.59418155854666	13.754733706186576	37.40330066946798	19.566802317928992
10249.C018.10SS	75.5839787834479	92.76952149708804	23.720886686430557	29.613050735224327	49.14246134698513	54.16135425621691	24.376364993604422	28.222221082600885	33.20226973578587	48.38415086138909	63.71819976682897	11.232463755765398	56.065886901282575	27.486490126305952	27.419673431714003	46.786523063516384	19.547798476397766	26.191735378006356	0.0	34.304735029273374	41.746802404017146	13.444986944141453	28.308419722142368	30.55965951395399	13.056556286378735	42.31910932211928	10.048532834903968	21.972796859991064	16.751976672987503	15.22167761196952	24.536549014253914	20.89971198977068	38.11625024308243	23.74352816725691	12.209119358863633	23.063293139491044	17.317748618759943	14.583830504162572	19.921359682880794	34.533820303904115	11.47114061980706	7.982754069805199
10249.C011.19SS	51.03890762560347	114.6737461478379	11.465257869680041	36.90785181537292	54.53331160680608	72.46741615071933	54.151900162543335	33.71116168464103	48.04562859286102	16.218616607018514	89.32613679700364	43.73932278671996	23.07983097152223	30.78078412978491	17.449764510909127	74.43171480963267	47.37945015243889	18.664196832765942	34.304735029273374	0.0	8.513609404414176	46.50406441236911	29.90544691054846	5.849420995855023	25.451945065895927	11.114992194753698	43.32663305507912	18.99127860011746	18.413693222581095	28.915838205943732	19.139278720848534	54.01499163039499	25.40466186380769	16.088235050585244	31.37660243785404	43.425176073050835	35.35269788127875	48.42777570016718	46.992083689565646	7.366435152612664	43.18069527282786	31.237970364490266
10249.C002.19SS	43.59969304787747	123.00131400484997	19.621469010817012	45.044925184408896	62.04440613880045	80.74841745244854	62.3804959897192	36.26423021585458	56.37449382570479	14.472225804275965	97.78397883468017	51.633438786630876	16.31219654060047	33.37071293350968	20.163493586295335	82.89056447282393	55.731300134350434	21.767758142309848	41.746802404017146	8.513609404414176	0.0	54.32036604644089	32.00182387055621	11.6254112993374	31.538739536844773	12.803438247768653	50.27506676194437	27.492862791380272	26.56557001747197	34.17496889679089	22.75052475542467	61.86340968665885	31.911918605458002	20.631216991098892	39.717115076045076	51.81877702146231	40.240760538695774	56.108152755194645	55.33360313720394	8.841386761189577	51.10514912788911	37.738185459973614
10249.C016.10SS	88.9335752584383	81.54348333693578	35.72467823219407	30.621920381458533	47.16961066607774	45.60158124150584	12.198274883569686	39.96451181040723	29.253332919579474	59.94404245742533	51.695287639684366	2.9916510357883563	68.71394983609804	39.758168933365916	40.785941498630216	34.55634757893452	10.918456141073309	39.5848594002407	13.444986944141453	46.50406441236911	54.32036604644089	0.0	40.63763794109166	43.348466561565026	26.350941713852134	53.61250390943355	11.908392190245685	31.24381901175732	28.260137613094265	27.717314744387505	37.89369125928346	7.578328406877338	44.73665240287642	37.084929980023304	17.435025687492583	18.80321261933804	27.880618323282615	3.1778555838776525	11.540493704800552	47.55273372432264	3.9554454803015813	20.589697545698545
10249.C035.14SS	50.45990507150821	121.04469268736301	26.894926200286342	51.64695655674892	71.93240344008724	81.71907161722743	52.40050736278117	6.388017003012639	58.95579443822732	43.518345842678876	91.95404341023163	39.09655162752099	43.789843717774936	5.37279728516628	12.460305606388127	74.8799715072661	47.818025983829045	11.380004998390394	28.308419722142368	29.90544691054846	32.00182387055621	40.63763794109166	0.0	24.54185316796072	16.325627568619268	40.04585360423736	30.821072150646277	34.635200332679105	27.282582104267984	13.107628848924158	11.218008581135987	47.24986500389578	50.0536321945266	14.820921949860336	36.28832278413589	49.82514585419827	14.128482911675238	40.6727276120341	48.14384009310428	24.554820327238083	39.424731030607475	20.36824299887461
10249.C037.09SS	50.34973609219731	114.39619137418764	9.074118191087393	37.59518567016948	55.98170063335188	72.45672635788874	51.89551831859394	28.013930097665217	48.02754981891821	20.320613966502457	88.23999197092432	40.65470720358938	25.700442891247512	25.070702211225544	12.219074866673385	72.75858100431579	45.195178999630855	13.186046211895139	30.55965951395399	5.849420995855023	11.6254112993374	43.348466561565026	24.54185316796072	0.0	20.630847977366226	15.7263491373915	39.02860017954146	18.558236228623205	15.908221006796765	23.809185421601047	13.744544653116986	50.92267176321417	28.59615691780572	10.853322659825354	29.440723618954127	42.47841458829787	30.032649749079976	44.995135808362356	45.025583828043224	4.725930624453843	40.29491371395054	26.67198107128044
10249.C031.19SS	62.58521554508863	105.16348643945582	17.015400514472493	36.000043609906385	56.38704307447101	65.43838420608631	37.326869946489104	17.628931855017605	42.69130983518917	40.37440595746479	76.51773309054393	24.27346778693394	45.705180413696276	16.110552106739746	14.626638419008835	59.71887937619141	32.087742311632596	13.301444131704606	13.056556286378735	25.451945065895927	31.538739536844773	26.350941713852134	16.325627568619268	20.630847977366226	0.0	35.028087023117656	19.239162034959833	21.10179570483233	13.424006119419078	4.960183481204852	11.6173947620256	33.64334583301968	37.91998745684296	11.53731785048575	19.99818726919353	33.557669809528505	11.225810891255879	27.143538199648457	32.30091219176539	23.704164367905445	24.381693870827267	6.443618248202676
10249.C046.06SS	53.61976130741392	115.54219573852275	18.74028269522273	38.21410833985283	52.25945571141164	73.28112586224023	59.808068928911126	43.192679939867325	49.61864687040781	6.783023548944752	92.11656680482533	50.69145230176708	19.01204109704144	40.210015747895284	27.762428368746644	78.24018708227432	52.542958245864114	28.77827664923747	42.31910932211928	11.114992194753698	12.803438247768653	53.61250390943355	40.04585360423736	15.7263491373915	35.028087023117656	0.0	51.69644115975946	23.070203119726834	25.69390577751344	38.85915410485477	29.452889472395675	60.92745352508828	22.227246813319766	26.51385688496975	37.12196911393514	47.497412655276754	45.145620504297725	55.74463089705912	52.19996886228646	15.977283038285043	50.11930400212277	40.373638727088625
10249.C043.08SS	80.53567689250302	92.76880866503527	32.982887173601256	37.76748974323524	55.879460066301455	56.90583925486363	23.94280344336677	29.289974440873547	38.9352988232316	57.50570978865383	62.80866547035459	11.817262943480264	64.30296585164092	29.573609701927456	33.648235225249664	45.46931715589606	21.655885753905558	32.153385525526204	10.048532834903968	43.32663305507912	50.27506676194437	11.908392190245685	30.821072150646277	39.02860017954146	19.239162034959833	51.69644115975946	0.0	31.882115197859868	26.485786850416638	18.861792959453915	30.54113698941505	17.082338516368484	47.9345877442232	30.774143029950007	21.117446695533292	28.543650087765375	17.076259422016246	10.634234265829567	22.5753550768201	42.555282331766534	13.084041702527207	12.810741734073416
10249.C012.16SS	68.88922292525001	95.97094977708458	9.922973171589092	19.321797581524457	38.47481238923076	53.926157154364404	36.738079842140635	36.61053185159208	29.50112131609297	29.602463768222556	70.5048714956463	28.291475936352793	40.41749460487395	34.23667350620378	25.32679709316854	55.79555274147556	29.527477571852366	25.212133249190394	21.972796859991064	18.99127860011746	27.492862791380272	31.24381901175732	34.635200332679105	18.558236228623205	21.10179570483233	23.070203119726834	31.882115197859868	0.0	7.7506557185203295	26.05773501117471	24.426759322593394	38.28953477451781	17.112283503110437	21.12145365978387	14.180081820140506	25.07085147805772	31.998651262144133	33.659336014824525	29.148304092948447	23.19411151556375	27.597917303039512	23.51838805675741
10249.C027.05SS	65.36890067794036	99.43104252114351	7.636698498417395	24.904090478377874	45.04936803087916	57.991746470881225	36.052748759734115	29.316841135684527	33.82772291379628	31.968339322251307	72.5872469747181	25.42904392035447	40.70838505496261	27.063645298503253	19.115951199684616	56.92651708434507	29.329327004101962	18.745743862814905	16.751976672987503	18.413693222581095	26.56557001747197	28.260137613094265	27.282582104267984	15.908221006796765	13.424006119419078	25.69390577751344	26.485786850416638	7.7506557185203295	0.0	18.36384562104387	17.665893019297773	35.7421599127662	24.52195183522487	14.676272338212737	13.557468682970821	27.016495987299603	24.477323196600313	30.27302068486822	29.117510280700134	20.525509087795815	24.931976402423206	16.470768194304203
10249.C010.14SS	61.849865236796894	107.98726417816938	21.45711472212692	40.59179576439123	60.97931428607774	68.95652055556151	39.336291356293174	13.976798717130968	46.76071730424919	43.87263424854302	78.87499547577228	26.052277203879818	48.04803759280729	13.079617733543994	15.374520305476043	61.85366103919063	34.75864159507563	13.88579642571848	15.22167761196952	28.915838205943732	34.17496889679089	27.717314744387505	13.107628848924158	23.809185421601047	4.960183481204852	38.85915410485477	18.861792959453915	26.05773501117471	18.36384562104387	0.0	12.276726274777925	34.59164953761064	42.82698369226195	13.560297660514872	24.104089444013223	37.17357583110655	6.765358868350845	28.00818640230304	35.069144583444675	26.22687604282437	26.342910674853606	7.2982837834080705
10249.C014.08SS	51.081056783688176	115.44265372818454	15.992576206317558	42.509701031907554	62.601122929948346	74.79018313460884	48.54996614877655	15.15013961345928	51.06169746319104	33.62055719495017	87.36442259333835	35.72676466455081	36.1934944440174	12.447293145268766	3.132661771507387	70.80617589352377	42.92869894800576	1.9088621677094675	24.536549014253914	19.139278720848534	22.75052475542467	37.89369125928346	11.218008581135987	13.744544653116986	11.6173947620256	29.452889472395675	30.54113698941505	24.426759322593394	17.665893019297773	12.276726274777925	0.0	45.229557186018816	39.059953355546845	3.667850932793428	29.04830914098509	42.98234484936782	17.68068598206566	38.75773962624508	43.01264635845637	14.835392592955754	35.71289540039016	17.897770743044816
10249.C041.06SS	96.17659075964356	76.66671460848787	43.225446142486156	35.018272666510434	49.274889810507666	43.45797706560775	9.212795067313731	46.24314751098809	31.18725953861173	67.2902649495813	46.32292373669091	10.339843864640482	76.25674205271007	46.31458417141863	48.16421007193941	29.184202770349916	12.782146860058875	46.9307010555464	20.89971198977068	54.01499163039499	61.86340968665885	7.578328406877338	47.24986500389578	50.92267176321417	33.64334583301968	60.92745352508828	17.082338516368484	38.28953477451781	35.7421599127662	34.59164953761064	45.229557186018816	0.0	50.78474480283966	44.55243394328535	24.22333863441059	21.8169496315494	33.936191327218495	6.7313484406946245	13.483460423903654	55.13060742565395	10.91700081114804	27.649184512130354
10249.C025.19SS	75.17496060464421	94.8079078260861	23.386706074320063	19.2027829215614	30.99867518478663	52.81172798884811	46.60426418865172	52.60830202058342	30.519371711836303	27.669810953915274	73.23800130639253	41.924975839857915	41.01487695114172	49.99113715727297	39.01169603414206	61.36639448804973	39.73971539166603	39.452236392574356	38.11625024308243	25.40466186380769	31.911918605458002	44.73665240287642	50.0536321945266	28.59615691780572	37.91998745684296	22.227246813319766	47.9345877442232	17.112283503110437	24.52195183522487	42.82698369226195	39.059953355546845	50.78474480283966	0.0	35.45804831538856	27.607059205822427	31.850985923742325	48.992500024009054	47.5592552438644	38.91193592016605	32.09758449903006	40.91134063467427	40.49543109641176
10249.C001.07SS	52.388463171392914	113.32706357116712	12.585003470902018	39.41224940610837	59.47118100182792	72.33686463882081	47.21489240389073	18.596935218452074	48.36944788834234	31.099101589211198	85.60726776145916	34.75155126534602	34.78783749065355	15.89108702378294	4.494482594115697	69.28720346461574	41.339917108029034	4.475978781978106	23.74352816725691	16.088235050585244	20.631216991098892	37.084929980023304	14.820921949860336	10.853322659825354	11.53731785048575	26.51385688496975	30.774143029950007	21.12145365978387	14.676272338212737	13.560297660514872	3.667850932793428	44.55243394328535	35.45804831538856	0.0	26.78411430504345	40.654306931897395	19.675554010920813	38.22998254181628	41.30903279186104	12.826255888664754	34.5955536671323	17.97393697463328
10249.C009.04SS	78.66925402012056	86.56496291424843	20.80626510523694	17.45850718306218	37.61436566958082	45.855369941918006	22.87709857846285	37.18954006647586	22.736626636125337	43.63335725526997	59.16739301926285	14.539735417630892	53.683393438200355	35.70053942588995	31.20321501369479	43.44981102232577	16.057773668442415	30.48579710081858	12.209119358863633	31.37660243785404	39.717115076045076	17.435025687492583	36.28832278413589	29.440723618954127	19.99818726919353	37.12196911393514	21.117446695533292	14.180081820140506	13.557468682970821	24.104089444013223	29.04830914098509	24.22333863441059	27.607059205822427	26.78411430504345	0.0	14.082520506169546	28.193647240281685	20.125309023002306	15.64530376305434	34.07999422053409	13.662381740501946	18.17072888692715
10249.C007.03SS	92.27979676095363	73.04226991677383	33.71309104455064	13.811020467317746	29.459879400540544	32.52533250699666	15.325887839098302	50.54643701804572	11.479292579571833	54.0572978332087	46.15946298118546	17.253659766141755	65.41903618513878	49.30945863159728	45.098843342637366	31.68057157333009	10.383388019789775	44.46464581309781	23.063293139491044	43.425176073050835	51.81877702146231	18.80321261933804	49.82514585419827	42.47841458829787	33.557669809528505	47.497412655276754	28.543650087765375	25.07085147805772	27.016495987299603	37.17357583110655	42.98234484936782	21.8169496315494	31.850985923742325	40.654306931897395	14.082520506169546	0.0	40.326590975790054	21.793644262973608	8.611687498251108	47.19733233381341	15.953668051651603	30.55047992688045
10249.C024.16SS	64.43886953335034	109.04306163836104	27.81203003826666	45.34765242120702	65.26652277046168	71.29947341965782	40.00364400135163	12.606854526691233	50.281818508480264	49.91673286990401	79.4232730156818	26.79106625134943	53.4581867459708	13.181663514812934	20.638594929838924	62.146067443272415	36.25372628886253	18.990847058120558	17.317748618759943	35.35269788127875	40.240760538695774	27.880618323282615	14.128482911675238	30.032649749079976	11.225810891255879	45.145620504297725	17.076259422016246	31.998651262144133	24.477323196600313	6.765358868350845	17.68068598206566	33.936191327218495	48.992500024009054	19.675554010920813	28.193647240281685	40.326590975790054	0.0	27.39925171328573	36.84843088382604	32.0860501751378	27.454266032133894	10.045364643419637
10249.C033.06SS	89.61940424628843	82.3869549392666	37.60921413546646	33.64769658418185	49.824959524217654	47.418582459605325	13.55967604143628	39.6055604332749	31.975874034242892	61.97691467738773	52.312094613448366	5.648470740337973	70.4009098363438	39.62548436016061	41.73362548143407	35.0435787662993	13.237337442016043	40.434235765521095	14.583830504162572	48.42777570016718	56.108152755194645	3.1778555838776525	40.6727276120341	44.995135808362356	27.143538199648457	55.74463089705912	10.634234265829567	33.659336014824525	30.27302068486822	28.00818640230304	38.75773962624508	6.7313484406946245	47.5592552438644	38.22998254181628	20.125309023002306	21.793644262973608	27.39925171328573	0.0	14.15361489849081	49.06917417750901	6.994306565747944	21.058743780019835
10249.C032.05SS	93.63429561976999	73.04000662639835	36.39681952090763	21.866012351458902	36.24135442680271	34.878415567361564	7.8186669947316325	48.045620389910084	18.047176882891534	58.69310543242138	44.38372695531533	10.807818069606608	69.21238638128224	47.2711950066762	45.53669636885752	28.141087260100043	2.5372320527460457	44.59418155854666	19.921359682880794	46.992083689565646	55.33360313720394	11.540493704800552	48.14384009310428	45.025583828043224	32.30091219176539	52.19996886228646	22.5753550768201	29.148304092948447	29.117510280700134	35.069144583444675	43.01264635845637	13.483460423903654	38.91193592016605	41.30903279186104	15.64530376305434	8.611687498251108	36.84843088382604	14.15361489849081	0.0	49.624396030380026	9.981192284945948	27.895308016140568
10249.C034.07SS	45.696512033524535	119.0717744707231	13.717707845692285	42.171451965205705	60.19133796554626	77.10885172138303	56.40742564891782	28.210816405205968	52.68919003872083	19.149472883514143	92.92964489504064	44.913423544789545	22.109928538844883	25.250428214835758	12.498648425423077	77.38315721741375	49.75185109614082	13.754733706186576	34.533820303904115	7.366435152612664	8.841386761189577	47.55273372432264	24.554820327238083	4.725930624453843	23.704164367905445	15.977283038285043	42.555282331766534	23.19411151556375	20.525509087795815	26.22687604282437	14.835392592955754	55.13060742565395	32.09758449903006	12.826255888664754	34.07999422053409	47.19733233381341	32.0860501751378	49.06917417750901	49.624396030380026	0.0	44.612913505113724	29.985721970937632
10249.C005.02SS	86.78549852375448	82.08899590004344	32.48227493613174	27.11492289711221	44.55585354046127	44.82167226391007	13.025859408157258	39.2079344536623	26.78171206235826	56.530207968429096	52.65429750994577	1.9535477472471836	65.57173059625592	38.72179376354309	38.49205359845499	35.76881972246319	9.829814545146272	37.40330066946798	11.47114061980706	43.18069527282786	51.10514912788911	3.9554454803015813	39.424731030607475	40.29491371395054	24.381693870827267	50.11930400212277	13.084041702527207	27.597917303039512	24.931976402423206	26.342910674853606	35.71289540039016	10.91700081114804	40.91134063467427	34.5955536671323	13.662381740501946	15.953668051651603	27.454266032133894	6.994306565747944	9.981192284945948	44.612913505113724	0.0	19.14759999588031
10249.C020.26SS	68.56454886399726	100.7337701827918	21.796518672881948	35.38224865265032	55.46149878086797	62.00510336658458	32.11319785043371	20.42774275778527	40.410464400012536	45.964735978168065	71.59418455511859	18.808641396126266	51.928225313664704	19.712253733000846	20.96459048315285	54.56883462610382	27.515936859788287	19.566802317928992	7.982754069805199	31.237970364490266	37.738185459973614	20.589697545698545	20.36824299887461	26.67198107128044	6.443618248202676	40.373638727088625	12.810741734073416	23.51838805675741	16.470768194304203	7.2982837834080705	17.897770743044816	27.649184512130354	40.49543109641176	17.97393697463328	18.17072888692715	30.55047992688045	10.045364643419637	21.058743780019835	27.895308016140568	29.985721970937632	19.14759999588031	0.0
