Host_Age	host_deposition_frequency_per_day	CD4plus_Tcell_counts	leukocytes	lymphocytes	host_body_mass_index	method
0.08089193386597482	-0.08100313479623833	-0.018814309721848277	-0.14538539931445404	-0.1362288748818905	-0.10800273495716173	unweighted_unifrac
0.032105355676039116	0.06916021441334153	-0.09049620370472766	-0.17393215698205045	-0.3395480926353749	-0.21235271904903374	unweighted_unifrac
0.11685018323856167	-0.027704061744757036	-0.9725449992606838	-0.08324278093006998	0.02872721993925309	0.019054361810679543	unweighted_unifrac
0.02540436134354851	0.0013281536318991982	-0.40701856545158077	-0.17215382093045606	-0.1726145075300618	-0.1377520069606979	unweighted_unifrac
0.018472430490000025	0.004296841564666698	-0.29750533074742647	-0.0797142857142854	-0.022494700984102778	-0.1878575191977685	unweighted_unifrac
-0.011170902167131791	-0.010545526681214223	-0.9787968429457643	-0.24364785224084673	-0.051313857177175626	-0.0331534579668602	unweighted_unifrac
0.039841526101878966	0.0062984088862206855	-0.03323601623176531	0.013483099966592471	-0.01863548158567485	-0.01946100531592765	unweighted_unifrac
-0.021262126239088852	0.014291485394655079	-0.05022719850138202	-0.3090399665087471	-0.060768509840674945	-0.006648168449457481	unweighted_unifrac
0.01273099397642452	-0.1150804236955667	-0.05826938866043441	-0.1559741024131842	-0.1600075127448346	-0.05731956045782716	unweighted_unifrac
0.008712179254876884	0.034470588235294364	-0.10596906122238359	-0.26622228826380967	-0.06955555555555559	-0.7335773558674024	unweighted_unifrac
0.0031361190056898858	0.010233076127595386	-0.6889354028876911	-0.1764280184067082	-0.01651363810987294	-0.08428605970453185	unweighted_unifrac
0.04808069881598398	-0.12793404847040102	-0.1908850239043951	-0.05932144410613294	0.0175126419934043	-0.5264737547118632	unweighted_unifrac
0.02435922387963041	0.013810570750153905	0.043845377298402655	-0.12457254772710002	-0.4814388489208634	-0.044602420313099245	unweighted_unifrac
0.11405447791993417	0.06111174785100282	-0.4230140154512658	-0.08106575410963157	-0.46677832512315254	-0.023753027730879728	unweighted_unifrac
0.1358086106072045	0.013080082135523363	-0.08444324092708588	-0.11453947368421091	-0.08046623118432228	-0.7119079057720279	unweighted_unifrac
0.017115354664905547	-0.05306742323097491	-0.732970016744394	-0.051079983817133856	-0.014863261257507476	-0.04948050799142867	unweighted_unifrac
0.06667579309146376	-0.0014743390357698782	-0.4794153855700367	-0.128759915920307	-0.2537745962502318	0.002763835059406583	unweighted_unifrac
0.09862604720368318	0.005793062111335789	-0.10726175828270246	-0.09832287786708482	0.09179946073112832	-0.34521245349520324	unweighted_unifrac
0.10158410808213403	-0.1676857163604677	-0.3949458773752845	-0.20242439782953925	-0.026302197859457754	-0.13145647958536455	unweighted_unifrac
0.10011700918891653	0.055184684364102066	-0.05532293305781222	-0.04542595505505398	-0.15717140319715783	-0.24231215466372547	unweighted_unifrac
0.030171096219556603	-0.024555360281195204	-0.3220003480413538	-0.0926844770879156	-0.42412030593063443	-0.42700729365184387	unweighted_unifrac
0.047938667044394756	0.01800131013902051	-0.09313627469858177	-0.1864137613700767	-0.04515678275694124	-0.04998272925802838	unweighted_unifrac
-0.0485463179816914	0.012987538940810173	-0.0422043216122856	-0.06971129196014969	-0.13813956172034536	-0.28262840480196494	unweighted_unifrac
0.073010440085152	-0.021692044328318172	-0.02614678012299998	-0.060884570117300196	-0.21864095500459113	-0.06838504520218325	unweighted_unifrac
0.054686697025199016	-0.05249508168676753	-0.031336202297542304	-0.060042394878006666	-0.01244138574594622	-0.098841511873486	unweighted_unifrac
-0.011020986104360642	0.04148714810281551	-0.02049390717888766	-0.06473085382418864	-0.05996209083618864	-0.18093438680865703	unweighted_unifrac
-0.04937949745150805	0.011057524288809906	-0.10003293458720419	-0.16707185668274738	-0.17478845846432556	0.009265237248032965	unweighted_unifrac
-0.006313157207537001	-0.028626002342553303	-0.2602979497459721	-0.2734774121362651	0.02607199483234479	-0.2631414956011733	unweighted_unifrac
0.031002344997255515	-0.01273539788318323	-0.13696877523874829	-0.011301018970800492	-0.04378260869565209	-0.373445914221338	unweighted_unifrac
0.018924743136658484	-0.018400000000000194	-0.4081437467358642	-0.07389725848825779	-0.09995619393347033	0.04047339550979645	unweighted_unifrac
0.013012038760311317	-0.03994004710584531	-0.1688384814787689	-0.014469730247005597	0.00845285558949882	0.02245789597368064	unweighted_unifrac
0.05260184511461141	-0.16846426986240592	-0.5119536348077742	-0.18819621905193862	-0.45158297966157734	-0.15739287739983787	unweighted_unifrac
-0.029590758659394423	0.05463205932686821	-0.09346546326179617	-0.47957589496958675	-0.1611688165380496	-0.4612584763193863	unweighted_unifrac
-0.010214878327293953	-0.009428176996294724	-0.07493790353337304	-0.34746378704652114	-0.06409987141020124	-0.04343498222936115	unweighted_unifrac
0.00794819386023593	0.05814070735619892	-0.11617346199142897	-0.13427557888890385	-0.10861623616236127	-0.31261449894927074	unweighted_unifrac
0.05882145139199313	-0.031845424717462656	-0.05214204455866467	-0.07590451270586263	-0.19148174094689785	-0.307361930945258	unweighted_unifrac
0.009360460498652912	-0.03963316350162116	-0.38915260050882705	-0.22079411943751137	-0.05233563565724131	-0.1269892640827679	unweighted_unifrac
0.018148605526185135	-0.024816384180790907	-0.2728838061344072	-0.24656110212540128	0.0190555370801464	-0.01843537341433077	unweighted_unifrac
0.007839296925890471	-0.12100745941202318	-0.052118268216030605	0.043773821453023665	0.017647516131540142	-0.1082573876561681	unweighted_unifrac
0.05667302874932256	-0.005919175911252017	-0.4466164865746669	-0.26347720187061574	-0.05476459772676656	-0.2093040065666698	unweighted_unifrac
-0.018461972736099064	-0.002071895865650486	-0.06646486768190285	-0.22851194341783643	-0.20481426986347628	0.025863348367483163	unweighted_unifrac
-0.00918218044885366	-0.12858202877567626	-0.7130962913517191	-0.12376160503540534	-0.08529896540884807	-0.18381765663492455	unweighted_unifrac
0.057280205193231515	-0.08862892057026484	-0.14908715878789258	-0.07365605655373786	0.044586015334465934	-0.057534941167914466	unweighted_unifrac
0.09878918749976395	-0.21224623697414136	-0.1856847948091378	-0.318751238226356	0.025182091110820926	-0.16604495536861363	unweighted_unifrac
0.06491577685740191	-0.11864197530864207	-0.12773403573318065	-0.19569163919882349	0.07935638479972595	-0.07605262818695069	unweighted_unifrac
-0.0028212645630802946	-0.07727799927509937	-0.4122178976708737	-0.11996803055780458	-0.08597276938193055	-0.12124546613077136	unweighted_unifrac
-0.010416019471519933	-0.03257055270038789	-0.2276763153888588	-0.3070699153349159	-0.1327108371245238	0.009443524342660714	unweighted_unifrac
-0.008845089414258211	-0.1622513303315598	-0.1090320650360539	-0.18211789948951584	-0.04222123893805274	-0.14047970663392384	unweighted_unifrac
-0.0092789158276807	-0.03364762931034471	-0.0757066000352895	-0.06712800258366447	-0.09403342730567799	-0.12707476740534074	unweighted_unifrac
0.017292197122444786	0.023172130445947015	-0.3326744151149048	-0.19124735324418474	0.020992210025797986	-0.18145676374676745	unweighted_unifrac
0.017718154397859953	-0.00916224814422062	-0.03233513714916425	-0.10919426662955756	-0.2313324981089251	-0.07615760097133362	unweighted_unifrac
0.01205153037944473	-0.07182880973542072	-0.05177227590468503	-0.041438116156244265	-0.0004424171195176463	-0.13052064520764062	unweighted_unifrac
0.01433151062261151	-0.010015602942269108	-0.04134619525812866	-0.28839034143630315	-0.1562509178642606	-0.08360117084432739	unweighted_unifrac
0.03601682490403313	-0.03674699651667046	-0.06746929771948751	-0.15124330527926566	-0.06799643830098501	-0.31482916621195556	unweighted_unifrac
0.08389319309933108	0.01960974086793643	-0.09625240278985303	-0.14408313400797312	-0.1899553050913334	-0.13788726592403155	unweighted_unifrac
0.024615456378625944	0.026154941612076432	-0.432534324817029	-0.1367243046698816	-0.004294000662910191	-0.15641404607300746	unweighted_unifrac
0.05756517772245362	0.017296953305226404	-0.05722708455212766	-0.1134938401176182	-0.14850509404388723	-0.07381201298458273	unweighted_unifrac
0.02508915519349697	-0.0024756519007225197	-0.08245481369596552	-0.17209429062264792	-0.06445796955756844	-0.5855805587485381	unweighted_unifrac
0.07401005624996437	-0.029479305740987893	-0.42541663330454815	-0.2160562998086204	-0.03810567514677099	-0.20008937664982995	unweighted_unifrac
-0.013759923852290523	-0.037390573676571615	-0.4698890047181903	-0.07102095585343404	-0.24863069704250695	-0.11573435054773107	unweighted_unifrac
0.0909104272796617	-0.06247143978372738	-0.30532765984432664	-0.11857184865712589	0.028555305406176346	0.06436512580456388	unweighted_unifrac
0.01907872256565002	-0.06310920945395249	-0.043226826174519006	-0.2182710765239948	-0.16523958896700885	-0.18584917378552102	unweighted_unifrac
0.10800709112282403	-0.050931825967797106	-0.1443218146556713	-0.03978588253172277	-0.12528523425865812	-0.14381355646844862	unweighted_unifrac
0.02584942208449581	-0.03264411990776339	-0.08540436463968826	-0.2283402585827925	0.020101603096918108	-0.13850147228267828	unweighted_unifrac
0.037104066965026106	-0.0957100415923946	-0.7548873204200695	-0.053958564413068455	-0.009877566759856737	-0.24567018972764654	unweighted_unifrac
-0.03793632063360275	0.0183116883116885	-0.0926886901313102	-0.1351521384898271	-0.13055658760378908	-0.27721725412669196	unweighted_unifrac
0.03327835842330318	-0.07736534224720804	-0.8972373202539321	-0.1489369094665891	-0.14094967532467506	-0.08322295574103378	unweighted_unifrac
0.0962045690473311	-0.06977409106953747	-1.389023487817587	-0.13298184953317072	-0.06945941297867453	-0.20909122906699285	unweighted_unifrac
0.0025215899925986607	-0.13735112936344995	-0.08724124180172455	-0.055247661605794196	0.001398726621567592	-0.2067504392823174	unweighted_unifrac
0.035438382781555755	0.022073258319368128	-0.05125169951753006	-0.11444268974700389	-0.08206153279292594	-0.1503102173071864	unweighted_unifrac
0.08824486018427835	0.03437513647281443	-0.07654233218798967	-0.20806670456033216	-0.0161856976204513	0.009945420819584605	unweighted_unifrac
0.04818628499605704	-0.06487495717711544	-0.0783582411367334	-0.2459053584877937	-0.0962222829869741	-0.02532857388290477	unweighted_unifrac
0.11146566492694499	-0.06621886120996434	-0.414755440926589	-0.11902918769051296	-0.06155522827687765	-0.015397713190253626	unweighted_unifrac
-0.0034497807229916244	-0.16646153846153866	-0.14210334993506102	-0.13422512759560923	0.024838029474464562	-0.024130332170779534	unweighted_unifrac
0.006441914946454741	-0.020293932016950622	-0.2837754603096243	-0.21772321402346217	-0.0062570090578593085	-0.21042244940107335	unweighted_unifrac
-0.007128787772656686	-0.09689655172413802	-0.038920434671953386	-0.10525745719832913	-0.1245624360286588	-0.2932670291929018	unweighted_unifrac
0.06432403602130321	-0.08647686234987861	-0.592694185232336	-0.0950065183547586	0.007010366374899157	0.0952707678826128	unweighted_unifrac
0.08468164901818287	-0.18065722484495006	-0.6243358011144409	-0.17115538210201486	-0.14792308509508123	-0.13727583122563947	unweighted_unifrac
-0.050514639793397986	-0.06328230819185476	-0.10232907388281354	-0.11943982445348755	0.029754034476434876	-0.03567027221870567	unweighted_unifrac
-0.027342005855805818	0.013374706474337472	-0.07341238194801947	-0.08768940014331061	-0.09875000000000012	0.02528085596665186	unweighted_unifrac
0.03619242361523922	-0.05866301463665158	-0.04402913726678892	-0.13226488744278075	-0.3691818679430223	-0.12334553996300501	unweighted_unifrac
0.06301808259319375	0.023800419678246643	-0.09412963867327573	-0.11152564685650135	-0.16902210362016024	-0.10527528085157711	unweighted_unifrac
0.07091161503589238	-0.06668914461628694	0.031725195088986524	-0.11830811840935085	0.008519837232960348	-0.1307508321994364	unweighted_unifrac
0.0389985977671814	-0.1035310646269123	-0.031284534776856	-0.269595403971568	-0.18482080971990067	-0.03424904373065618	unweighted_unifrac
0.04392126810440755	-0.11976612094888095	-0.16576119647198606	-0.26850432560771464	-0.2150399649142043	-0.1984572716241988	unweighted_unifrac
0.0732823652936776	-0.04260380128884944	-0.4231999074066086	-0.10939031963990664	-0.005853428786736892	-0.015697909495939966	unweighted_unifrac
-0.0440881345202091	0.0010027523618238998	-0.7096821810584701	-0.3851502859590332	-0.28821941825707054	-0.1700898638020798	unweighted_unifrac
0.06601976400984	-0.07064935064935063	-0.15714767505072502	-0.09416939421700032	-0.16279592702588008	-0.1689700456252219	unweighted_unifrac
0.005730644205564683	-0.027680839735300777	0.020705038869267445	-0.06732680008416358	-0.21194633730834722	-0.1975304178746491	unweighted_unifrac
-0.008413970918448754	-0.07231167097689206	-0.575384662572741	-0.18523361357376222	-0.11059563901762304	-0.2539019602659509	unweighted_unifrac
0.06917521048660624	-0.04683544303797471	-0.34858549678400075	-0.1384615738829973	-0.054103386679304366	0.04857257772643653	unweighted_unifrac
0.017152941940760447	-0.04650175468629669	0.015559175932420732	-0.04345877060873504	-0.22943962787979144	-0.33234518594598184	unweighted_unifrac
0.021444280509905433	-0.055057460863270125	-0.1332846790314448	-0.45766006739679876	-0.26300665188470074	-0.09675245320380865	unweighted_unifrac
0.0997399804223833	-0.040475518240582486	-0.5221613533812899	-0.3005651309580384	-0.0850301843041612	-0.07424820527657738	unweighted_unifrac
0.04361848047984429	0.010613909235067664	-0.08472848718017278	-0.09945167218158946	-0.23671503330161703	-0.16330837516836083	unweighted_unifrac
0.11622552791507501	-0.014446601941747739	-0.5085909733324632	-0.27188890942591915	-0.023380935994494534	-0.1574537072507345	unweighted_unifrac
0.05633880166680516	-0.08240360258936108	-0.11964549234398136	-0.0098542006525284	-0.18804630886871965	-0.014589080166190094	unweighted_unifrac
-0.04481745315658081	-0.007760124610591612	-0.14374339139830639	-0.20459543536581593	-0.13155367788343075	0.012183829801194257	unweighted_unifrac
-0.06519415930067107	-0.10037783574420978	-0.0958435357434182	-0.08342953257790353	-0.051552739988503404	-0.10813131470706039	unweighted_unifrac
-0.006733413680150457	-0.06314847570492144	0.00017759623471547137	-0.5796317169380902	-0.014747105178514186	-0.2806388490210685	unweighted_unifrac
0.03277249424773898	-0.11161700437028199	-0.003945148391683029	-0.04232869134077055	-0.15018721414180058	-0.0683283320448258	weighted_unifrac
0.08265297679581207	0.033153084539223054	-0.14725310809810144	-0.31444373464747155	-0.1070675146435871	-0.04054934353427031	weighted_unifrac
0.04873164927209572	-0.04129381025317591	-0.11491486557462594	-0.05912557730821111	-0.1243243899477966	-0.05461789582524945	weighted_unifrac
0.0929276276874289	-0.18863434343434338	-0.25038924209636226	-0.3216750204889358	-0.309629237160576	-0.19728748157612497	weighted_unifrac
-0.0024706334704929223	-0.05858823529411761	0.05950462017164604	-0.09678820161718726	-0.0207278672779867	-0.07403508608220943	weighted_unifrac
0.12748118801854347	-0.01698536334845513	0.036047202175904736	-0.27905305367057376	-0.177217298451682	-0.34499170224039566	weighted_unifrac
0.09345383893144232	0.003969042769857101	0.049599529623850724	-0.15354928721073047	-0.16577402578143996	-0.22648320143799427	weighted_unifrac
0.060636227817909116	-0.14810914681014586	0.011424558968025189	-0.0760342147764499	-0.2091385422901606	-0.17518583815763833	weighted_unifrac
-0.020165913869897967	-0.13681755068036705	-0.11222587408631157	-0.07125387735623923	-0.24894875424688578	-0.35928424567261175	weighted_unifrac
0.05969378065364084	-0.014555946262735597	-0.0018163036306200198	-0.35821594398494394	-0.07222398981864453	0.015120533473505948	weighted_unifrac
0.06406938587915556	-0.05614058030241109	-0.0148252508454505	-0.11709193245778615	-0.1402062084257205	-0.5097136045190722	weighted_unifrac
0.02096644018155336	-0.05224376303390743	0.0433385854344599	-0.1652233434326329	-0.1369603949769238	-0.14809032894652518	weighted_unifrac
0.06484741564382801	-0.024934902939112824	0.0556028240072054	-0.09253371969914159	-0.19932887453874537	-0.09957399296725367	weighted_unifrac
0.12792499507448907	-0.01583911898491719	-0.044206435343235206	-0.040891560246173464	-0.1783274280108491	-0.13155001794241827	weighted_unifrac
0.011922561170726653	0.016758378332047186	0.036133371438458295	-0.19960320424676747	-0.05837236874948015	0.03242097671421573	weighted_unifrac
0.10806975913616779	-0.10332442365519556	0.04161827229633552	-0.12079244176561632	-0.048911913184696676	-0.3186955700302292	weighted_unifrac
0.08627781483391583	-0.020579710144927654	-0.04494104282918632	-0.20807978679857486	-0.13762544169611335	-0.4204934251467509	weighted_unifrac
0.02759212294937663	-0.03945041292114326	0.08981647011699678	-0.09482281967482686	-0.09383673469387754	-0.0012619135574436502	weighted_unifrac
0.05649672590865773	-0.06408450704225355	-0.040378528310563766	-0.25609300984470895	-0.1307889307062211	-0.06294835754806782	weighted_unifrac
0.16481812366689708	-0.09987471150675886	-0.07897754173010374	-0.0022573942182608775	-0.16888845553822174	-0.08554722086698807	weighted_unifrac
0.0816467460710264	-0.010919925512104411	0.042954687843315686	-0.19664918655171282	-0.12029492658570695	-0.440688674390465	weighted_unifrac
0.07248221549913925	0.06941234405778085	0.044593766637317844	-0.17891476672023954	-0.08982922248035208	-0.14339763913955417	weighted_unifrac
0.1205007419517301	-0.10103916636722965	0.044912148942967245	-0.1104329708329157	-0.14335223617835235	0.025330582314042505	weighted_unifrac
-0.016908548185486705	0.03748625011270412	0.031305282620078256	-0.14595841967437106	-0.05490131888836558	-0.20031386814318752	weighted_unifrac
0.17684140869916265	-0.0290316431566906	-0.12190265882619511	-0.06489676190681082	-0.10958806651832775	-0.011199829516634452	weighted_unifrac
0.12083176502717075	-0.06379746835443023	-0.04702991714904048	-0.2593569383375691	-0.15097173202792935	-0.10503383624036067	weighted_unifrac
0.10585417161111932	-0.032187805673296266	-0.04594095219917671	-0.2415755344883035	-0.06263760546404207	-0.033187458145382154	weighted_unifrac
0.10471299353502461	-0.06392570704938816	-0.2489477623358376	-0.10023725006776751	-0.03346268032615507	-0.11032565670185779	weighted_unifrac
0.021506514171113933	0.01868372265480156	-0.0649630862440167	-0.4381255826032917	-0.0493604330056332	-0.016267427610853646	weighted_unifrac
0.059562309424673776	-0.07269293141276378	0.023989280596095397	-0.1423136542845005	-0.05735321528424997	-0.20763634318073154	weighted_unifrac
-0.039374185444097654	-0.08053827033513361	-0.07444604969995994	-0.11481709391255812	-0.13665987721613404	-0.08434746476628452	weighted_unifrac
0.050792815940389535	-0.14964653492902902	-0.09121047623281364	-0.4667746895450806	-0.14193681318681328	-0.09577741664919315	weighted_unifrac
0.022301245275157533	-0.026506151142354994	0.017562255141962968	-0.09561364572111875	-0.04700120675784358	-0.14209419733031647	weighted_unifrac
-0.008756399638734536	-0.09182178822093356	0.07452543283636337	0.012129925388425944	-0.1294677056350586	-0.25660073285418106	weighted_unifrac
0.05407394858731063	-0.04816886382686869	-0.1472751367982934	-0.4180348210707554	-0.023802475154281577	-0.23149006685690754	weighted_unifrac
0.10852377426661075	-0.04229126953869633	-0.14324029261539062	-0.3492502168149272	-0.2893943938170491	-0.051305749134185286	weighted_unifrac
0.090223638532133	0.038373705383890844	-0.3027257431047472	-0.3028345561514134	-0.119196470041802	-0.2114325801956911	weighted_unifrac
-0.03697775884349408	-0.0230215580176929	-0.036108227282046323	-0.15427151663818606	-0.10374573777782814	-0.46051118692846904	weighted_unifrac
0.09507971872790244	-0.06037417654808963	0.07214763677341363	-0.050008354500107544	-0.07253170294629241	-0.3162220419160753	weighted_unifrac
0.06025324424216727	-0.019113372093023218	-0.03452756538420498	-0.23353266992114152	-0.1515717004192645	-0.10226242656682794	weighted_unifrac
0.10759969236276501	-0.09533889468196044	0.043294334247102606	-0.19158394977401239	-0.26293635122778647	-0.16279186031311665	weighted_unifrac
0.05641180256524181	-0.02000738606987218	-0.1425578683315325	-0.11594321904863447	-0.03359731296050006	0.09670887587447441	weighted_unifrac
0.0029611451623877683	-0.06350649350649351	-0.09608950473693101	-0.533434489732302	-0.13956397894376615	-0.0563995418292893	weighted_unifrac
0.08059698068588816	-0.009326832606278312	0.032532254275099204	-0.21710862199040082	0.0037168486739469486	-0.14078583073998874	weighted_unifrac
0.02654367693910409	-0.0005943536404162675	-0.1001785223293199	-0.18480564676401934	-0.10520674337703984	-0.027022223755952313	weighted_unifrac
0.09420941296393837	-0.015710450800703768	-0.0010799640853464965	-0.38556929329312717	-0.07332645480808897	-0.13112017928435793	weighted_unifrac
0.14084002687191888	-0.11974793106066373	-0.19463089981207693	-0.20414766248574678	-0.14768092986987735	-0.23322627089670145	weighted_unifrac
0.08895349648910889	-0.10485299646589974	-0.0795931732005708	-0.004437124395401115	-0.07078872409390091	-0.13445145096118516	weighted_unifrac
0.09862878405416353	0.04711732254505341	-0.12501982348754992	-0.09513616334636632	-0.06823716460867146	-0.5950692849390447	weighted_unifrac
0.08984363035505571	-0.060644908360286465	-0.12039415137062282	-0.14946100581801103	-0.08414621131270006	-0.011267941360809886	weighted_unifrac
0.07183070477229803	-0.04985011529592631	0.0705209832607624	-0.19682673220209912	-0.11401916035511817	-0.041439790857115355	weighted_unifrac
0.04479929585580211	-0.019220779220779027	0.008073221487998494	-0.17487308767062681	-0.014044596912521357	0.004425642788158268	weighted_unifrac
0.15935229400129236	-0.004769480797194747	-0.054801151456206565	-0.1985489888657861	-0.19929964499168662	-0.08375590160523672	weighted_unifrac
0.04429895362267289	-0.268374650985701	-0.04287811171040712	-0.182165893522934	-0.07255506208646789	-0.1952216621178786	weighted_unifrac
0.07067124421457116	0.037445154123854185	0.06437575587747113	-0.18422712811192832	-0.30457417582417623	0.10415361872605411	weighted_unifrac
0.021915571354566565	-0.026110030564045594	-0.12114234014976	-0.022486879355758438	-0.09491168267740901	-0.20065482728321116	weighted_unifrac
0.08944719350105823	-0.060915013325436584	0.049820007423074464	-0.15421251805850011	-0.29961941008563264	0.05477273651647396	weighted_unifrac
-0.013974465640611555	-0.017296631782604877	-0.018936302017238615	-0.08055651522563312	-0.23072091544818774	-0.07877525008792374	weighted_unifrac
0.04808431597956464	-0.0009297654064139849	-0.08976776097088268	-0.1221858011204191	-0.15102583025830274	0.026622119293946422	weighted_unifrac
0.08838339481296131	-0.0703808243727595	0.021973750506276812	-0.15155877280209418	-0.1520091423595995	-0.008833892959189127	weighted_unifrac
0.15148104509154836	0.007065876811077176	-0.34227528381204286	-0.11280396920682056	-0.1448644760660298	-0.182980655570109	weighted_unifrac
0.021364918039356584	-0.13126436781609163	-0.2906947000034783	0.029651558238059206	-0.2916476870844529	-0.3014940381816995	weighted_unifrac
-0.11162280020011717	-0.07314973842661154	0.10360441212310112	-0.10831359114187555	-0.20850467289719643	-0.07442473570858565	weighted_unifrac
0.1397561811745408	-0.07688869179600877	-0.09550730990201162	-0.08749325069143299	-0.13904833836858033	-0.04844330663143159	weighted_unifrac
0.09948823166939658	-0.014491936194588773	-0.18199506495547957	-0.3714873231132074	-0.3193848451928296	-0.12273683563936788	weighted_unifrac
0.02382966396723718	0.009914774990043673	0.03692153725018177	-0.1542997005154787	-0.263872564319793	-0.38651862596122877	weighted_unifrac
-0.03998143773077478	-0.15304745166959566	0.07238188362689024	-0.007668797307233133	-0.1914324558638083	-0.0031125833119718394	weighted_unifrac
0.09384557792739578	-0.0937179382119151	-0.008182116769356762	-0.16866274333308606	-0.20346216657593907	-0.2923417839286444	weighted_unifrac
-0.027739026224675056	0.0017733507511430435	-0.06037423132313702	-0.1770896478121664	-0.18360417196642076	-0.45978682491185197	weighted_unifrac
0.10407908930251775	-0.030138224348750686	0.04615750369089855	-0.13135990959666222	-0.19150264975316467	-0.24177472552620616	weighted_unifrac
0.13291956810038885	0.03328149300155536	-0.043850648675629156	-0.1472945819024698	-0.15540756359536956	-0.04939999698585584	weighted_unifrac
0.09371274430574639	-0.09151421983089936	-0.1827124166708769	-0.12163194318561743	-0.15455336751842097	-0.1452077955473805	weighted_unifrac
0.11368502594212682	-0.020625281556897024	-0.07064511830012687	-0.10833559125217707	-0.20707944617729668	-0.11422569644397718	weighted_unifrac
0.07996813151075666	-0.12941461935092513	-0.03031954440989315	-0.08208624661108521	-0.2365731028420739	-0.09958116452465449	weighted_unifrac
0.02983689918831023	0.017449933244325644	0.04965106974467293	-0.02875591582332504	0.01569911839984839	-0.07547915873740041	weighted_unifrac
0.004231127050173478	-0.06287571636301426	-0.14661736871674003	-0.48255998031415315	-0.16883656918161716	-0.1441125323002479	weighted_unifrac
0.02194627766442836	0.04315437881873718	-0.05804036190671491	-0.256732767235907	-0.15851916898693452	-0.3225692307692305	weighted_unifrac
0.08965410752889136	0.03788440080339206	0.06033304622330593	-0.08143513846035555	-0.24116389327879473	0.017434663604889766	weighted_unifrac
0.07104316600767324	-0.10035225819147886	0.022948343993700826	-0.04981393695188463	-0.0012477032111295472	-0.17199343768065578	weighted_unifrac
0.07372580071215484	-0.020301991662806884	-0.11750027920442907	-0.1865137600655442	-0.1206599650349649	-0.05031031399283359	weighted_unifrac
0.09101058512840232	-0.05583951520217312	0.020894707462263296	-0.12356409718068262	-0.05890008715827233	0.012408391069234637	weighted_unifrac
0.04491051308381444	-0.044496296296296256	0.05090043587664839	-0.2742467491278149	-0.3090693922921546	-0.5360408517446393	weighted_unifrac
0.11589074575029046	-0.14608346351260892	-0.1442308578989906	-0.08585938092421541	-0.4061391918512467	-0.26179820334031145	weighted_unifrac
0.09168022797968423	0.03447438200325059	-0.05338709845358336	-0.022265249694461975	-0.27955311642493097	-0.03057811246191755	weighted_unifrac
0.0954799459733392	-0.0610214451812936	0.04716962618367826	-0.08380827141110325	-0.10435050302306403	-0.27982865182434846	weighted_unifrac
0.06571823000497912	-0.016882249560632445	0.004304450399196469	-0.04788742322334638	-0.12219418581616459	-0.23411814313346158	weighted_unifrac
0.08700351067625922	-0.07248362289945876	-0.05880219989115232	-0.13960980569362835	0.010250752009468012	0.030843891974212445	weighted_unifrac
0.03989759205761134	-0.03363290175171385	-0.102811453757228	-0.1131034248355558	-0.11528225082876076	0.02807730239985018	weighted_unifrac
-0.07188169178240478	-0.012988543371522221	-0.07429304628957167	-0.01807041542495158	-0.08366633179143568	-0.2488341191768737	weighted_unifrac
0.041904719536548285	-0.14142708749500588	-0.1007750855914884	-0.1665508565457694	-0.2534978011888074	-0.0430196808187866	weighted_unifrac
0.07937332311774159	-0.04632134376923758	-0.07802849101725706	-0.07980225566943733	-0.41443519021199404	-0.3384282729492596	weighted_unifrac
0.0904250628612463	-0.033305695746215	-0.03967692747987672	-0.03533032903902722	-0.23394772420009025	-0.1568123654411464	weighted_unifrac
-0.07001031799042745	0.0278732384290723	-0.11508141548938844	-0.337281399046105	-0.17346327212020052	0.010049000263830266	weighted_unifrac
0.06536179535820286	-0.06890333919156388	0.05676678019347314	-0.07183814201606897	-0.12980557417871852	0.03294927260092806	weighted_unifrac
0.06366796479327741	-0.03805633588945434	-0.05507545243523815	-0.09141762334954873	-0.08491389207807143	-0.06755073615537754	weighted_unifrac
0.11965198510697739	-0.04831859816806072	-0.12354907598947795	-0.3499873801411757	-0.2096002084861588	-0.0071512502230264285	weighted_unifrac
0.12407376069125253	-0.029790209790209854	0.06534948573291577	-0.12383823319424381	-0.3478318985047577	-0.038780796264319184	weighted_unifrac
0.1211698768585242	-0.09025162028211975	-0.026345340272284412	-0.19843654786831766	-0.14708845100291623	-0.07449945695286098	weighted_unifrac
0.14307427158174135	-0.06866823213686679	0.04676676283084713	-0.031560256854333835	-0.14000379458639012	-0.1815068162689848	weighted_unifrac
0.1202654071123398	-0.09079347423062645	0.02839648974729414	-0.19138304683694063	-0.16154967017820265	0.027524683218247525	weighted_unifrac
0.048196908176542874	-0.1356415251878651	-0.23570885412989306	-0.07290832550523008	-0.25545432576123717	0.07948106195742699	jaccard
-0.020048721767870203	0.035093910073989876	-0.15728576001075156	-0.01106597694776279	-0.08367949865711721	0.03797319640004215	jaccard
0.01823539753818526	-0.0674127613274269	-0.020909584162635664	-0.10118989720001981	-0.1676898570244505	-0.09242759142209778	jaccard
0.04224301947034503	-0.043687852994988674	0.03929041522399224	-0.06223124447490491	-0.10800731472015435	-0.06564655134401032	jaccard
-0.0797118396022598	0.0415139504157922	-0.03687658847055375	-0.06794976490967586	-0.016222934396208366	-0.3662127117038414	jaccard
0.012062065191901894	-0.07636363636363641	0.022045085596638647	-0.051360334066723246	-0.032050886661526334	-0.49752275611967467	jaccard
0.064825123097209	-0.16309085166859671	0.02373169425086441	-0.18710608716096333	-0.05167753160375321	-0.18236139338424184	jaccard
0.01621899791086845	-0.016438137755101945	-0.05680324777474066	-0.09504986268967852	-0.024443697478991666	-0.12105347055890281	jaccard
0.1024406410779195	-0.09319313593539702	-0.21896804758265875	-0.09945391266844816	0.003755325069566995	-0.1339856612127539	jaccard
0.06793470412360914	0.05058823529411782	-0.05692493922664377	-0.055118796121521596	-0.09403624918602138	0.001173631887755211	jaccard
0.056060566241216914	-0.06727565133483449	0.006244529753883232	-0.2901754951380042	-0.0665471175833432	-0.045448460998302576	jaccard
0.0022092940579606646	0.01711639207349469	-0.06508191483528392	-0.26855826693227125	-0.16428783366722666	-0.31705829210960257	jaccard
0.004355651090277579	-0.19757295044001832	0.0374081780432417	-0.06543599142230194	-0.06526844662209808	-0.09283560357098031	jaccard
0.004161525756117723	-0.11826410658307207	0.02711399400339387	-0.055591206810309934	-0.027696566040999793	-0.13914722557858528	jaccard
-0.047197991591783284	-0.07054248608534319	-0.13165650891574798	-0.07466022306307574	-0.032204406001655084	-0.06912412917203592	jaccard
0.06745739115876825	-0.020483870967741957	-0.007740378736634357	-0.03022509412939911	0.031075864799327335	-0.16608088223272266	jaccard
0.0017228798264716794	-0.04289755807027973	-0.07182823599223198	-0.036821204285186315	-0.09232952595135213	-0.11498077781565907	jaccard
-0.0018058701167551483	-0.027943208564270128	-0.07271882609341307	-0.21028010734652836	-0.2238802308052188	-0.1407647042961624	jaccard
0.02798236563825751	0.01411627129969939	-0.015138232013212738	-0.009231247517228258	0.06643554736160218	-0.24544036370119415	jaccard
0.0687870545540471	-0.10451461596448608	-0.33637454948725876	-0.05356871456630463	-0.02352296627645689	-0.045914810577228016	jaccard
-0.03133906390650654	-0.017260682085456835	-0.05156166412739349	-0.0826258049240225	-0.0205452912372881	0.04138081313614139	jaccard
-0.025591375821897966	-0.055777686963628836	-0.09666540764085929	-0.05240707701457059	-0.14114415409400838	-0.11000009065032534	jaccard
0.05338847033493199	-0.1257198033707867	0.0016289848548292074	-0.11077320260062695	-0.0875136215038137	0.028986958119030737	jaccard
0.01053478469203728	-0.05487352698341241	0.008093096045306947	-0.2514465136138213	-0.11834659040128725	-0.30568111529476827	jaccard
0.03695892104428555	-0.0419058963668848	-0.21031454399933436	-0.058555074366364535	-0.05118735810863706	-0.07830580913248797	jaccard
-0.12143548113500224	0.02361111111111125	0.02954701532780102	-0.026562145949167393	-0.021144016227180762	-0.13312092558533517	jaccard
-0.02285473909689384	-0.042818780166739456	-0.07082514067174261	0.05984006308984058	-0.07559545525616285	0.005002350388289112	jaccard
0.11059638116920023	0.016000000000000236	-0.15305134895074257	-0.07841691599587719	-0.05951374286105349	0.022512043838876283	jaccard
0.0370134968992849	-0.01830844401624132	-0.09485690187656748	-0.015319751156659178	-0.0022673328413640448	-0.1406008795499165	jaccard
0.06730374685386042	-0.016387205073207456	-0.033894857635	0.012338095906547109	-0.27348564371719664	-0.25103345451025505	jaccard
0.04077174958974095	-0.06842696629213485	-0.05278172298053874	0.0014900333113634368	-0.11866181410974241	-0.004544055757056187	jaccard
0.0218647929546828	0.08424999999999994	-0.08608540242370433	-0.07917473864020064	0.03798029416775506	-1.146715651743306	jaccard
-0.03613899453172009	0.06607794131259792	0.0035837019556086425	-0.16251742836791427	-0.058490266610240926	-0.19752439073442662	jaccard
0.016439627593826334	0.0029858112276373028	-0.027768869022430254	-0.0565515427769987	-0.06971490177287976	-0.2533350634588525	jaccard
0.009240408807951184	-0.12607594936708866	-0.08090516384179947	-0.15811058482716311	-0.12223146462427015	-0.2887752751563837	jaccard
0.06081560491908511	-0.028023174157303377	-0.2844658550016095	-0.8393364458323924	-0.2745076093632708	-0.08168854382481094	jaccard
-0.028025536175513288	-0.023182912621359186	0.058604325257153866	-0.15356237768641035	-0.11659012735892893	-0.2022503709985164	jaccard
0.06757312228928192	-0.04009370213532737	-0.18288234764888633	-0.2508541166438525	-0.07339416058394121	-0.3105542212353285	jaccard
0.04148813613006164	-0.0924901583047153	0.005532070937413924	-0.09589951495297	-0.03697302130024571	-0.15733309392325956	jaccard
-0.11789864790728855	0.016220011702749892	0.04268175426935783	-0.03757166360622599	-0.21527110034847308	0.0329785250277278	jaccard
0.0441831560769278	-0.042684478371501244	0.03930240583070099	-0.09306119302342797	-0.00634069260215453	-0.13333015572248597	jaccard
0.015279462114029196	0.02541003671970643	-0.04813575969877215	-0.059067796610169365	0.02413927968800622	0.07309860054502093	jaccard
0.048514789428375504	-0.16173333333333328	-0.023548097145595914	-0.07167007491269817	-0.2664772342108237	-0.014110981193972583	jaccard
-0.036861103487202174	0.05635190798165868	-0.03465917701292831	-0.008789052116744411	-0.07861653068464025	-0.07285784143953378	jaccard
0.04634794637626338	-0.008279917671273118	0.04201249523404904	-0.01329814007064134	-0.06551131533136267	6.237619833437957e-05	jaccard
0.04926573470982831	0.004812388326384975	-0.49208615046075854	-0.08940094486231098	-0.23914125673854492	0.014940063134405879	jaccard
0.0015439033590159967	-0.17551028681463454	-0.10828780363130885	-0.047019045940923876	-0.05152639316396379	-0.3953529269664542	jaccard
-0.022512669164574062	0.01835829838226477	-0.523017729587343	-0.16867626881294573	-0.11916452343690143	-0.1271766158427905	jaccard
0.03607469972066546	0.003063842263431593	-0.05291834313838795	-0.07905881071546239	-0.15146241272106398	-0.02437988757241416	jaccard
0.05083715006538747	-0.19302801415049253	0.014373669307997439	-0.015106096563827665	-0.059500713266761984	-0.0948932118407102	jaccard
-0.024042200777610656	0.002904310151639611	-0.027727766493588213	-0.11094584705451904	-0.08373362659378736	-0.22720106267606144	jaccard
0.059157331003653946	-0.021100524410960997	-0.10686462687902165	-0.35519429751206344	-0.115797852386758	-0.11487167904385887	jaccard
-0.02226305119107952	-0.06128155960370707	-0.5443694768111564	-0.1568045756646217	-0.03235613463626508	-0.9349832626830066	jaccard
0.05613274652084299	0.07274838914963022	-0.1299618915107159	-0.14732831181585326	-0.157111007895959	-0.16590869175672873	jaccard
-0.012885730077057289	0.0034652313063719964	-0.0082906587608238	-0.13893342522490104	-0.15969435651129782	-0.09462892516779431	jaccard
0.07759315968601432	-0.1354537470725996	-0.4049720912562669	-0.02542087376249813	-0.12751292228170574	0.024541781127256246	jaccard
0.05537164321723953	0.009386092522548739	0.009753306567734543	-0.10752698646161285	-0.042544600746421635	-0.017096011258483035	jaccard
-0.005146756223388671	-0.09690934509086979	0.0549627036481124	0.0024598791162985245	-0.011463092799748109	-0.08539763857883109	jaccard
-0.009297549564860397	0.049968895800933	0.01740252540258813	-0.21112356797490994	-0.32565095949149225	-0.23420671794661319	jaccard
0.022249759640235234	-0.09053222989902032	-0.5203747071546205	-0.09175200804948647	-0.17747461278079824	-0.20101918643785144	jaccard
-0.02119800953331885	-0.1211779066219103	-0.25935563892451885	-0.26786170156884714	-0.16443035343035328	-0.49591191182755523	jaccard
0.09799921830777114	-0.09623091603053457	-0.23344701757052233	0.02239248038950492	-0.06877078554157112	-0.12001151711862668	jaccard
-0.005084771006829802	0.02519408965689951	-0.1755098149415948	-0.029582224334600893	-0.35524646582305297	-0.09420437247388613	jaccard
0.008349109729235638	0.022292983438674696	-0.0123747824716951	-0.10361376562076852	-0.30247630693977334	-0.08336292563683312	jaccard
0.10611149896392025	-0.019493567155617342	0.018621426317864787	-0.08745126234293266	-0.266922052294031	-0.08070802488204554	jaccard
-0.011346206395583591	-0.014178102189781105	0.015083930459117156	-0.05088832487309625	-0.040704048169453166	0.008950418809336669	jaccard
0.010797750355503788	-0.042030128399555444	-0.07383970465880774	-0.08584313839890556	0.037827769772177944	-0.04560109728662587	jaccard
0.04736415366741764	0.021558441558441555	0.010604937136978076	-0.20984108029214688	-0.048785522054463515	-0.11571327612189308	jaccard
0.02681926045281724	-0.0623183041722748	-0.3303981268887102	-0.11535362695281437	-0.18578377148284786	-0.07291018137344629	jaccard
0.009854559721175549	-0.019318046456223925	-0.005414238404370053	-0.2622502201622252	-0.061303401898733734	-0.4414493282761218	jaccard
0.053095631596166815	-0.057468354430379565	-0.09496725542121887	-0.018040073280051416	0.022003797811737003	0.09474123336261375	jaccard
0.033476101434595784	-0.039277108433734886	0.0670375754130621	-0.06529279902783802	0.039100084897651044	-0.007202037336462963	jaccard
-0.07147714905039315	-0.05227035830618898	-0.48082081683934197	-0.014428354482046712	-0.22166744402985095	-0.013921641565686205	jaccard
0.09581265013370066	0.004969025105966973	-0.19712132092850476	-0.21858817021410615	-0.16801016870811236	0.040800957707677665	jaccard
0.0020594627505232665	0.04435350594160703	0.034392940319369236	-0.06031252759869288	-0.09274340502171863	-0.14520859539226527	jaccard
0.02621668640041397	-0.07299999999999995	-0.05941041087066434	-0.09977972351727593	-0.1040034510353105	-0.23795869836441752	jaccard
-0.16344968350733557	-0.004775676677790219	-0.047402714925584455	-0.2701291323225725	-0.10138344760039142	-0.11525737527138857	jaccard
0.01803095657218523	-0.060891853932584006	-0.020837164190389057	-0.11392569809519859	-0.1833713680743443	-0.01914565552474623	jaccard
-0.005343946829647006	-0.00947427562404668	-0.01816502567555034	-0.11263324124127538	-0.09428724544480138	-0.04874461383019835	jaccard
-0.0219782881645032	-0.017068764568764383	-0.08537890867943698	-0.38769410298904283	-0.049140552280484195	0.054999562598414986	jaccard
0.009714008288435272	-0.06316455696202539	-0.000881359467265419	-0.17381940207443547	-0.05815922809181817	-0.3005725675083015	jaccard
-0.011018846986809105	-0.10332835649477468	-0.1305003606237014	-0.12440728332633766	-0.05875072090856648	-0.14933587559752404	jaccard
0.02163851439792397	0.026245830125737668	0.019465437148702747	-0.15571717589789835	-0.19608865870070558	-0.2991813990634198	jaccard
0.01698546351954555	0.0057430201140799	-0.27067133538810295	-0.05934357113968103	-0.07365555555555559	-0.1379128260506246	jaccard
0.04014138694010583	-0.07094644057667909	-0.36183481425562736	-0.02316264953320757	-0.06438573161853922	-0.07756748792007118	jaccard
-0.0011007934061297853	-0.10101310322786827	-0.04035347595825778	-0.07076361637244988	0.022401977497442882	-0.3114921008932845	jaccard
0.06653471960716517	-0.03941117092866753	-0.45796642924495834	-0.07465904577399174	0.008426265590609328	-0.016030339201471788	jaccard
0.10422113124283117	0.004520547945205622	-0.07745228462172804	-0.21433411434604666	0.02985424657534219	-0.004690527218173868	jaccard
-0.09113800853685228	-0.056028119507908425	0.047381658492780865	-0.16439407622239788	-0.01614583871734676	-0.04019767142099373	jaccard
-0.03119176666640544	-0.007274646029372889	-0.4540077178500834	-0.06541928972744793	-0.07899194340734916	-0.23931354230853352	jaccard
0.018449806590199347	-0.11057971014492751	-0.2829204143805697	-0.18840447275418004	0.02202009986726494	-0.06650690518837088	jaccard
0.04557204681934279	-0.06277445828234085	-0.03284670636514786	-0.06238012835590179	-0.01091682927148696	-0.18654479815240887	jaccard
0.024734553404487936	0.018844940985674352	-0.042677018060031546	-0.06787574729991963	-0.17574186201533193	-0.041033583537630314	jaccard
0.06795471225327043	-0.0519234480540367	-0.9712401038371459	-0.14787336202659085	-0.008308816137787778	-0.033618756902279	jaccard
0.02072502847622737	-0.008202926208651373	-0.3793887823019908	-0.054097985605899845	-0.03864547677261587	-0.1577661500772225	jaccard
0.010958625056969873	-0.057593330245484076	-0.03555564092650232	-0.13119454565131128	-0.12258529585933586	-0.21148934054013724	jaccard
0.1749287298834057	-0.07989887133182849	-0.47939896290333106	-0.227108795495371	-0.08749169755017583	0.00449683009450863	jaccard
-0.030947643833194594	-0.11225352112676057	-0.19230457456241967	-0.4163372019538887	-0.43824187884108823	-0.0603236767008295	jaccard
0.06688986822206155	-0.10553256940706013	-0.411375534613156	-0.036225717544743574	0.01833099864437382	-0.030234300752978838	jaccard
0.0014573205954231394	-0.017971753628873932	-0.31978530288375007	-0.025362229926436886	-0.0026586871750433616	-0.15850942513622512	jaccard
0.031869460377884073	-0.06258647798742123	-0.47697669158028866	-0.002850956696878182	-0.24549039569727227	-0.16147539361067742	bray_curtis
0.05143770038005868	-0.020319513868470196	-0.0023330507922969534	-0.19840240214040583	-0.11977433716805774	-0.01203734477840479	bray_curtis
0.020229381727580042	0.04395525081198148	-0.08753422430038649	-0.17480862893011317	-0.025538660261058554	-0.11671513912906772	bray_curtis
-0.0430650546168736	0.011292657704239928	-0.462165117916326	-0.2376007631933914	-0.0593584515186556	-0.08009077498564787	bray_curtis
0.014809279271503772	0.006849315068493178	-0.08798349524036109	-0.01966799747846193	-0.47459985443814134	-0.6263879303660054	bray_curtis
0.10178314113780085	0.03399451867077774	0.0034327412089147913	0.06732013060209119	0.04644981100377976	-0.10325582973203606	bray_curtis
0.01873103438708601	-0.023283792102717582	-0.05466670111671035	-0.08565873345151442	-0.0025550978249120337	-0.019268487827179825	bray_curtis
-0.0031804659264034196	-0.05349961919268842	-0.6266184290920203	-0.10216523957004964	-0.16650273544124383	-0.09067850352425855	bray_curtis
-0.050553212782348034	-0.016321359153408377	-0.27569499920328666	-0.11224992384314603	0.01658391261171832	-0.042451952995857134	bray_curtis
0.0961533164427757	-0.11303664316264017	0.055305785069575286	-0.008769082808621098	-0.24981253924118785	-0.21130376006809581	bray_curtis
-0.008621432688099784	-0.03413190671236288	0.027288731204397676	-0.049685570936983225	0.005571809814280404	-0.6021331196785626	bray_curtis
0.032213831878245	0.01564119700007416	-0.7173946238898545	-0.07702797983406118	-0.09029260251390925	-0.2689629600253809	bray_curtis
0.0801779121314431	-0.13749499189163394	-0.03801723122360978	-0.2618293013365378	-0.0738302531312951	-0.8450435825738738	bray_curtis
0.07586355434709091	-0.0012145985401461612	-0.01115635864987996	-0.02783435345316687	-0.04910149222139926	-0.1249820171883469	bray_curtis
-0.04072191729239183	-0.2589162785414063	-0.03290837558144788	-0.07219811416181798	-0.02847272066506168	-0.041652649285113474	bray_curtis
-0.060326160515388416	-0.02481058131939884	-0.48284281719163524	-0.1018392333323841	-0.11716063222992879	-0.19852431328695275	bray_curtis
-0.027168709173330363	-0.04557008998979484	-0.10575207984447554	-0.2463451805637844	-0.07414669304691923	-0.18371915132318906	bray_curtis
0.03906747432987712	-0.08802469135802471	-0.03344820398940351	-0.09004932336182314	-0.14815686771414094	-0.3786545820953222	bray_curtis
0.03149744692759171	-0.013544147061624878	-0.22723339762117734	-0.09884701351110325	-0.041545092838196185	-0.3166347022485212	bray_curtis
0.029815373064675077	-0.13528591352859132	-0.3041692578959476	-0.11984084592079292	-0.06763776473973282	-0.2634660599379022	bray_curtis
0.038184146890333004	-0.0005666985036612004	-0.018941925296679152	-0.19530820314626296	-0.010956759443339958	-0.03249515260491731	bray_curtis
0.0885549349587631	-0.01380281690140861	-0.1504893335754982	-0.09460996264009958	-0.1391642260604995	-0.26442236125201046	bray_curtis
-0.04942764811539102	0.015072463768115774	-0.3385060587654056	-0.27813882909468024	-0.1063814919894599	-0.0860762170799716	bray_curtis
0.031491929575557354	-0.0078949494949494	-0.27309030762606534	-0.30840454741379286	0.0051383657772667846	-0.01588766760196325	bray_curtis
-0.014893574728383818	-0.032092635479388676	-0.3727103985080207	-0.07619001030635242	-0.06327795080404264	0.0067007921528309256	bray_curtis
0.009612009566653312	0.008772398017537153	-0.10648055641653009	0.05839009693476549	-0.07229990118577079	-0.04153743379300456	bray_curtis
0.01343204810708054	-0.012542630937880439	-0.12914368266237353	-0.14959850613276626	-0.021549376631535333	-0.08773168956576605	bray_curtis
0.04665740014147457	-0.08567968407196136	-0.2633805945506926	-0.1320543016028788	-0.06648572664359853	-0.046073100858239346	bray_curtis
0.06376310685507602	-0.008997801839941477	-0.11589298290844274	-0.1419999663362006	-0.013454021247480075	-0.35698663686826726	bray_curtis
-0.0018018125971952514	-0.09208097861077369	-0.5131501407887513	-0.29941851306382294	-0.12908530951647657	-0.07931453226962537	bray_curtis
-0.03796115100325825	-0.13337365591397843	0.10901175532065044	-0.09097761447246211	-0.0384941305942772	-0.10264401338397566	bray_curtis
0.040174894880567025	-0.00922349231375641	-0.01818155757455142	-0.12959065137051473	-0.1436508621330912	-0.12781771435854128	bray_curtis
0.03725284785301186	-0.011697909156452857	-0.36016503338369854	-0.3665052243003242	-0.0058664236979271145	0.016293432790686402	bray_curtis
0.02724766795311706	0.0021054481546568526	-0.14045698058660339	-0.31075069432030733	-0.1875047231507052	-0.050846664034011946	bray_curtis
-0.03705659593959565	-0.01555085672621237	-0.13696949062423025	-0.14322140062733002	-0.065284859521332	-0.3730488240354495	bray_curtis
0.03689009199545501	-0.0756844626967832	-0.11939473601998984	-0.29565999554321576	-0.3279950712902657	-0.04469155312301232	bray_curtis
-0.004665618610123046	-0.011232032854209706	0.012278263295162795	-0.18265546431644442	-0.2995066195411251	-0.14158446908137146	bray_curtis
0.11690340094125429	0.0362107542403467	0.044875177617458184	-0.14843038498100913	-0.07953756201275697	-0.319473876670056	bray_curtis
0.04230483753546732	-0.016972356296621305	-0.07823761461790801	-0.4748968293910416	-0.07548073180225745	-0.05115806293407599	bray_curtis
-0.06047061926110597	-0.06570837312957667	-0.08642836136035337	-0.8532590803363758	-0.012882169117646836	-0.1742338856770178	bray_curtis
-0.025324568983776885	-0.06851668596694371	-1.0881577906362843	-0.23660203319820527	-0.16806598407281004	-0.0824700293353533	bray_curtis
0.0682864385006049	0.016602144133412877	-0.09505405672385447	-0.21585186200780582	0.0012900853793049727	-0.09479020601183041	bray_curtis
0.05194610747854522	0.0011312573906187007	-0.13119917017702165	-0.1189533091207653	-0.03213895737935846	-0.25594876923592946	bray_curtis
0.031567888841299574	0.01589963280293738	-0.09629370126230885	-0.052944853011161586	-0.9481485859012235	-0.05008461597524683	bray_curtis
0.05443213516805501	-0.027544269963247547	-0.1856607267613084	-0.05142791398690716	-0.013998360986733127	-0.06620747939063376	bray_curtis
-0.08455133103405554	0.00858819693511581	-0.18473124436420774	-0.05244367744084233	-0.4700253387960922	-0.3156868597088973	bray_curtis
-0.004161496916142315	-0.08267683448758878	-0.026504034819542444	-0.053539467450014255	0.04840068890068361	-0.2252348758450906	bray_curtis
0.00604058101708993	-0.032196386149305534	-0.22494599951277405	-0.2690533247801894	-0.0465703764320784	-0.11578897616666284	bray_curtis
0.029047500293833406	-0.03618324391250494	-0.2712477891641609	-0.13285300348141593	-0.033727044599064726	-0.2522293292345297	bray_curtis
-0.03314586467492253	-0.13175743401269657	-0.06550938793557237	-0.05116037922180516	-0.09649235951363799	-0.3071456616025592	bray_curtis
0.020929552947647645	-0.03134822167080231	-0.5130210476902375	-0.015894338886478065	-0.021661265726267587	-0.09402965118251472	bray_curtis
-0.006494234509429875	0.03929577464788736	-0.4335210907261182	-0.599808973584101	-0.1697389016893498	0.0007215706272308831	bray_curtis
-0.055465114607272215	-0.059879518072289084	-0.013695096925119277	-0.1702392745350767	-0.20649773008666972	-0.17698206340378198	bray_curtis
-0.0671066870279513	-0.031116054875788057	-0.26102451397523385	-0.04657675140694728	-0.0907165808444903	-0.1118541151673973	bray_curtis
-0.0017068307897980528	0.02092084639498426	-0.3588585055829485	-0.1679766962169753	-0.2121905339070358	-0.1666615982213593	bray_curtis
-0.04893497877141639	-0.09400764481035018	-0.4955798544900585	-0.060132480549110134	-0.003318758664817789	-0.33287808390317286	bray_curtis
-0.0142472649406864	0.07505754276827381	-0.23082540996312195	-0.12022933478667475	-0.24903455544200304	-0.17321007272798083	bray_curtis
0.0759403453463181	-0.02284223861688628	-0.672625136378399	0.05187021051208074	-0.048935356673437846	-0.07974864700966688	bray_curtis
0.05242174436314451	-0.032298732442617384	-0.011176136467125453	-0.05849015033696214	-0.36307789358200737	0.06241228484838923	bray_curtis
-0.005591538185318434	-0.010891071267681962	-0.06952648114259352	0.024919832264430397	-0.13093630546784096	-0.2100369609209165	bray_curtis
0.07260174185397428	-0.15096389137570854	-0.17788786375487686	-0.5140066509254102	-0.1203366649132036	-0.1578168465971168	bray_curtis
-0.029585439230388255	-0.006179946626001076	-0.06343045593572039	-0.1999372829507413	-0.06191344946143795	-0.1360224616208452	bray_curtis
0.0220675293727306	-0.003603573792190673	-0.07300761565109126	-0.2811704519354783	-0.023813097987462895	-0.03837092111376461	bray_curtis
-0.09989957448327225	-0.047657328461226056	0.005663397785833801	-0.25116248153618903	-0.06248458564837289	-0.31868512415628336	bray_curtis
-0.004301427464250995	-0.008651218062982968	-0.08921401098783543	-0.19315403011105037	-0.19174434779950156	-0.011591180696765013	bray_curtis
0.04702906239061022	-0.06493360302523965	-0.0946361728183236	-0.3160356608711907	-0.2629168591224016	-0.20456517369960459	bray_curtis
0.011411231802817445	-0.0873595458719425	0.0820059591917549	-0.2240642299417408	-0.053425720620842165	-0.14021450315859862	bray_curtis
0.06853415463311419	-0.028588235294117803	-0.27475504645506055	-0.09645139749873088	-0.18825995807127915	-0.20458689441032285	bray_curtis
-0.02057721258085854	-0.17317417876241392	-0.3166793318383616	-0.40853530295443163	0.014245490643594705	-0.29808482853255236	bray_curtis
0.07942094758905738	-0.014353536177502457	-0.17491298510189912	-0.021741510516729123	-0.057919564753573516	0.0371605345996886	bray_curtis
-0.04519238025699979	-0.127294117647059	-0.21852880510812467	-0.18974965297919955	-0.024839995570811846	-0.3670721239637691	bray_curtis
0.012237566655611931	-0.04102173084254668	-0.017201253844977504	-0.07979615761264847	-0.11848338667168679	-0.006657321979673503	bray_curtis
-0.03692015211807198	0.012320588486870121	0.002961550999187712	-0.009906652501402657	-0.40342835225529283	-0.0166644366266131	bray_curtis
0.021200325213716953	-0.0761843107387663	-0.2956079583052065	-0.09019018439741111	0.018367033529562482	-0.16091271005014773	bray_curtis
0.02984291833112196	-0.10618723964042975	-0.0952839340305669	0.05064634662261547	0.0026202174788565458	-0.35380842419360103	bray_curtis
0.04115455303199833	0.053658727825149244	-0.07514848182540912	-0.47217128263028285	-0.11200127064803045	-0.10386357617217801	bray_curtis
0.012059092547333505	-0.14343440408285768	-0.045847901806921776	-0.21455666544477037	-0.11532761578044615	-0.2445123873007522	bray_curtis
0.060447463464143314	-0.005476812540822662	-0.09296033344320098	-0.036694939828911366	-0.11376104746317495	-0.12025625722434263	bray_curtis
-0.015097402736639731	-0.018959079478777507	-0.005888438403474083	-0.08498378536537765	-0.24792902734672317	-0.1717888719894367	bray_curtis
-0.050707521799881805	-0.0320689655172417	0.10873869610994735	-0.15661731167327497	-0.1427793732051441	-0.11648187150789413	bray_curtis
0.010933879049224715	-0.01269078747339658	-0.17632468916844757	-0.24883646893348677	-0.09702844443239877	-0.0921526698983699	bray_curtis
0.03250566968991497	-0.003731309975451902	-0.10790955450920059	-0.23923147034774672	-0.3104	-0.17982418434325131	bray_curtis
-0.0416900241018614	0.028719869706840262	-0.03907122581585609	-0.1765083014731439	-0.19946289344499002	-0.12236109986538901	bray_curtis
-0.022153159724053184	0.03233277518286792	-0.1625853002082911	-0.22928742590853868	-0.12227033999815684	-0.11531753391940636	bray_curtis
0.08792825247136582	-0.10663552181530012	-0.12266564045793493	-0.07061956395203794	-0.17694105070250465	-0.009120472543165503	bray_curtis
-0.02427680087609252	-0.029040934524393824	0.028694822964639988	-0.19427071063996837	0.0034152235199358394	-0.09500316992671887	bray_curtis
-0.10140910361590327	-0.11455184534270613	-0.20733162714219633	-0.1523019799879486	-0.06160013023442201	-0.46764680017085847	bray_curtis
0.06389892299179034	-0.08165836844121	-0.0042637480680614015	-0.06285052578868289	-0.011219328993490096	-0.2577658954241826	bray_curtis
0.006389139340553962	0.015078555821454565	-0.06629578361643618	-0.18694111232279131	-0.1415547612969108	-0.012773724185621393	bray_curtis
0.03226835148337592	0.03631620243232658	-0.3423003214297089	-0.151888818555862	-0.01927554004339216	-0.10007099332386771	bray_curtis
0.0027455098459536753	-0.03072011769032712	-0.08336899525229002	-0.09061503439868801	-0.09137434408842293	-0.018040063435719178	bray_curtis
0.034984499036355365	0.009110575052524883	-0.4927618997946621	-0.1776840719859616	-0.12110351940183062	-0.16873410894521945	bray_curtis
0.020467257146890794	-0.011134129213483224	-0.0813131675078198	-0.0860579746190433	-0.10830246519351139	-0.2044049597112787	bray_curtis
0.08477867215064194	-0.022771379745894826	-0.1060516412953616	-0.1268997223316457	-0.048585931834662865	-0.18386954942555156	bray_curtis
0.04302786091670263	0.001863141524105827	-0.35402603344730466	-0.12871361552404292	0.001606725456863467	-0.3191243232503851	bray_curtis
0.008005790991038708	0.04486792753970148	-0.07836190084223849	-0.36664279619848017	-0.10397742710837066	-0.07955015737657622	bray_curtis
-0.02042381248453884	0.051314481044126836	-0.6407383651968368	-0.44206272528396484	0.06315389747010858	-0.10684758066217936	bray_curtis
-0.15240147821047723	-0.1153849099961699	0.03535178972846342	-0.22675757396098883	-0.1465626773619888	-0.0040555167966849215	bray_curtis
0.06390695040732342	-0.09067861507128305	-0.7230535117939807	0.00017032232056113372	-0.3023924731182799	-0.07675339291625294	bray_curtis
0.01137965404696839	0.028363694216848367	-0.6140602259831958	-0.14610576923076946	-0.0013523280397260695	-0.14966447234442448	bray_curtis
-0.03680993984887637	-0.02542503346720193	-0.05783720799212855	-0.1566882929642448	-0.12404153423554276	-0.06402877115764305	phylo_rpca
-0.02202376324335109	-0.13599609215989572	-0.07890154765551971	-0.07601814292834219	0.04265097311935606	-0.09683674086219884	phylo_rpca
0.011062093792226113	-0.09142127659574473	-0.09907385419797698	-0.18698717278854704	-0.1492107963145437	-0.12741845610579894	phylo_rpca
-0.027003284663940752	-0.1697612359550562	-0.1892908307429766	-0.130636275722122	-0.06948372117291002	-0.18376466026945737	phylo_rpca
0.004482388467051623	-0.15218241042345326	-0.33402078249994616	-0.27872185923912784	-0.034105615516201615	-0.13581627493730974	phylo_rpca
0.05559621480482013	-0.06827586206896541	-0.14723988127708076	-0.019169583889710795	-0.16427512772522634	-0.22275656701768454	phylo_rpca
-0.06459913511019288	-0.04377442603462356	-0.12810587562655895	-0.19442518248175178	-0.0012793436670532898	-0.3755869273272061	phylo_rpca
0.02431947889227981	-0.07834224598930462	-0.10601675504068431	-0.2648188223150414	-0.01353976625790132	-0.22958099150267652	phylo_rpca
-0.12792475399125203	-0.09809034352177437	-0.09032747845527189	-0.12018675455116146	-0.052769804497683426	-0.2091402216782985	phylo_rpca
-0.01315021828377727	-0.10051615168539318	-0.029335072029126108	-0.2628632744166488	0.04025327360441089	-0.14413497093850092	phylo_rpca
-0.004291823271110662	-0.09554984583761561	-0.08934755544607609	-0.14043020387352212	-0.011846733195254755	-0.27844704678113086	phylo_rpca
0.04268782001215399	-0.07955197630287869	-0.13870824136257442	-0.15659296859031135	0.0061863130594830285	-0.44086595675148965	phylo_rpca
0.04567189567635144	-0.08937007143519793	-0.05909250879770056	-0.09952745148539277	0.045281862745097934	-0.13108515730169001	phylo_rpca
-0.02598452857322031	-0.10486744759556088	-0.041051872630549324	-0.13775394754791592	-0.15378326421550237	-0.12247491826566592	phylo_rpca
0.012510706876620925	-0.08583707993598999	-0.041486525335140634	-0.2783368112698308	0.031021020363476426	-0.355871436109241	phylo_rpca
0.0009958020974135673	-0.06952996212965035	-0.2779418938702194	-0.20282880551962057	-0.496350309064056	-0.09941520625505484	phylo_rpca
0.01674764807670026	-0.02017972103004273	-0.021298882570174538	-0.1400423811712035	-0.12762538480254748	-0.5981700134412575	phylo_rpca
-0.007687424777861107	-0.07384534270650267	-0.08842256562095341	-0.13065829453691502	-0.01825611779344638	-0.24780589778423168	phylo_rpca
-0.0016591298154498002	-0.09759299084030304	-0.15985918693773638	-0.2752478931153888	-0.3104629156010228	-0.1227182758699441	phylo_rpca
0.0062705178405129125	-0.08515004286939143	-0.32628532022034107	-0.2800027448551561	-0.3064884042741354	-0.15726169072192242	phylo_rpca
0.01907281959052498	-0.09619780971937009	-0.08549354006276633	-0.12360936290992597	-0.08324056665646462	-0.15360952296704578	phylo_rpca
-0.05105119994648866	-0.037054631828978835	-0.021947849629576854	-0.01520342411937059	-0.020995642480746035	-0.41001415787876394	phylo_rpca
-0.1272526710364843	-0.016740914419695274	-0.06925080126067606	-0.2913357728472832	-0.08536888100816942	-0.23586436598233895	phylo_rpca
-0.04378767006508144	-0.06448835383407481	-0.03928952944256703	-0.15731311385768731	-0.12151357827476028	-0.09532470753373312	phylo_rpca
0.005627967787204313	-0.034021012416427965	-0.09620532708839069	-0.27935846564369116	-0.10732309481129776	-0.21790457755904713	phylo_rpca
0.049226760248920254	-0.050650003810104094	-0.07920456247858598	-0.1867747628982792	-0.07958925402092354	-0.34407037378245686	phylo_rpca
0.054041337589151195	-0.18111990842316117	-0.1168214193281687	-0.09491960469834937	-0.09513073276600603	-0.17102353330687592	phylo_rpca
-0.005507124271631136	-0.23604992657856072	-0.19355103243257732	-0.029520459123973053	-0.04823143308617972	-0.15047619921248812	phylo_rpca
-0.015307898745056558	-0.0721306252489049	0.014634470125590604	-0.23067294801562532	-0.057589624826308805	-0.2872179055206543	phylo_rpca
0.017203652699684158	-0.12959536691305318	-0.08864068449455886	-0.1869913719780565	-0.035926513278142114	-0.07757882118459247	phylo_rpca
-0.030096608152670123	0.028942823108993654	-0.1143545902918317	-0.18230705653774937	-0.24404999999999966	-0.11561447169168981	phylo_rpca
0.06244176850568217	-0.1346666666666667	-0.0635799083110904	-0.0939292418535298	-0.00011837828340421908	-0.04924455705705677	phylo_rpca
-0.10644654525383124	-0.1489725260528807	-0.3380536624378834	-0.16153130500377166	-0.1296909676649567	-0.16625036475418042	phylo_rpca
-0.03161874716666491	-0.10933309300648886	-0.09618164722462863	-0.13590649694606438	-0.09581482950039666	-0.117917469073342	phylo_rpca
-0.04892656987520816	-0.0361011927372179	-0.38237422209900274	-0.07185843928262114	-0.05813185562787315	-0.30320726361679995	phylo_rpca
-0.0021648747807090363	-0.07629960978395367	-0.06310120853555268	-0.14378276994562333	-0.15647960067233724	-0.3115453926475844	phylo_rpca
0.02202238819525193	-0.012706968433591426	-0.12048488977464511	-0.14922912955587142	-0.041985628718240076	-0.22097283864606898	phylo_rpca
-0.06510538159105739	-0.06633386380768913	-0.05546747448712819	-0.27192980741464723	-0.008767212428971494	-0.07633499223350548	phylo_rpca
-0.061616091902882086	-0.031422193877550963	-0.3651008569765999	-0.30469559017830283	0.02751658698409576	-0.09938029680369675	phylo_rpca
-0.03788000807263936	-0.0028365553602811566	-0.05790061304724481	-0.22628403124718943	-0.10684062414203344	-0.34659124085084136	phylo_rpca
0.017008988815311765	-0.18107467057101023	-0.15709054622390362	-0.32417895271987773	-0.27672144012175415	-0.3709911331529905	phylo_rpca
0.002900437201182049	-0.03338561899875403	-0.2509418661692959	-0.14604930808083072	-0.11624680540343224	-0.12968153309945385	phylo_rpca
-0.0017943483375535418	-0.11184189018500623	-0.12673382206920492	-0.1599877149877147	-0.16148413132492734	-0.19365189251567627	phylo_rpca
-0.044868317363234045	0.00794193709852331	0.0035884265012018357	-0.12712898820362573	-0.03378447178616906	-0.31021182306066053	phylo_rpca
0.009444964435496583	-0.1247138150333309	-0.0809543790405598	-0.3295514526626553	0.08301297464047552	-0.09552826719226948	phylo_rpca
-0.021335584049801737	-0.11387924801156912	-0.16735789397789103	-0.2186644009548151	0.013922500000000726	-0.05450362138931242	phylo_rpca
-0.006427609307734894	0.03417897055224728	-0.13968479114469434	-0.2620292538222937	-0.16458172047907493	-0.11200929548912497	phylo_rpca
-0.07755609023432486	-0.05617359413202916	-0.04300686133651466	-0.2311353815013517	-0.22280286860753007	-0.3096080608262681	phylo_rpca
0.008419950654587671	-0.09908707865168531	-0.052058892359249986	-0.253582076016855	0.050775543331229356	-0.30065956141775163	phylo_rpca
0.03031155940706387	-0.065308988764045	-0.02657809838620029	-0.0642689699481307	-0.09642831625891679	-0.09104690920624048	phylo_rpca
0.033548616421038235	-0.11600686856072451	-0.08092090453386236	-0.21552337107361574	-0.05131814293490922	-0.09969932158064498	phylo_rpca
0.011283614066260439	-0.05743990009366229	-0.09864881454909868	-0.10284201324100595	-0.025183274021352453	-0.30219592185940436	phylo_rpca
-0.04450345751959861	-0.02686419753086433	-0.054168587025088755	-0.07014347785565755	-0.03659236709843494	-0.11796076185347526	phylo_rpca
-0.061564521883910484	-0.1029900854029644	-0.3477347156674302	-0.350338645074038	-0.13326557146984785	-0.06160502572413762	phylo_rpca
-0.035459345026963573	-0.07353392692661953	-0.023719821974099053	-0.31739007220294213	-0.08993539416749563	-0.10629130007342269	phylo_rpca
0.02016688950254686	-0.09964857170904073	-0.13647226150448644	-0.13761897794418299	0.015038144006688015	-0.4421830012668433	phylo_rpca
-0.04041044992699905	0.010428822495606282	-0.6260357765405917	-0.09823348623182393	-0.1079929813818199	-0.07765981013807455	phylo_rpca
-0.020118530721755512	-0.12662921348314615	-0.7888266266738464	-0.19321475770925134	-0.22053834270265638	-0.1041818297626389	phylo_rpca
0.016352545804829588	-0.06739308505571961	-0.26478425035384423	-0.33642686825182744	0.05379601011520052	-0.08642695840580972	phylo_rpca
0.046966564403181255	-0.004320182588848809	-0.11809205956228319	-0.30369656414436474	-0.11702733862222492	-0.31461349656967097	phylo_rpca
-0.02690169110815921	-0.055346567967698324	-0.13099605099824196	-0.22208852709234317	0.017185782190555776	-0.1609587918342572	phylo_rpca
0.062216903906019416	-0.0539581589958158	-0.07912793908810656	-0.3265039840061934	-0.17170444551285802	-0.08723839521290677	phylo_rpca
0.017889788169111354	-0.1296361815754341	-0.13032878589974395	-0.31186043057127777	0.030889799154334208	-0.3179332763436269	phylo_rpca
-0.05532234334226804	-0.09622790600956521	-0.18537605110737232	-0.22142319294448165	-0.06743896103896141	-0.09937591150661262	phylo_rpca
0.035769115363863624	-0.06815887850467295	-0.24517304245465987	-0.06352393350690977	-0.1266662730836443	-0.9969123447168287	phylo_rpca
0.030433338738891313	-0.11431539743212782	-0.24567830454769157	-0.31867385464314246	0.0014382117675542094	-0.38589729461083055	phylo_rpca
-0.10182201216246956	-0.07061477552849782	-0.051197127899597294	-0.01335650524344878	-0.06724900010255341	-0.08958445068857546	phylo_rpca
-0.005440309135140264	-0.0597612652939421	0.002796643367442453	-0.37862747498880056	0.09700028843380426	-0.07891860391860361	phylo_rpca
-0.02188007346398879	-0.05335504885993503	-0.12001402818470996	-0.32408022355429056	-0.09407749992409942	-0.39122782581303417	phylo_rpca
0.03386726887677605	-0.13607371654234335	-0.13547415697212717	-0.14955614957553687	-0.16078362142321945	-0.05009624414786584	phylo_rpca
-0.04039722246353339	-0.06816834361138202	-0.1385787254716131	-0.1770657460660381	0.008554794520548192	-0.4701874430264359	phylo_rpca
-0.03598460993978736	-0.06438356164383552	-0.054916561218084414	-0.13140421384144063	-0.06904114588085042	-0.12314292147918726	phylo_rpca
-0.02303829681742786	-0.04455576731100841	-0.05692465704169014	-0.1980903184017162	-0.12958477586439465	-0.2476267339784879	phylo_rpca
3.974284501662151e-05	-0.05613206842459095	-0.0578994725536881	-0.11255896335485294	-0.12090494929867246	-0.3693866208415033	phylo_rpca
-0.024491329572875475	-0.11295688065337672	-0.5208100251336809	-0.2627024083983427	-0.11328937007874029	-0.13173447826981732	phylo_rpca
0.03062412721135699	-0.06355388431074482	-0.335392502382835	-0.08567898832684828	-0.1982590005373457	-0.11637803575415773	phylo_rpca
-0.1379173581098001	-0.0209124368740905	-0.5260817524845471	-0.12839876895450142	-0.17045137960852141	-0.05003215894974389	phylo_rpca
0.04003141411006894	-0.04804977008385136	-0.20261353059972032	-0.3555338388203555	0.01849347060951978	-0.2852341693560878	phylo_rpca
-0.014188038751643095	-0.1403896103896105	-0.23956006202781865	-0.2206241168364973	-0.3524723378835024	-0.11860134286883084	phylo_rpca
-0.06175754041458159	-0.08821120860011034	-0.0169885777480141	0.023123140815939802	-0.0438517294965286	-0.3155944808092086	phylo_rpca
-0.09680121479845405	-0.0017524257571301938	-0.25084701900192763	-0.34097960990220355	-0.061643725509896496	-0.11632630620901074	phylo_rpca
-0.03395419840481151	-0.012189586114820017	-0.1589515671490176	-0.3991205581920745	-0.07771080014352316	-0.1534451791589555	phylo_rpca
-0.1264007401749241	-0.1245117662969979	-0.005802681467144133	-0.1194084153019479	0.016830050389372242	-0.1506675735916554	phylo_rpca
-0.06881515017744122	-0.034702567313712906	-0.044738707158203495	-0.2057373139408658	-0.09484910259251067	-0.2482397433866621	phylo_rpca
-0.014366645182381621	-0.08209888564318968	-0.22718460581191913	-0.18609969584462593	-0.165424581005587	-0.20416229765013028	phylo_rpca
-0.01148145930057387	-0.06102560112053523	-0.15928231751352984	-0.11778318414645583	-0.23049791626284177	-0.08591509519905238	phylo_rpca
-0.0038197405287663244	-0.014758086314082375	-0.03537006004779486	-0.1398233556544053	-0.1406878055110956	-0.18046538440467952	phylo_rpca
-0.011518864396134587	-0.1621529866781264	-0.206200315068374	-0.07265499491561478	-0.054274508949483824	-0.1424633731265319	phylo_rpca
-0.07726281069957364	-0.004192491811539245	-0.09445101984009274	-0.19744617993021674	0.03176473470187646	-0.15987690504103247	phylo_rpca
-0.10240709567372797	-0.034154613466334194	-0.10583444194287095	-0.2684436652119957	-0.27892468437091855	-0.08479969005750565	phylo_rpca
-0.05745742695175471	-0.13308061420345463	-0.24494391701202778	-0.2616460606060609	0.01904071646200689	-0.1092396583640336	phylo_rpca
0.04715753143041568	-0.0254361932227829	-0.32884973942826834	-0.17411872479950374	-0.18234913063796188	-0.04755812249000679	phylo_rpca
-0.011439094426747287	-0.08759100728058256	0.024831476989740642	-0.09352253510397879	-0.12375469903528247	-0.12506570224453029	phylo_rpca
-0.09733021266263564	-0.07900398037582157	-0.3481852876129885	-0.0902731486609405	-0.0535177463642833	-0.18159661260973037	phylo_rpca
0.013491761424496262	-0.15391151685393267	0.002466619349372423	-0.13525764151562192	-0.11377574370709387	-0.5498128741703479	phylo_rpca
0.004940934306938982	-0.04611930605807579	-0.14010997890702614	-0.34372396657436677	-0.08315180882110029	-0.40249133894553224	phylo_rpca
0.019272895066620666	-0.03793687451886063	-0.19213036122259664	-0.2204934645687069	-0.04982729816870046	-0.008574236300477489	phylo_rpca
-0.05305363203251945	0.007554575188255752	-0.15714017329625007	-0.11312822108641973	0.032932644214738516	-0.14938741761985685	phylo_rpca
-0.10950085453509661	-0.1280063719633613	-0.1569631766545614	-0.2451128507589131	0.031690063170560445	-0.1385268259929915	phylo_rpca
-0.02589451446567681	-0.17863951707361014	-0.26641548091749123	-0.06908424908424915	-0.0392032597318448	-0.18488818769911886	phylo_rpca
-0.015595458119071814	0.012451010886469605	-0.0009050201513540745	0.03735565113088335	-0.002172469405179678	-0.08900245569788279	rpca
-0.0871291012111104	0.057111959287531655	-0.07464254784056767	0.046040222817043897	-0.1203486222116188	-0.09085344238353832	rpca
-0.0024489936423899294	-0.08023065141003682	-0.2734739541200437	-0.4938812709030098	-0.3349789798206282	-0.13916613342640827	rpca
-0.0764442536213028	-0.10161075202626435	-0.04349573435289167	-0.1237207710151893	-0.04522448979591864	-0.16176251010970333	rpca
0.06474806657845789	-0.031245810055865686	0.025311864112338767	-0.09677289101777409	-0.07879584487534608	-0.29664452380038187	rpca
0.024926747134770277	-0.0637500000000002	-0.037554076743933074	-0.07062228024369022	-0.2627232807865181	-0.14592916415424795	rpca
0.015760129139785195	0.015212877416896697	-0.0631283161886409	-0.04240858382398516	0.006978010132586032	-0.03879178458386412	rpca
-0.06631733209190149	-0.06626380210562344	-0.09169796916579798	-0.13788041864083156	-0.21148597253778534	-0.093129906262994	rpca
0.0631245381874953	0.0440694006309148	-0.05244986268532892	-0.15742114394681428	-0.05523547284466357	-0.2220736297478867	rpca
0.02909081190191387	-0.02636192861615516	-0.33821195212735744	-0.264526787204695	-0.10837335802326242	-0.2876877585287778	rpca
-0.009718752955633736	-0.07853333333333312	-0.06653034596964114	-0.24426918048937574	-0.008089219330855046	-0.15023460186592907	rpca
-0.021194010940061903	-0.18956427251983055	-0.4729939510565777	-0.0028094747682800847	-0.09867291931454591	-0.08935069206331403	rpca
-0.07639589719038087	-0.18286052709505518	-0.6559002919218191	0.021256441408493698	0.028649290036783515	-0.23563276524571775	rpca
-0.08865961436915581	0.1254978540772531	-0.014920516404153483	-0.2640121608691628	-0.06930259054075227	-0.21325958350903962	rpca
0.003022017648236841	-0.09510425985823434	-0.05421507588772778	-0.10416653972831824	-0.1868535031847134	-0.15390808079197837	rpca
-0.12424411172059435	-0.029151353157366833	-0.39530419313533005	-0.06470113220113194	-0.23581495098039196	-0.2997342387411914	rpca
-0.029347386921332985	0.03131321574855839	-0.06693468403887937	-0.33919603360150385	-0.04165191797160506	-0.09468133925287092	rpca
-0.04119450017027737	-0.023225505443235095	-0.6013525491068692	-0.07450547423955922	0.027721846398726768	-0.4471435173543383	rpca
-0.05523350911530667	-0.03248034591195004	0.01307078651625393	-0.09885469398687552	-0.07771647865462383	-0.029118860255101353	rpca
0.01013177416289901	-0.06291805463024636	-0.03489025559479075	-0.18266972749615173	-0.16002901219773702	-0.07666665612988122	rpca
-0.054791228874314424	0.00025438663703925	-0.1482739196436027	-0.4672337453791213	-0.10358247422680411	-0.004505749889811117	rpca
-0.08965965514417618	-0.02194592790387162	-0.011880662895053629	-0.09870919070428386	-0.039570198028594294	-0.16561970170151707	rpca
-0.042332301799259175	-0.0035953671759487715	-0.03547808718281842	-0.32488101414795856	-0.10645859085290477	-0.19473111058017345	rpca
-0.1114185758696149	0.03167087693973292	-0.011848005448926724	-0.02752886632436069	-0.15886785361958045	-0.27504729891074775	rpca
0.003727306501823624	-0.08829615819961378	-0.11703990068957104	-0.4563403684483376	0.004342220279720532	-0.04447644748237001	rpca
0.045670404180563784	-0.11753839724166726	0.01051148058107354	-0.09160578436363132	-0.6479497250589157	-0.11690315753691327	rpca
-0.0263546210932446	-0.04191548220929131	-0.09350236334013462	-0.2520270992486404	-0.147659505907626	-0.2959621916905377	rpca
-0.0367917393282815	-0.07631860776439137	-0.45934077012009045	-0.04226532826912632	-0.28936183395291204	-0.10575840053837804	rpca
-0.015542657063850385	-0.08057721829904829	-0.6457151938239185	-0.23666757262362803	-0.28845720432310573	-0.5928345320453334	rpca
0.039082925600619545	-0.2505310429998875	0.01669163014064634	-0.07611481715514312	-0.12587444584729623	-0.27965325732795177	rpca
-0.04836100274979782	-0.051012602449986844	-0.11792035243275478	0.011515323634180064	-0.35013881748071984	-0.46469490781387135	rpca
-0.027447365810439495	0.04146639511201622	-0.26440117776717176	-0.15507373752420706	-0.1668048809382776	-0.06477745074483421	rpca
0.007254139553071304	-0.007947064243236435	-0.06491267867085204	-0.15327152063379446	-0.2875746349967314	-0.08564622017907575	rpca
-0.06861402049537713	0.02509045992879444	-0.011368854531982331	-0.05442228951875383	-0.07665167762020042	-0.07147086771692868	rpca
-0.029616460967391678	-0.09526671675431997	-0.7904056980372456	-0.09781164217238891	-0.21080974306090172	-0.009252835602836074	rpca
0.07176366448988858	-0.030459770114942497	0.000827773020023459	-0.8406416101365182	-0.2202785397237048	0.03346894666953404	rpca
-0.005429951596133575	0.02301204819277103	-0.0836182999989461	-0.3485085497150098	-0.1321118227453697	-0.1063395481520395	rpca
-0.15324726968765234	-0.02811672070402982	-0.3990964607331273	-0.016262482197190398	-0.24350712960816123	-0.23057361181142388	rpca
-0.04209369441445365	-0.07730758544040017	-0.05104894527288262	-0.129171974522293	-0.0957076875486671	-0.0025007052844125965	rpca
-0.055046246323456005	-0.05142009640341105	0.043110435649320156	-0.06266951968540613	-0.23758794167741382	0.013454482885197683	rpca
-0.06544905716312943	-0.029853465947916158	-0.6864338432341737	-0.06252811721709195	-0.2108611825192801	-0.08654102391389995	rpca
-0.025493565277368235	-0.004091687739619987	-0.5219892258064109	-0.2002731500734114	-0.14510526315789463	-0.10608371029415409	rpca
0.02068836717638889	-0.050933333333333275	-0.045520468419736115	-0.05602170311394339	0.035793963254593164	-0.18397945845004715	rpca
-0.055798753414395996	-0.0732227883279295	-0.011081198354715438	-0.05647134670487097	-0.03484473447344727	-0.1889534619780593	rpca
0.02904322509849222	-0.17684980568467568	0.036122587599947575	-0.05423908584591608	0.016549125168236922	-0.16338274203778957	rpca
-0.0859803043867502	-0.02254113492254617	-0.0059513694962491925	0.008613548565747586	-0.0900426662463838	-0.07681257078142711	rpca
0.05134741548809285	0.04165465032444127	-0.0813965053035175	-0.03438078984711268	-0.40645498974297145	-0.1308051112489519	rpca
-0.12860625470673637	-0.16538433247517448	-0.06879806874056626	-0.03289291424405483	-0.0013671132434145417	-0.11974904412616616	rpca
-0.01202593726811041	-0.15129884956529382	-0.32752236323871897	-0.5270107858243449	-0.04544736976116526	-0.23725302700437645	rpca
0.04722462529886606	-0.08133705772811894	-0.08437554811617054	-0.16925142943123683	-0.13214222324670066	-0.046049455480294155	rpca
0.0483633012021053	-0.04072526606227833	-0.4725568753962921	-0.2652683645320908	-0.10583341912900202	-0.16586130870621263	rpca
0.0017399223724035018	-0.11146293245469496	-0.4477433423493622	-0.2138991046914167	-0.030719296802472096	-0.14031348285784295	rpca
-0.03939958646508823	-0.014157281363235574	-0.10447368262000367	-0.08233299692277174	-0.31371113340020096	-0.19716586021798665	rpca
0.011354196898492486	-0.03470038637161954	0.02420887140110073	-0.2929671076666922	-0.22687737041719314	-0.4263807600664691	rpca
-0.059903790465389406	-0.08324656543745479	-0.0611916509676913	-0.152606060193752	-0.014331953330824154	-0.2503390752128032	rpca
-0.03429719605997805	-0.010430754979156909	-0.00498101811140228	-0.2558351159823886	-0.0947213190896421	-0.02552818645663013	rpca
-0.05186242682697251	0.04653131501542407	-0.4387576104517805	-0.2889751819018147	-0.3653996868404932	-0.10981096040167859	rpca
0.0027665108940246874	-0.0035175414236783276	-0.022246898685308603	0.020296404247528432	-0.006964723200672651	-0.2877206080663477	rpca
-0.02445204625513342	-0.1304668024439919	-0.02103841993541722	-0.3457968448164839	-0.31091144021469086	-0.04195822250356618	rpca
0.01144247211983529	-0.07622525070712283	-0.041176163769506724	-0.08128444619954345	-0.1003586669675176	-0.2837662747688565	rpca
-0.11273555177499262	-0.09614062020264025	-0.07123155566969053	-0.08215839379858325	-0.09100724667017501	-0.04371129417515918	rpca
-0.008587524432697391	0.0820113398985377	-0.32566374506003504	-0.6568355341339371	-0.16189772788311751	-0.07905866133590744	rpca
0.03818419499252346	-0.12059431270294207	-0.28004832178631656	-0.08281406368716615	-0.2315074921192406	-0.5552834701309988	rpca
-0.07588197222614212	-0.03155224703611803	-0.08515658093137879	-0.04731323200325521	-0.6181614182277906	-0.1119448830015275	rpca
0.04950939960850642	-0.10845761926817987	-0.053569709996987624	-0.12095921097588547	-0.051246454440319056	-0.3281416597116016	rpca
-0.047672214990760464	0.0007462686567165644	-0.3302986446571199	-0.16258850597412877	-0.26845160664013146	-0.2704765936560525	rpca
-0.032684562316052546	-0.03046004381369638	-0.4428228910351004	-0.18528055139867128	-0.5190923236514526	-0.3177980284312938	rpca
-0.02625322238682326	0.033973305954825284	-0.0709990191033174	-0.12731015392210465	-0.10829801324503308	-0.1381814327221167	rpca
0.07077275549730089	0.045198782762344014	-0.0389469202405488	-0.16837087741432177	0.02686698685335165	-0.037179104283803444	rpca
-0.0860777054326427	-0.012807336778513756	-0.047643271008939614	-0.0004411193691111759	-0.06342165226484675	0.03769870471497061	rpca
0.05922013314986252	-0.029785457884631494	-0.004391472569582167	-0.16196852966353625	-0.0430192307692312	-0.029479964195580077	rpca
-0.04421674575300116	-0.17347595762021184	-0.07613896074031512	-0.07615242807329992	-0.22524110925797425	-0.3578408122924228	rpca
-0.06575363555132263	0.03427265107063937	-0.024653405550919105	-0.14312791045613493	-0.053541456864719894	-0.14325645807730614	rpca
-0.10572317104189155	-0.040000000000000036	0.0034355150758786923	-0.10891296834328812	-0.21413383925491525	0.014332189206205492	rpca
-0.03833248252277688	-0.01587296416938111	-0.06696136858137702	-0.2350767711695707	-0.08951005297032522	-0.13954791031215552	rpca
-0.10399081118736642	-0.013451136440278066	-0.035553933515526825	-0.18778866841979447	0.010390647347801596	-0.04921349674162867	rpca
0.030040824627329044	-0.021469723691946108	-0.08658130547352472	-0.2107598840087701	-0.11020501138952166	-0.11002203417641421	rpca
-0.09514455839361724	0.01881596421332221	-0.014554109830730244	-0.1259734923699527	-0.06279225008140688	-0.05292269732933175	rpca
-0.02544016803890914	-0.021231889442009155	-0.1257994757959724	-0.10045180922579222	-0.2913088916574933	-0.15873800641629043	rpca
0.0070269733830570225	-0.07910236089096556	-0.17187029505249463	-0.04854725621987255	-0.0878462080075102	-0.04017736290804441	rpca
-0.014339204770267733	-0.059883190655252605	-0.37292056269604235	-0.13825200378798264	-0.0298884742041714	-0.07126302240804416	rpca
-0.046040070964221025	0.01656633391754958	-0.4928253497210273	-0.08727462838907973	-0.09871266450821525	-0.06666973381141239	rpca
-0.016649657092205228	-0.037233874506362286	-0.33525224535485965	-0.11840351776134828	0.015714041680901847	-0.11243593879570346	rpca
-0.012642560512033274	-0.016712878860311475	-0.2221880113893866	-0.08670045236020041	-0.18307662170481964	-0.11638245755684506	rpca
-0.05383803701922352	0.003404566744731108	-0.09449906870988811	-0.056253340616038816	-0.0038336070680184964	-0.45961320407064066	rpca
0.06828654656235911	0.0023006650588319744	-0.28882656586661626	-0.3353387945257351	-0.059652880003798536	-0.033887466909767294	rpca
0.021066191303838133	-0.019213834193126722	-0.22333523056659055	-0.3109597403283464	-0.18699176580568322	-0.20368644402596936	rpca
-0.03312482305517994	0.008976857490864742	-0.37162055329770305	-0.06490209096715605	-0.06599434737923926	-0.20342974339239794	rpca
0.025689329352767465	-0.020638856212107592	-0.15182003657610066	-0.09178606719367588	-0.11408695240238265	-0.03955956356976742	rpca
-0.049030404596600574	0.04230418433474692	0.00707832434239386	-0.029100003451817402	-0.1410723295473657	-0.20145973827246144	rpca
-0.03825268405589455	-0.06905484861781486	-0.13869125699445628	-0.20772699347173385	-0.05112500000000031	-0.08502849429716353	rpca
-0.009131175506278844	0.0013966966096783384	-0.061125386373828805	-0.2830728836412666	-0.013991004497751591	-0.058552649015397806	rpca
-0.12086492604813914	0.011278348606868382	-0.028507984867695457	0.03638074569030436	-0.14045480031053215	0.005677795039860767	rpca
-0.013239294942783308	-0.039974074074074384	-0.02360036841696167	-0.07731226864093066	0.003826589595375629	-0.09059682745012498	rpca
-0.04613050063928137	-0.07142165456215044	-0.04499505957618544	-0.21687246071291688	0.020088473235644222	-0.09033612465302876	rpca
-0.050751838355713064	-0.03646769662921345	-0.3462636650385875	-0.14258976632728415	-0.15104825367122676	-0.28177323611962457	rpca
0.012223121735607578	0.019540769176085826	-0.08778398057744674	-0.09711453297523165	-0.04765600931092351	-0.558215668214777	rpca
0.06874486627548748	0.03508211117941484	-0.43174110222379714	-0.019992283149419254	0.0023883228840126947	-0.13435795293551767	rpca
-0.0199275726627679	0.008087873462214401	-0.11581919684728148	-0.014356206830608897	-0.0917511105775004	-0.35135167952130253	rpca
-0.039924093744563516	-0.02034836702954923	0.026046461217875905	-0.07830156400974864	0.037326252597552845	-0.07750000000000012	rpca
