Host_Age	host_deposition_frequency_per_day	CD4plus_Tcell_counts	leukocytes	lymphocytes	host_body_mass_index	beta
-0.24521014958423004	-0.2663185261707992	0.027016832895830234	-0.23234774998908847	-0.41634874919128473	-0.6768334692345228	unweighted_unifrac
-0.03108892842670441	-0.19347072745391136	-0.6306534660893972	-0.1357533324357072	0.11196174363149958	-0.4484213258338683	unweighted_unifrac
-0.18324655849370886	-0.32703085106382956	-0.7290733238126805	-0.09371864067632729	-0.39224920619268144	-0.6282066701015765	unweighted_unifrac
-0.023410392270839075	-0.25969064465408764	-0.1376554780030681	-0.0173227300909915	-0.19939357717808281	-0.6243767446713013	unweighted_unifrac
-0.0223017620270336	-0.21666011984021272	-1.030243298461051	-0.31392382948247	-0.15769078339077058	-0.4889163218667745	unweighted_unifrac
-0.09709048728177816	-0.48870865174672473	-0.4758513412489698	-0.11609481390872745	-0.20397930966932987	-0.6647531328249459	unweighted_unifrac
0.03967806084991832	-0.20016011414077362	-0.6453723875368154	0.032223310819909146	-0.06294804051023917	-0.1279210462162057	unweighted_unifrac
-0.014321292648117545	-0.1753463351907416	-0.3125133350458984	-0.14026103545108137	-0.456286979724853	-0.48687428199875993	unweighted_unifrac
-0.15955471170648616	-0.2659360675512663	-0.4701287448100344	0.03776036399409721	-0.2574132698145539	-0.049227309362898986	unweighted_unifrac
-0.08378510650424187	-0.25118334752981286	-0.22507797444592326	-0.42209515728113245	-0.3109770492526114	-0.16711974121275608	unweighted_unifrac
-0.07699063235565617	-0.21237239236573435	0.09020790632004283	-0.07502145891877321	-0.7413856675526489	-0.6112485247105763	unweighted_unifrac
-0.18147740984199334	-0.3450508423586045	-1.4185269630986155	-0.30491269916907515	-0.20273762387559002	-0.2551810066972928	unweighted_unifrac
-0.1709778928505412	-0.28445930232558125	-0.645458322644116	-0.23760232629962075	-0.12797695695428501	-0.08292659029312488	unweighted_unifrac
-0.009975578843059996	-0.01738879420536854	-0.957414790347384	-0.1856314711815834	-0.2157220479704791	-0.08922828454596932	unweighted_unifrac
-0.060691882818299625	-0.39306688662267475	-1.2183445701462254	-0.15049601120324652	-0.44107037011035843	-0.2595624459824002	unweighted_unifrac
-0.1196741418637679	-0.09457603890362543	-0.27904021537476975	-0.03670000561513764	-0.15869023518032876	-0.34496108990710983	unweighted_unifrac
-0.06630597708444297	-0.17254141689373292	-0.777268629832244	-0.22421564083811152	-0.29957649008785436	-0.2267527927399089	unweighted_unifrac
-0.06257413268344325	-0.07513425704730059	-0.4020871541091229	-0.21257709347752152	-0.06019042546385145	-0.6262285448428209	unweighted_unifrac
0.055491445769488834	-0.08506502242152436	-1.1008950860439004	-0.21810673915294676	-0.4286463907381284	-0.5663289720541176	unweighted_unifrac
-0.038055613153864964	-0.6653427065026363	-2.2758560394355394	-0.261954531008749	-0.07153564657635436	-0.3066084393694961	unweighted_unifrac
-0.0064314217517336125	-0.2316006001263422	-0.12639278811467314	-0.21565344419096055	0.058640358467244136	-0.3688759125622667	unweighted_unifrac
-0.0459725929903958	-0.654655310621242	0.06313806210635697	-0.26614268231485316	-0.15320015298629186	-0.3531711447746242	unweighted_unifrac
-0.033399567164098976	-0.10040130308880313	-0.4621829524139234	-0.2154219040124694	-0.3349791677018632	-0.2631681389321745	unweighted_unifrac
0.008367848620023932	-0.1888378906249999	-0.780521348458542	-0.15889420805394217	-0.12010173899170384	-0.3171785448036386	unweighted_unifrac
-0.03138621611453751	-0.18274588523131663	-0.3775832907925427	0.013142942827124582	0.08721490957748823	-0.16753381788221366	unweighted_unifrac
-0.015379762063338909	-0.17316486023958944	-0.47167028592732785	-0.0206810411070788	-0.13327576243980754	-0.08062100565598018	unweighted_unifrac
-0.15973885174421643	-0.3965248033877795	-1.0928757928447035	-0.19046330387131039	-0.1132261423627774	-0.28165190569134135	unweighted_unifrac
-0.13388638255544927	-0.07081643671265758	-0.3473577179175473	-0.2035577329185696	-0.3542221022846357	-0.3164811376289811	unweighted_unifrac
-0.057683433153839836	-0.2410607142857144	-0.21715342328742704	-0.4063414978985669	0.02193595654036551	-1.387194015236303	unweighted_unifrac
-0.10130037761660615	-0.18148490901020842	-0.14980325312550358	-0.17821794899586485	-0.22697486436891579	-0.3628459539180806	unweighted_unifrac
-0.26646264863753966	-0.5370198019801984	-1.2587273539772106	-0.027192232755202328	-0.03949085768704297	-0.6156857082284828	unweighted_unifrac
-0.1712982094303186	-0.42330593544857775	-0.26471604806015514	-0.2049915688858548	-0.4650215960885049	-0.3065218628983848	unweighted_unifrac
0.03159614253429932	-0.1672866766467065	-0.5848892717689103	-0.05408226000697347	-0.25117006420331744	-0.39862173273404955	unweighted_unifrac
0.030671166373909098	-0.13004504906333625	-0.21379684554259315	-0.3931224413859984	-0.2915119906656505	-0.33223417956864254	unweighted_unifrac
-0.04824836220930684	-0.300838143525741	-0.3667549560380783	-0.1571982376678469	-0.27224967505098485	-0.5352266638200158	unweighted_unifrac
-0.20936406482830217	-0.7488506546644842	-0.8982317391119985	-0.8161381243700065	-0.21143395576972668	-0.5952139763253601	unweighted_unifrac
-0.06481411413496252	-0.17231787268770415	-0.35635775545500037	-0.4848347583613013	-0.06490863809710223	-0.2435227022711144	unweighted_unifrac
-0.058661247762661795	-0.24556108970831048	-0.6068461164608243	-0.06510419744130913	-0.06689426605504534	-0.6371917086827108	unweighted_unifrac
-0.2556295558430879	-0.43239667508417523	-0.19888786570988248	-0.2904822609432338	-0.27071351089364803	-0.6287567443708413	unweighted_unifrac
-0.04695832569702141	-0.08491121378621402	-0.3709889015857022	-0.042395809879459234	-0.14255253017443414	-0.4300194974504341	unweighted_unifrac
-0.1522793820831223	-0.0743732035234117	-0.05348311407040063	-0.2989219621039263	-0.08162843790992369	-0.2636998572496898	unweighted_unifrac
-0.10688935036744884	-0.3046436343852015	-1.07309330446137	-0.06009529933295643	-0.1806018318543643	-0.12263481658967779	unweighted_unifrac
-0.11176420770344975	-0.15392358604091516	-0.22152154572075378	-0.12304790578627323	-0.2973405296610163	-0.19023129646614212	unweighted_unifrac
-0.017168000880072976	-0.18087092776203906	-0.5243681106719102	-0.31007079523402936	-0.11768908619494	-0.2181596336652707	unweighted_unifrac
-0.12073519892123286	-0.16964373601789706	-0.1411768810097871	-0.10288053606155301	-0.5571885699949801	-0.08110948290621645	unweighted_unifrac
0.003624818668884644	-0.18858402845927413	-0.4017408524974728	-0.24120803359475906	-0.02597339053066361	-0.39273255993996803	unweighted_unifrac
-0.15407817187073913	-0.1859825287356318	-0.8927858542780889	-0.7934881477328641	-0.20979424686995896	-0.029282610347861615	unweighted_unifrac
-0.0016365732570997604	-0.5946896715097914	-0.634359252356659	-0.2201243987153816	-0.1434206943944918	-0.2707316661545518	unweighted_unifrac
-0.07055408426941634	-0.12466077512776841	0.13220039258120508	-1.0022304404632765	-0.2467803188164206	-0.2460471547816412	unweighted_unifrac
0.009444565291076956	-0.5633180669614666	-0.6991476367063583	-0.4264441046542218	-0.36336916823014254	-0.17377301159671044	unweighted_unifrac
-0.1021499308983218	-0.9034648379970545	-0.21041764869238055	-0.30526469036614	-0.029451314534804762	-0.19590202866932493	unweighted_unifrac
-0.22990953223306843	-0.6512173913043477	-0.8867847055807168	-0.5982745441995438	-0.09341880434782568	-0.30207323297649347	unweighted_unifrac
-0.0034594802809906344	-0.4349329845540606	-1.417999270933076	-0.264733078239094	-0.03343256709934295	-0.16884604190101116	unweighted_unifrac
-0.06606992789369048	-1.2020176954732502	-0.17415180200895475	-0.3231282468291816	-0.27812729954540893	-0.8300786801808671	unweighted_unifrac
0.006953112239602266	-0.3412441314553991	-0.24566001575596008	-0.28095836008509045	-0.5777257571618788	-0.3306126751515672	unweighted_unifrac
-0.21032400572408205	-0.20126298515981733	-0.38137878263550573	-0.19508725287140138	-0.08104999616191555	-0.9235988286600383	unweighted_unifrac
-0.06420737636825646	-0.13048634067952292	-0.38472311558267114	-0.27894529270977	0.014481831764529551	-0.22867922112147565	unweighted_unifrac
-0.20222321122095632	-1.0814802631578941	-1.3381721044826902	-0.09757087677725074	0.01050752515677389	-0.14759530931106246	unweighted_unifrac
-0.17533987779311455	-0.22848327952029512	-0.32091258240018017	-0.1725130711560372	-0.4888040666616489	-0.17341804473554023	unweighted_unifrac
-0.10983397387895355	-0.4615563540090777	-0.2684156894209915	-0.5295305859485071	-0.02829145255530241	-0.17702873195664703	unweighted_unifrac
-0.09613425865330849	-0.11160442872117371	-0.6323683858226927	-0.07660367716111671	-0.19945479746835426	-0.5606971956209443	unweighted_unifrac
-0.005747773580769833	-0.11842083734359954	-0.21488768473780318	-0.11636056953700336	-0.2724727748091582	-0.04735853066979634	unweighted_unifrac
-0.12782083328379712	-0.36550956022944514	-0.23539833094276297	-0.026521357344373442	-0.29799215961098335	-0.4330930036111529	unweighted_unifrac
-0.11462754814281628	-0.2203959589867308	-0.7153942337018155	0.034125231639172804	-0.11374958413146463	-0.4571387884943987	unweighted_unifrac
-0.03425080391533286	-0.15956901908566334	-0.45004461721515066	-0.4011982039769082	-0.35637017646200997	-0.3658355386700358	unweighted_unifrac
0.022904841662090503	-0.19304154169166154	-0.2553138490640112	-0.31216137135578936	-0.3607200583288497	-0.598284252365193	unweighted_unifrac
-0.1315407256736547	-0.13826211760031804	-0.26522143074386184	-0.26011415396197957	-0.13299509811710508	-0.5623823033544666	unweighted_unifrac
-0.13927582674082628	-0.5759816000000002	-0.3731508886984658	-0.1185551356278387	0.05086176631496653	-0.24796406704160523	unweighted_unifrac
-0.2029779682414441	-0.14737494252873584	-0.4214527315688301	-0.15969375762780902	-0.26698441507829407	-0.33706959922271307	unweighted_unifrac
-0.044554109598833325	-0.7312016853932584	-0.6061663154437513	-0.3116049456445664	-0.12562425813139688	-0.498446758568988	unweighted_unifrac
-0.23057526102824766	-0.23400498753117183	-0.3510985149581176	-0.17192968819810095	-0.24225848980252396	-0.7188984209857914	unweighted_unifrac
0.02537023854545961	-0.12634997386304203	-0.41348222745726915	-0.5556748807921328	-0.1289381480303058	-0.40610015928503995	unweighted_unifrac
-0.12201182642035535	-0.14258621593291365	-0.4981193126066885	-0.10977194014794844	-0.1784931735244617	-0.3072412840645262	unweighted_unifrac
-0.19149063344791917	-0.18146992378878601	-0.11168353147210297	-0.376218935690112	-0.016617281807876916	-0.10162125654892762	unweighted_unifrac
0.1365915645186847	-0.21214652870494044	-0.7661285612321969	0.04006975529848744	-0.06782252625351348	-0.185004640285529	unweighted_unifrac
0.07078378439933897	-0.3953020083932859	-0.5392861081667872	-0.4279429046304575	-0.2093830783640318	-0.2547507382993608	unweighted_unifrac
-0.07449177310067756	-0.1511506410256407	-0.09815383088954532	-0.15160739010282565	-0.13182237776397843	-0.11234918259631854	unweighted_unifrac
-0.10933420644221337	-0.11338432226456141	-0.005442633080747106	-0.08437550019584261	-0.07823894736842041	-0.3169535023477048	unweighted_unifrac
-0.14605326669652596	-0.25256642125480155	-0.3654638059152928	-0.22216288693755382	-0.17764552039909787	-0.2428802910585326	unweighted_unifrac
-0.24252550975830278	-0.27545321484579177	-0.3776229889219058	-0.21024910768120297	-0.43440475665772693	-0.35068293353522506	unweighted_unifrac
-0.1088517602675454	-0.2224576985854192	-0.5764418784893439	-0.23491573963118273	-0.13583664158541642	-0.30232478728748435	unweighted_unifrac
-0.13533758943239715	-0.11218306257521093	-0.6640685936961881	-0.1701607922967554	-0.24566292886913876	-0.04202985046520569	unweighted_unifrac
-0.08930083901453134	-0.3678419906166217	-1.2998565765102907	-0.0077209850576227534	-0.20326080367641852	-0.5218160272449246	unweighted_unifrac
-0.11954219361682172	-0.16672551361681798	-2.1241793590067375	-0.2695010883513125	-0.09126126159640924	-0.0700631684383406	unweighted_unifrac
-0.19995472365573508	-0.24935755280073524	-0.3826244770012073	0.011325136436857175	-0.3168871722090272	-0.15119352690857357	unweighted_unifrac
-0.16726993153314962	-0.22288658854166643	-0.3576595221923964	-0.16092110906045654	-0.08381971596149751	-0.3959131728833354	unweighted_unifrac
-0.0421143079972881	-0.18288967656180732	-0.844399810603861	-0.22568265570374235	-0.2652844862829471	-0.30760880145263036	unweighted_unifrac
0.08784721398903517	-0.16288159567704974	-1.4299852835212108	-0.13398455343921833	-0.19817719882368623	-0.44497230925851095	unweighted_unifrac
0.007158957431637747	-0.3284204400510202	-0.26900451276225157	-0.043858696579172074	-0.3394212334865354	-0.5085633297299188	unweighted_unifrac
-0.11698508429616394	-0.3899326964828491	-0.21087720978432545	-0.5443995812690685	-0.27979564813380753	-0.9668373423554677	unweighted_unifrac
-0.14760897299272258	-0.3745542234332422	-0.3485727013775626	-0.10185347480916063	-0.3528881387449483	-0.32668589854436303	unweighted_unifrac
0.11211840899759917	-0.1249761373773417	-0.9086791339978628	-0.3265089027103869	-0.1728582448902034	-0.5243457883056515	unweighted_unifrac
-0.09359850483244525	-0.3138558215451581	-0.7188806672102381	-0.233556578002577	-0.5152270365997629	-0.35020158846523497	unweighted_unifrac
-0.22308243001257622	-0.09553656650464015	-0.42352197324154384	-0.012538623916626968	0.019484536818798914	-0.390115182433282	unweighted_unifrac
0.024308706852028572	-0.3514292771710872	-0.4357176008544399	-0.349580373255324	-0.10852998258667079	-0.6251933811553185	unweighted_unifrac
0.07247333508722598	-1.2780028390113554	-0.6780363376112075	-0.25352503741954835	-0.10528091764557312	-0.244340716527494	unweighted_unifrac
-0.024535069382832786	-0.023681119791666427	-0.28538865693278703	-0.2598522687493745	-0.1575388739567123	-0.3776886407200608	unweighted_unifrac
0.013104124315404309	-0.13091901408450735	-0.3706917128686009	-0.1589618830573778	-0.17010548554585037	-0.3367047897771551	unweighted_unifrac
-0.14955918727915196	-0.2045097656249999	-0.6641481236010645	-0.17569394648781378	-0.16215902244416136	-0.3778202495977363	unweighted_unifrac
0.02175923154229209	-0.14073847139197282	-0.49615311716593813	-0.5893681323877056	-0.371320651236541	-0.8365288626195397	unweighted_unifrac
0.007466874198569284	-0.17795707964601748	-0.328025269059691	-0.05249054580787815	-0.22688871000820487	-0.6483738177001828	weighted_unifrac
0.13412933627255708	-0.2523736793752873	-0.6383575544408124	-0.15783764483061735	-0.27897231423455704	-0.4592332793034193	weighted_unifrac
0.04975862718804436	-0.2154914071977354	-0.41921877159371057	-0.5206281338351688	-0.49972193440014245	-0.9769897122476103	weighted_unifrac
-0.20096474066685688	-0.33258437670114316	-0.0026125287768832273	-0.46589608918775705	-0.2619082827360164	-0.0669482718897838	weighted_unifrac
-0.08384742021165992	-0.12383142144638382	-0.5400915807218893	-0.15120458141397886	-0.29409420668861186	-0.5953935409161089	weighted_unifrac
0.10997213015062612	-0.1726578821274556	-0.3433580093737445	-0.2198460082069813	-0.17726177065217263	-0.10628035505215383	weighted_unifrac
-0.034338147524676454	-0.043376216370921705	-0.3965079138561156	-0.6798826224094143	-0.3162050093845974	-0.4265800609284467	weighted_unifrac
-0.06543368542378025	-0.10525769407441454	-0.645213850403247	-0.23874114444275674	-0.3088213778777913	-0.08839789867109626	weighted_unifrac
0.0671986481739798	-0.319407088781831	-0.20039023825701796	-0.3312830099595978	-0.212113158258465	-0.3329715033785752	weighted_unifrac
-0.037339704910556826	-0.23662466487935663	-0.33822832944526393	-0.21205678857054622	-0.2533816538923952	-1.503972151559379	weighted_unifrac
-0.13853920932199926	-0.29228069767441855	-0.43921448968088694	-0.4943359840210957	-0.25202377468265147	-0.20910574588673447	weighted_unifrac
0.03214080181450385	-0.26806311207834654	-0.10466502803562183	-0.5584322921742337	-0.11770765270552874	-0.2452676248000092	weighted_unifrac
-0.03738340440778054	-0.262581090651558	-0.4714371318850086	-0.119859972207212	-0.2067093528726358	-0.2960326668894322	weighted_unifrac
-0.36996444007111706	-0.06474795305676806	-0.25035127221643627	-0.20714482695205882	-0.21714056450363928	-0.9177949971997774	weighted_unifrac
0.026678142119575754	-0.35405343897505004	-0.2414699590914937	-0.32040090725027603	-0.47070808522820196	-0.46054848818291183	weighted_unifrac
-0.057727982788033705	-0.42519219219219195	-0.38117695230258875	-0.21269629533510792	-0.4384506704877227	-0.1743400144649938	weighted_unifrac
-0.3490458419387872	-0.13943600597609596	-0.764491953199621	-0.15633956391246606	-0.2596978598904296	-0.26097291038307646	weighted_unifrac
-0.14153616560291993	-0.12270041014168553	-0.5104939643873962	-0.21149819057341834	-0.20802709743232461	-1.3545726183694988	weighted_unifrac
-0.12941865146040232	-0.3453068119891003	-1.8707864131238758	-0.18280460305312163	-0.41734305826847273	-0.04998340458924133	weighted_unifrac
-0.1594092620691574	-0.1946188016528927	-0.07226572799209241	-0.29803276930409917	-0.06624568929550567	-0.30548673687402217	weighted_unifrac
-0.2694809701583736	0.013816054353296359	-0.28322261678714766	-0.4501937996100156	-0.3031116688503106	-0.31359925031936053	weighted_unifrac
-0.07795823958777826	-0.17486693886097138	-0.7075382182151675	-0.29088162753890856	-0.34072059778703845	-0.09238878449250931	weighted_unifrac
0.03566291305639546	-0.12266566265060219	-0.4435106741282495	-0.3087350503364934	-0.2775481451612891	-0.3990591898751963	weighted_unifrac
0.006927543684592474	-0.1859902970771441	-0.2431785676748799	-0.8697928521223439	-0.08297254095428852	-0.5328423259958508	weighted_unifrac
0.15646689584785423	-0.2424779563246806	-0.2592157447689092	-0.1538016157041462	-0.05404526222651285	-0.8088776365810617	weighted_unifrac
-0.08945988528912574	-0.12223181818181805	-0.12729958879689707	-0.32279811251146606	0.05644021767409646	-0.1416086344378349	weighted_unifrac
-0.16999896401873515	-0.23714783105022796	-0.5984338499928419	-0.3796736799266496	-0.14721637257127917	-0.3558606166920397	weighted_unifrac
-0.1514666821764834	-0.3003760755258129	-0.23447137111409222	-0.2922353704437066	-0.2180041469993248	-0.7347665670029553	weighted_unifrac
0.021069187058562644	-0.15454042857142802	-0.16903156222738147	-0.06014945745798972	-0.20499363203463128	-0.6897357809044293	weighted_unifrac
-0.17351587401179547	-0.26818378746593985	-0.10210507214699405	-0.12349835473782256	-0.08540652350841982	-0.2044453571909981	weighted_unifrac
-0.014367819174743834	-0.29840047452547447	-0.5486940801895999	-0.22273490729875633	-0.042269014900661483	-0.8091350256812253	weighted_unifrac
0.007676040153425823	-0.40815961155378466	-0.07113029966970852	-0.6038267936788677	-0.15300332185424503	-0.3781966629973079	weighted_unifrac
-0.11149482444044345	-0.2865532490974727	-0.38600007121601054	-0.21697832427884034	-0.043557842601161356	-0.44488173032764977	weighted_unifrac
0.06525762838894666	0.013935517241379314	-0.23500612364759133	-0.09356279761781816	0.003291302860271794	-0.3787783048511819	weighted_unifrac
0.1798319258399379	-0.9222843651626442	-0.26107039064230064	-0.3170750329699754	-0.3617897501029761	-0.08222808822942196	weighted_unifrac
-0.054406338346612904	-0.12420938628158851	-0.23996565196500041	-0.23435042858077648	-0.3901125093773439	-0.6610173385015037	weighted_unifrac
0.003053501819652138	-0.09764983669025584	-0.1112204575787421	-0.06988459131305524	-0.3217901671820631	-0.35065867411362595	weighted_unifrac
0.012196092637183797	-0.3797534522439576	-0.038866090480298876	-0.3957321745322968	-0.2811854954850326	-0.6857471551710645	weighted_unifrac
-0.12433469461664437	-0.24636118027888476	-0.3882858050819771	-0.31028046508362594	0.025508908979198552	-1.5084764074037187	weighted_unifrac
-0.066930760152766	-0.12400574458683167	-0.09209663545950453	-0.33234139274543173	-0.11253242449171363	-0.1958360597381794	weighted_unifrac
-0.07132206299204014	-0.1716689560439557	-0.06808978167341007	-0.5063055925566449	-0.6671152381112178	-0.23342940423246228	weighted_unifrac
0.023558307266938527	-0.09515388446215178	-0.5785100354196389	-0.4824590238764046	-0.35831005998258436	-0.12700227506884576	weighted_unifrac
-0.0685590755122496	-0.1144563866266608	-0.38673566177240937	-0.42344625295021165	-0.18632618816929947	-0.29013386055452584	weighted_unifrac
-0.2059776747910107	-0.22235083732057404	-0.3956824380053259	-0.8465440839884149	0.020087192095693984	-0.45265333828595367	weighted_unifrac
-0.1652507994382868	-0.3854669811320759	-0.17829688713749525	-0.2108359134987079	-0.30683140515222473	-0.7764630895162288	weighted_unifrac
0.06941483351364353	-0.3933375249003985	-0.32599647311149216	-0.13375338727590114	-0.2263644817647994	-0.2383700651117373	weighted_unifrac
0.08124002499804428	-0.6139671052631577	-0.4759100788512214	-0.990019803665793	-0.28728593595109486	-0.03766484464411879	weighted_unifrac
-0.042667581674006305	-0.19846123379740765	-0.04114410532365609	-0.281638232790526	-0.22562649505595367	0.011627983026913258	weighted_unifrac
-0.10714324820409282	-0.4746111111111109	-0.15466639489418488	-0.13806310417292234	-0.04550922703358884	-0.0015615516585141265	weighted_unifrac
0.0268774462968272	-0.2990247252747258	-0.3265083619517608	-0.28203534352660875	-0.0038033704230810983	-0.09176343686195088	weighted_unifrac
-0.04350271094000657	-0.17764472295514522	0.033490624817513526	-0.06283563425527117	-0.01053739842519641	-0.36180631796283635	weighted_unifrac
-0.08622286517293465	-0.07458819476343614	-0.7185216904837395	-0.26836236066026187	-0.45787218166548005	-0.11440222621849117	weighted_unifrac
0.04059895749409026	-0.30842161270983226	-1.3766588652302767	-0.08319036237443611	-0.27005220044792755	-0.07986699882087289	weighted_unifrac
0.06504291881602087	-0.0629418889493738	-0.0036242203795244787	-0.5190622134297667	-0.11932677058111452	-0.8195584914499954	weighted_unifrac
-0.004047559348683061	-0.19938155021834048	-0.3136075763935211	-0.6619170083497652	-0.17483886790625536	-0.33879663861035536	weighted_unifrac
-0.2680757904897271	-0.18670068097399906	-0.41400621168031315	-0.33971253310117167	-0.5921201030927834	-0.38766600547004026	weighted_unifrac
-0.12526655550878996	-0.10805687706076328	-0.33867527254166196	-0.4230510496748212	-0.16486427890145028	-0.44117915991471324	weighted_unifrac
-0.08444248416616995	-0.275119861376673	0.06846841440603346	-0.22920879484138856	-0.3548918716925078	-0.19339558472449858	weighted_unifrac
-0.0802298869978566	-0.07555581180811766	-0.412734836111762	-0.10308506346104629	-0.19675567452480847	-0.1565722193888457	weighted_unifrac
-0.0952904358116986	-0.05388799712505987	-0.14053747125369398	-0.08975242325424615	-0.301233684875041	-0.1943950920048385	weighted_unifrac
-0.0460638108535294	-0.3785102898550732	-0.19087049641416876	-0.3814750760151424	-0.3095424186692821	-0.3204747198378062	weighted_unifrac
0.04960582817718606	-0.23838785224676262	-0.13181683727179272	-0.11640804103456048	-0.20455674225798504	-0.8076859053182257	weighted_unifrac
-0.07976598687071879	-0.09811024844720495	-0.2932313030988982	-0.015537997113120205	-0.4088104920934166	-0.16200349492057953	weighted_unifrac
0.027496138564992334	-0.05658279742765293	-0.19960648822934113	-0.08980250518129584	-0.2965614414179596	-0.2610519040292656	weighted_unifrac
0.03429660714171778	-0.09965458015267203	-0.5325889364208223	-0.402918861046506	-0.18349691015339653	-0.18241932602977617	weighted_unifrac
0.044132056422740984	-0.18430139765554565	-0.31035837322202764	-0.28205164849407804	-0.06835654420076787	-0.10630680288237415	weighted_unifrac
-0.04252434309583797	-0.06712663438256672	-0.5232080310366127	-0.24315221337630777	-0.10285617216740417	-0.2553366633669356	weighted_unifrac
-0.05979786037929191	-0.16334794484911552	-0.8474509711408249	-0.190258423945739	-0.17494207073724333	-0.2893945908937827	weighted_unifrac
0.11536040078951171	-0.24404302925989674	-0.7709705568985223	-0.5358501806495102	-0.36731351797658807	0.04319996250326963	weighted_unifrac
0.000197203386734901	-0.14378145695364264	-0.05064662119447583	-0.2987255402556477	-0.028231584749059513	-0.2329482941603318	weighted_unifrac
0.009968855128239196	-0.26839622641509475	-0.195187333548559	-0.33761429790193986	-0.07924059012725482	-0.46915726522949686	weighted_unifrac
-0.10484607914384436	-0.09217215438290483	-0.40271777392453423	-0.2973558843187203	-0.24465938192904613	-0.25979997913227715	weighted_unifrac
-0.04328872371536674	-0.18164151200873335	-0.5437099914981154	0.0631375799838716	-0.14018110222409375	-0.41119797035591343	weighted_unifrac
-0.08711519026708858	-0.3615898379970546	-0.33294054829607744	-0.2834902481063195	-0.23922091042682525	-0.754694430800934	weighted_unifrac
-0.04464499867792182	-0.14870978322875095	-1.1607167158367626	-0.7983274043991635	-0.18128082180656713	-0.17392171779313603	weighted_unifrac
-0.13785106668244773	-0.1368543924700516	-0.29736080983318613	-0.2264144347167254	-0.4741518702513148	-0.09081511387319674	weighted_unifrac
-0.11011439171121862	-0.31762955906369084	-0.3839395446002969	-0.16339532734531037	-0.33627953202519656	-0.1105981341098694	weighted_unifrac
-0.09179807809451224	-0.2731234230445754	-0.35998235659886224	-0.19931617979546923	-0.16318778932451572	-0.3499630560312046	weighted_unifrac
0.05276286319971202	-0.3180040168324405	0.3362642466204142	-0.22245618340485018	0.03184209162642837	-0.44211500621157795	weighted_unifrac
-0.06649087187104485	-0.3250393229166664	-0.12656744686664512	-0.41625496801232	-0.21009437092660765	-0.17158575999755432	weighted_unifrac
-0.2920867049981639	-0.18741125690607707	0.008139761510737809	-0.20750013651057753	-0.24966053911037722	-0.22061286852629358	weighted_unifrac
-0.16757751948129296	-0.25757012954658665	-0.37637965350908886	-0.23541489984997277	-0.13129511526409998	-0.8726302114407378	weighted_unifrac
0.06423760837054626	-0.28761556603773597	-0.39747564113073874	-0.15360046553153595	-0.4350605365101121	-0.10318907423149382	weighted_unifrac
-0.049884448890471056	-0.14738281553398092	-0.9266146105355892	-0.2932069468765566	-0.33655367695016936	-0.040907777546940416	weighted_unifrac
-0.05693214501916999	-0.1564751853964632	-0.6570869594664868	-0.4239929121317836	-0.4885792274052465	-0.18430439447555869	weighted_unifrac
-0.32209902282560043	-0.2150965049556599	-0.042766987360867814	-0.24683375665036023	-0.23094301084740687	-0.37396165234623324	weighted_unifrac
0.12562019658780765	-0.15485340250965263	-0.1586607681525143	-0.1539728499476969	-0.4813922851147794	-0.3846250570836949	weighted_unifrac
-0.04063298818605454	-0.1445892282958201	-0.22706405056800616	-0.2586962283224401	-0.33839419303872154	-0.7397398884845579	weighted_unifrac
0.15166921254812893	-0.2866033854166665	-1.0445870781680542	-0.21020058006052444	-0.07571476888387663	-0.45723235698095244	weighted_unifrac
0.12433132705307581	-0.24209747334260556	-0.9109503205976441	-0.21417320163995646	-0.012539666359982826	-0.5888197189668549	weighted_unifrac
0.015749151200935785	-0.0810521923268559	-0.9608372625491051	-0.1629905416856796	-0.2438569152294121	-0.3254811163012321	weighted_unifrac
-0.07855571371128356	-0.1209825897714909	-0.24165361167294885	-1.128645780360424	-0.16401402349952376	-0.21725242973670067	weighted_unifrac
-0.005091110563467005	-0.18625610363726963	-0.8415806623551516	-0.20867568735772335	-0.2597670727486676	-0.11234046210248927	weighted_unifrac
-0.05223985508497808	-0.31005165165165116	-0.37449211916852754	-0.16834362441585582	-0.22041474928936955	-0.20521459872815506	weighted_unifrac
0.053551711191199836	-0.7870465435978007	-0.39556985006098233	0.005338065141017978	-0.235688836165586	-0.1653697353974366	weighted_unifrac
-0.023683126785772668	-0.28970861297539074	-0.24497965335280236	-0.15634354858454547	-0.456636729532788	-0.3022902908930143	weighted_unifrac
-0.014345621384991514	-0.30121118568232697	-0.2323593460606559	-0.15311130021587416	-0.24073669280028875	-0.29450805655320234	weighted_unifrac
0.16679023730669162	-0.2956700327510915	-0.5821733527236199	-0.07388014286422906	-0.09459367132765584	-0.33267690683359064	weighted_unifrac
-0.1780349495088116	-0.19041478978978943	-0.760986387011177	-0.4086534442270038	-0.4660603675203514	-0.37160563982065486	weighted_unifrac
-0.036543440658248105	-0.20050298576022052	-0.3821643183546768	-0.05825938608440051	-0.11216927934467003	-0.15992083306207716	weighted_unifrac
-0.14869023887607757	-0.04291737739872081	-0.4446195143547682	-0.3210445984041288	-0.1616797817186002	-0.22195162872758067	jaccard
-0.13550429947061238	-0.10118639475185454	-0.9790932624674695	-0.13203945658784688	-0.21950815776749266	0.020382979712533666	jaccard
-0.010677264892268834	-0.10911069198751266	-0.18903906538021342	-0.4358095867531133	-0.2347356242238976	-0.09840199989934062	jaccard
-0.28282547606140196	0.039911008230452905	-0.33812758008880994	-0.6219256587975468	0.014698235208119526	-0.17632995416764108	jaccard
-0.10316311518314714	-0.11576581963129029	-0.0871825474698229	-0.40923728910653345	0.08340700083268093	-0.2117345693705246	jaccard
-0.1454027244899625	-0.24888025799214852	-0.18431287983197508	-0.16376037601896298	-0.2118972225027762	-0.3858130991025752	jaccard
-0.04540682099704707	-0.005947295423023524	-0.47726244160918263	-0.2409771168733501	-0.23847779980178196	0.03468130062051156	jaccard
-0.10833271782927101	0.062311813904861735	-0.34872626775975246	-0.41090350566859923	-0.4358206334178276	0.019068544297910384	jaccard
-0.05464007848205821	-0.15527367205542753	-0.3428047390177402	-0.49343539497735334	-0.0831931598431539	-0.3608294357953461	jaccard
-0.027596749145441413	-0.13848117512835145	-0.5335705094964147	-0.2276618871127749	-0.29892932124731875	-0.04514886745696023	jaccard
-0.1566384905044731	0.04225266903914615	-0.24086834335256047	-0.13650749401277285	-0.3098680357508352	-0.15464981943913614	jaccard
-0.2843915857683017	-0.12650028868360286	-0.4631181364442756	-0.19397481325933752	-0.16649023741749702	-0.6307097008537315	jaccard
-0.03267620152562567	-0.06121855246523378	-0.2592786753410192	-0.1709742738182709	-0.12331556640880992	-0.11251504971457904	jaccard
-0.1728929567693056	-0.4808274697938879	-0.1222896678787595	-0.23204218503374663	-0.3376467555700091	-0.45025590351277933	jaccard
-0.015055225360508073	-0.03969066412629285	-1.4180023758120819	-0.085886577164209	-0.02444340080971652	-0.05026064340577552	jaccard
-0.28332366984625046	-0.04971572580645178	-0.2736049749554115	-0.37348118223629756	-0.16675470957613858	-0.6097215784784624	jaccard
-0.08864022384756542	-0.011859987357774493	-0.6667143239205786	-0.3016877358212158	-0.19738960773524106	-0.29821622409475923	jaccard
-0.07932953824204314	-0.0973337874659399	-1.001167571278605	-0.19786146185310405	-0.16190554255995715	-0.003392349637215908	jaccard
-0.02060161723911147	-0.06181358490566047	-0.3987253550046821	-0.37708044356184756	-0.3290816920565851	-0.6885130696954096	jaccard
-0.15024448351523234	0.020844643785751238	-0.3231394581665845	-0.02934211383904728	-0.30367666342884725	-0.238761044643238	jaccard
-0.040870442175660715	-0.06010952652595569	-1.1005196100501604	-0.6043815586123755	-0.34686211260908384	-0.030704018855843396	jaccard
0.02656472105257468	-0.004323730747290089	-0.7978399508794163	-0.4273917644265033	-0.32837684541813217	-0.11912590887854901	jaccard
-0.13076190184265557	-0.18938392060660125	-0.545852446744832	0.0419428478186068	-0.11595846049191527	-0.2920157505387355	jaccard
-0.24069249450498775	0.026652733630006198	0.05850290356828236	-0.3595378509155551	-0.22929957807266144	-0.17926474300001405	jaccard
-0.12450722710023077	-0.08482930043124148	-0.26132476306858043	-0.08729675871395637	-0.36283449681294355	-0.5502775472965815	jaccard
-0.0652005951986463	-0.022055197505197466	-0.6077937991051163	-0.13029441814174603	-0.1904329743070079	-0.025658661438660912	jaccard
0.03789579028337886	-0.012322580645161452	-1.0331142400166384	-0.4156215226584665	-0.10276769704460698	-0.4179518814430352	jaccard
-0.19342717223348704	-0.041559217724288944	-0.5203081557856173	-0.26662754857907034	0.05511845411566618	-0.15947958189442413	jaccard
-0.18682131724699413	-0.04927868068833652	-0.3114001630683332	-0.3304133391673505	0.052785829422020036	-0.20932550934767535	jaccard
-0.2491251109912791	-0.2162697704081633	-0.40414544702021615	-0.5874469330345609	-0.194938346461075	-0.2510600827349547	jaccard
-0.33161878612853535	-0.12345860511791273	-0.5066855297977761	-0.30252975501298573	-0.47528633426475575	-0.04635541429685053	jaccard
-0.0674406182891607	-0.2060613043478261	-0.21636334151670766	-0.2709446126363275	-0.14248641342895474	-0.19728621651974132	jaccard
-0.12330973377298893	-0.027914710485132943	-0.3095205642901415	-0.13152029640091079	-0.19356025531789856	-0.02145042165521871	jaccard
0.055552705766791055	-0.10024181264280285	-0.38427448035029954	-0.6041751657366323	-0.13135183297392605	-0.049613192531549055	jaccard
-0.026544302077266657	-0.012806571428570779	-0.7251919920217886	-0.16093536720115154	-0.1510081245915924	0.031868839087501155	jaccard
-0.14187864755027646	-0.05289636181575452	-0.5208241047710374	-0.22420996129186244	-0.46120025979680634	-0.47507092572651777	jaccard
-0.07002964935612144	-0.052408510638297434	-0.5405109750638359	-0.608019490770775	-0.05197217825905942	-0.8917042770979098	jaccard
-0.11498970433804567	-0.20035802039870165	-1.105833912877574	-0.31465768140915373	-0.3440978426641963	-0.8755240518080643	jaccard
-0.3387733065912937	-0.1072922493008388	-0.47071609830857275	-0.35362631129335487	-0.12011114886472707	-0.23251949894076196	jaccard
0.043356322743784426	-0.07420488450433105	-0.5458551048702205	-0.40259786677552856	-0.20280632898958761	-0.160209140706139	jaccard
-0.08615588079880077	-0.05939790996784566	-0.11101595248033203	-0.3877483820090324	-0.05202984475787864	-0.1674843417885934	jaccard
-0.06492225321815681	-0.07270458633093546	-0.30562816632204903	-0.12843192143027093	-0.04161510694056991	-0.2770070461599887	jaccard
-0.15557117208478544	-0.05488575525812611	-0.2892366528285082	-0.3965886005368493	-0.005557378587627282	-0.3506910764214848	jaccard
0.0007048533298645854	-0.08868632075471727	-0.4421036518347463	-0.6717281928781749	-0.14754657414095584	-0.15423277548621672	jaccard
-0.102771595717976	0.007946449191685745	-0.7594533709742586	-0.2717485276700451	-0.3229145954316679	-0.4555262355402916	jaccard
-0.1290764664309747	-0.05794032663316573	-0.645331235979284	-0.28789829046786886	-0.07485123870386445	-0.783449377476374	jaccard
-0.04463785269743914	-0.10490216390423557	-0.48075821222141113	-0.314430625535562	0.0263742262881842	-0.3401412426979995	jaccard
-0.11478941679996568	0.05208693045563517	-0.16651640636901965	-0.31187098202607455	0.03615835595023431	-0.5379055312409144	jaccard
0.06309926165822466	-0.0503489603388525	-0.4042695698039471	-0.2662637889688233	-0.14616824777721815	-0.08799051027190186	jaccard
-0.08116702123300978	-0.17407265127388571	-0.1981304080938795	-0.292399691520961	-0.07172836063384613	-0.4509577695554361	jaccard
-0.3613565173006663	-0.005472772277227644	-0.27725369638308117	-0.043596092398493935	-0.26939154984805413	-0.1300787334856517	jaccard
-0.008800682173904839	-0.06594219858155959	-0.2263027059406495	-0.449757532795799	-0.06959530633133482	-0.3317485947818617	jaccard
0.01867741388770483	-0.030680462341536208	-0.81820337630733	-0.5685976848423464	-0.41516444337442104	-0.30640248363668965	jaccard
-0.1583450917085547	0.02795791708291706	-0.750510533857546	-0.3620171988596126	-0.1596071548731659	-0.4156003702424289	jaccard
-0.15437903892071492	-0.12610147849462328	-0.0936946291368157	-0.41092335096452914	-0.033279517250342616	0.08672611765151328	jaccard
-0.1377481472225306	-0.05193130520117806	-0.08092712238942723	-0.19096126456528695	-0.21580581985630798	-0.41806713140908536	jaccard
0.10105467202850826	-0.2671900929899853	-0.5849317033345565	-0.34278763744895	-0.0997367407746963	-0.19039960282476187	jaccard
-0.10061688409612568	0.030691502988898223	-0.35124380751134354	-0.3024363882095522	-0.05896374980309149	-0.1374628318501181	jaccard
-0.05739478233851458	-0.04004457964601804	-0.18115453371832313	-0.23617005523741952	0.0008682581786015886	-0.9386144867082875	jaccard
-0.31583676312361963	0.01895942307692322	-0.2065273316472911	-0.13411706117190092	-0.3042515142115949	-0.24981426651936967	jaccard
-0.2795105294173861	-0.09188029970760225	-0.4267461652968949	-0.3355633761028123	-0.05178179517363146	-0.19393864953862283	jaccard
-0.04591518587122456	-0.05874288840262576	-0.2922919798107948	-0.15413149294922102	-0.10086592467347155	-0.09914355121628482	jaccard
-0.1236757870463201	-0.25821814159292034	-0.16789915528124233	-0.4132963407628669	-0.04503697131087869	-0.39650872200386167	jaccard
-0.16938158244809975	-0.1931848791317219	0.030597319351899355	-0.30888079948293745	-0.28335278927563556	-0.24491824327533696	jaccard
-0.24725485522247448	-0.020435704816615274	-0.17320822479400189	-0.1888823892318625	0.061398520979931925	-0.36069695255502654	jaccard
-0.16396095332403138	-0.06390495867768542	-0.5729583670983318	-0.22143027914859514	-0.24184843887746088	-0.4567049992656158	jaccard
-0.01785989728090298	-0.14781971729755639	-0.8853305287136992	-0.24247538227070176	0.02554665357164887	0.0033116496963808695	jaccard
-0.12640676836652776	-0.1658966267682267	-0.020402872512287118	-0.16726159851839295	-0.2767123711952133	-0.0012438815410125148	jaccard
-0.2059345642462862	-0.09700507246376855	-0.468140413618346	-0.1140394711663919	-0.27301434522982904	-0.26359464172145364	jaccard
-0.014475250665538786	-0.2193964784456588	-0.6524447449661941	-0.6966179384234219	-0.5166156393963466	-0.4393015391410513	jaccard
0.0552921610199032	-0.11056643081760975	-0.5133299586898894	-0.126147060774781	-0.09323199137311255	-0.07612446333141842	jaccard
-0.18893646555382615	-0.2467335479256072	-0.08326724132390706	-0.3663226495266789	0.056657723024639006	-0.2184736376947103	jaccard
-0.03993262717340906	-0.12406044303797414	-0.6249521062948458	-0.578737557298761	-0.11391759017591552	-0.27278459288351464	jaccard
-0.07970112447564737	-0.05155751992031887	-0.4499917484622704	0.02219716849451714	-0.27571138324206856	-0.5084685767763408	jaccard
-0.02884973085761189	-0.19230592105263122	-1.313059375658276	-0.17824819967465344	-0.305270897683398	-0.2711517457822641	jaccard
-0.0745525690737896	-0.21293254420992613	-0.17155588526389365	-0.30960599501644004	-0.09098797266514813	-0.26761758105583056	jaccard
-0.08166557695970389	-0.04307142857142865	-0.5073809166156682	-0.4279330643556303	-0.31578072323931794	-0.5255317955354459	jaccard
-0.13878715605627212	-0.31600742574257445	-0.514540944172277	-0.40533903840284546	0.02736672023182274	-0.08337005307398493	jaccard
-0.1745837206533063	-0.2807762676424459	-0.15218258445696042	-0.5853695216929955	-0.17407388197595441	-0.21701369358851363	jaccard
-0.19387773054433532	-0.04759839412084932	-0.6919690157298544	-0.17887636409672147	-0.6055567118495822	-0.36296598289016035	jaccard
-0.45692738864691673	-0.241598684210526	-0.6097236402842228	-0.5753216960751881	-0.07098483740265227	-0.25455358659070737	jaccard
-0.05282102060819227	-0.05984472836095778	-0.3933617021740974	-0.5222173540737747	-0.25519610472222887	-0.8748692803376941	jaccard
-0.028531253090195108	-0.01675586353944558	-0.1855943742381101	-0.11561926275043821	-0.15015647575057667	-0.5534469649073108	jaccard
-0.11386046447896847	-0.1327641141141136	-0.32608483509666875	-0.07298332072044778	-0.26923555895261053	-0.624250589105326	jaccard
-0.11825494585180607	0.024201632261161787	-0.2176107161696208	-0.5082158312971443	-0.23633732208750735	-0.24199904786636095	jaccard
-0.027500394097240477	-0.044989416475972765	-0.6361970311926208	-0.3235014517029602	-0.0509870582226748	-0.05122881216994091	jaccard
-0.11997436821433749	-0.14643114942528723	-0.05011517479845473	-0.29115768609704973	-0.030888256117251656	0.07640457929153976	jaccard
-0.2932099476607737	-0.19361173100120643	-0.4610063825480808	-0.17206641752211604	-0.13397847414070063	-0.16969034006045103	jaccard
-0.24523398886273795	-0.26416908091908087	-0.45704442989539884	-0.6857208924442264	-0.3116582690845908	-0.21617446900684856	jaccard
-0.09101789056413989	-0.1305995458891014	-0.06548371061988356	-0.40475236766487543	-0.0025926575011347985	-0.012586243041880829	jaccard
-0.014694574380165415	-0.17205151255707718	-3.8320823866583407	-0.2746043906280773	-0.12869705773865103	-0.06392534785713666	jaccard
-0.06577862195898465	-0.029274429315178097	-0.5809427738898463	-0.33337442382724847	0.058646409357679286	-0.2460415381686396	jaccard
-0.06570461267448047	-0.19987343324250695	-0.3097007236596174	-0.21815957914631334	-0.033455675926316264	-0.3832945128440104	jaccard
-0.1581824361004931	-0.19814412897016376	0.04108392444535636	-0.2709685078995894	-0.2518362991463263	-0.31932808017292436	jaccard
-0.04957194101427964	-0.22599740720523998	-0.20707073975171464	-0.2514356764794383	-0.2079147458586994	0.032767333804064935	jaccard
-0.10571688273949276	-0.13924165362545637	-0.8016296176439164	-0.11873751862441262	-0.09863831831592429	-0.14584307173305477	jaccard
0.05044052093400064	0.018694227769110894	-0.8218102765143112	-0.421871854480826	-0.191707682970921	-0.2073233267881247	jaccard
-0.17037267769156794	-0.10304523480662975	-0.5803211871312512	-0.5415289049628311	0.024795248190935704	-0.5621507303672577	jaccard
-0.09775343008374993	-0.006567750287686858	-0.5036008667386891	-0.08277773083886464	-0.1095695532486034	-0.19701202481955327	jaccard
-0.1932365534844147	-0.05964795707800219	-0.45688750781540177	-0.27068915793957404	-0.06018130082402595	-0.1996130204980855	jaccard
-0.10432439442447672	-0.1146827930174561	-0.5440586518699788	-0.42477217002237233	-0.20041594122758366	-0.2979459729243066	bray_curtis
-0.1404128063140413	-0.10324869927159197	-0.2401219394778209	-0.40635906095901286	0.05942904632381796	-0.14707160025341537	bray_curtis
-0.15164172933364517	-0.11227441860465115	-0.3543768651086716	-0.35865909276467156	-0.10623164656808926	0.06972783575762487	bray_curtis
-0.046060275751895086	-0.09426363442692787	-0.5341696438788237	-0.0935450008900236	-0.272633671589412	-0.15157801261169368	bray_curtis
0.03586624153244666	-0.4007217332430604	-0.23988749739965787	-0.31269436417406005	0.0014988839142948684	-0.14422819904128525	bray_curtis
-0.07990032584769846	-0.14181507276507266	-0.15885116821827716	-0.5722502860188112	-0.4505481999486738	-0.6038332246895963	bray_curtis
0.0565276603526117	-0.11206328252585718	-1.3577218185194102	-0.47314176019219345	-0.05331495474171444	-0.292370061550111	bray_curtis
-0.045213167771671836	-0.06850702028081157	-0.3142086285312311	-0.20522923773059798	-0.045753044004845256	-0.0629671959170306	bray_curtis
-0.10929075326643889	-0.22583879151291497	-1.2004632674597913	-0.28827628478713563	-0.26011530519369663	-0.18781552906662569	bray_curtis
-0.007936396609574459	-0.057567337807606256	-0.43641087444349047	-0.657160476707745	-0.0583320625159629	-0.19893902203507197	bray_curtis
-0.026375725096549285	-0.1274689038031318	-0.7349455954735766	-0.1726052930960309	-0.16723248301346882	-1.0601178718988158	bray_curtis
-0.12893739024285789	-0.1027385745375411	-0.47168760480044103	-0.25514107208872416	-0.003801006195727208	-0.15972062126338815	bray_curtis
-0.12521987022746628	-0.07361798497569616	-1.2889441224489797	-0.5580049546237631	-0.3006630036131459	-0.3794486133025594	bray_curtis
-0.22926240491630656	-0.14301462117855568	-0.2613369186470511	-0.6751729231746098	-0.22446874198555622	-0.31632644400883936	bray_curtis
-0.1377234115544279	-0.1965453672587607	-0.2589102175766649	-0.18067763967190764	-0.057937519983318975	-1.2146226918221332	bray_curtis
-0.14231647295307104	-0.061611015859408313	-0.8703286104261871	-0.15054176434038435	-0.20007633510359457	-0.23037763672952316	bray_curtis
0.014468770803529707	-0.12149445564516115	-0.3272462578148272	-0.21385050145584072	-0.03700812918413865	-0.572487449788738	bray_curtis
0.02951082143694994	-0.053338653366583166	-0.760494837859097	-0.3752031081745484	0.03372079726594801	-0.38350996521041303	bray_curtis
-0.12238227818433844	-0.14365244536940658	-0.7341452740987495	-0.8967107069594329	-0.060998474787818724	-0.40946641409795115	bray_curtis
-0.26964452804591676	-0.02448081714000927	-0.5621186327185939	-0.47349828003876016	-0.38369850110286685	-0.1543812688172066	bray_curtis
-0.18724688258843591	-0.19987631184407806	-0.32991732471115487	-0.12407902357573608	-0.13661616901408502	-0.034879709309987295	bray_curtis
-0.10340718155589146	-0.04251591027647361	-0.7696669997683794	-0.44861179999886125	-0.6868306670116902	-0.45601411911019496	bray_curtis
-0.27437079140242915	-0.09948252212389375	-0.6402350617885277	-0.4958909531278637	-0.04538720443944011	-0.15725217786286105	bray_curtis
-0.15048311045162222	-0.25029764196342597	-0.4123934119241821	-0.5523171044991491	-0.5266149693142388	-0.3014603052636522	bray_curtis
-0.024037860367260855	-0.20462656798795775	-0.5791474462862614	-0.11835948206036884	-0.2115533860740917	-0.29888974122165224	bray_curtis
-0.19023012563987973	-0.12524609781477625	-0.15992271001502267	-0.45914890109890405	-0.43755719789628156	-0.43760790403153194	bray_curtis
0.04412885833434399	-0.08488294198895008	-0.6422631383443944	-0.461873969023725	-0.20563961212516202	-0.4887577191043311	bray_curtis
-0.08912496154728133	-0.10926692477876077	-0.5397161517551583	-0.2906555789152625	-0.13072675075835272	-0.3812721919658826	bray_curtis
-0.09596318726355624	-0.08800985164580388	-0.3341305617880932	0.0106321100388036	-0.019804948940375322	-0.25920336351614814	bray_curtis
-0.09389517901061395	-0.24107898230088498	-0.09436426509999851	-0.22125613148904222	-0.16210733975546354	0.03281903757220672	bray_curtis
-0.08851590100869466	-0.11968316831683179	-0.28174013352442895	-0.29746193893521533	-0.15599137437078303	-0.3590182802045736	bray_curtis
-0.010141831673517343	-0.03108819311663491	-0.6010658613601547	-0.5548595191286836	-0.5688512333940425	-0.18534406623521482	bray_curtis
-0.15755264481153963	-0.04624455930359117	-0.5688552401260678	-0.24588073041066538	0.04903704349440863	-0.057210333843248584	bray_curtis
0.06507132225582812	-0.04903592750533048	-0.6426492114663984	-0.3934952626974564	-0.10693538373450684	0.006557032405394514	bray_curtis
-0.03023433792209973	-0.09050722471350259	-0.28015928607452434	-0.6742046715328478	-0.008445624147339403	-0.1861069615769575	bray_curtis
-0.047880858366703416	-0.24436700913241993	-0.7465860454454136	-0.38502356288948447	-0.15380322705763705	-0.6017324416762622	bray_curtis
-0.10137319938381184	-0.16271945137157062	-0.5403306562361982	-0.477917642555892	0.038541419613809635	-0.45818457571911875	bray_curtis
-0.12603732125452294	-0.06774861407249455	-0.7350269340467104	-0.13140297111254884	-0.0975560131321278	-0.28333483008928284	bray_curtis
-0.10591410672104118	-0.23541484464902185	-0.6083239397433047	-0.3857212177042719	-0.3938410572664539	-0.37996176213137933	bray_curtis
-0.06285190714883337	-0.21603922518159813	-0.09212947619540102	-0.15981795045045155	-0.10562786074697694	-0.4241884514626031	bray_curtis
-0.07964722264007529	-0.008204681734317099	-0.31016532823716125	-0.5004978245087601	-0.09526336963002491	-0.10480162335069343	bray_curtis
0.042228350880036736	-0.04493721461187161	-0.9482620367833376	-0.2298832768616208	0.11190718924252341	-0.3113425348032053	bray_curtis
-0.15010671510248352	-0.0428543326693227	-0.20678380516712402	-0.7104672983854579	-0.19670440293978841	-0.06984921204635963	bray_curtis
0.0008127899101194602	-0.23731132075471706	-0.4393248652852342	-0.20532031236168802	-0.011383368391854498	-0.06699866523143094	bray_curtis
-0.19621032365850777	-0.20685686070686082	-0.6007628793164506	-0.4072228481328952	-0.27293572458849336	-0.14120264900339774	bray_curtis
-0.07248576482879776	-0.3897574257425742	-1.1660024347323747	-0.3636324077602082	-0.08420604073543148	-0.11226065141393082	bray_curtis
0.04266739479548465	-0.10562893221089942	-0.2375319747885809	-0.49941903738041415	-0.14771316563448855	-0.602125848396208	bray_curtis
0.009605178275265858	-0.37105881550218345	-0.45383187118570434	-0.47610280919863124	-0.23866039664764127	-0.3039112326889075	bray_curtis
-0.1436282336541692	-0.11752839151568728	-0.2761568133950816	-0.5816327786397086	-0.3586810439857351	-0.08359537036123155	bray_curtis
-0.03724372644598595	-0.08270658682634702	-2.089010011550326	-0.27959051563179993	-0.3926022645636966	-0.1945116105529816	bray_curtis
-0.22067321594435585	-0.030938486663037557	-0.07058931734302565	-0.046983262632493306	-0.21688390814146685	-0.7250176704993738	bray_curtis
0.05358224309894566	-0.3429359167671895	-0.46151785654276645	-0.360468644852181	-0.03847663990601169	-0.4536095844354173	bray_curtis
-0.007625931030358801	-0.4765849808673468	-0.3231481530403475	-0.22986672948623843	-0.04068609288333236	-0.7951837241886224	bray_curtis
-0.09324293789405025	-0.4205589031821262	-1.3747481578168412	-0.35563806110508067	-0.21434808175459974	-0.19170349171521783	bray_curtis
-0.16866191173626865	-0.14196366358192702	-0.16854721758471736	-0.16850695558411433	0.04312571456160763	-0.5201880726525192	bray_curtis
-0.03313009196053662	-0.02552683277431722	-0.17570704822824434	-0.23740482267393825	0.026110354736172958	-0.36871088080954584	bray_curtis
-0.06114290998304073	-0.017506278538812703	-0.4113440597499105	-0.10843445084095338	-0.26789291659484205	-0.5688336475617175	bray_curtis
-0.11697392126588979	-0.17721761023407745	-0.9821616331686096	-0.6097268593318006	-0.24602887543487095	-0.6530933349667474	bray_curtis
0.054141329762074086	-0.05597760679834618	-0.3592862425551169	-0.11973746301045529	-0.40246914413727963	-0.5827876638754736	bray_curtis
-0.24463866030208803	-0.12408267819706498	-0.6203354656651141	-0.1869179040497655	-0.3599719752025814	-0.18428755312274214	bray_curtis
-0.14312015150917112	-0.030082582582582562	-0.44919303251734943	-0.4521411454281705	0.01503164525749634	-0.47304256330645966	bray_curtis
-0.06484111022398142	-0.6164701716738188	-0.2570742288536114	-0.4872530561721031	-0.20899767702056082	-0.4065578553921587	bray_curtis
-0.1029670047707727	-0.09268570143884935	-0.8089817178971777	-0.17900775360372334	-0.24719727988878692	-1.0536987840319254	bray_curtis
0.0015758624703507973	-0.21191078600114732	-0.7030431477586627	-0.307805473045341	-0.0983383289212425	-0.43819386904694246	bray_curtis
-0.034913356825409414	-0.21003955696202503	-0.3369093313300173	-0.727249114860349	-0.07601816111894077	-0.21564656938134097	bray_curtis
0.044640679456392385	-0.0382014853857211	-0.5352276872223138	-0.20411232271526836	-0.2999621439016462	-0.11140438203808589	bray_curtis
-0.14162683598427694	-0.20393012704174218	-0.9969856382086439	-0.2806378205324591	-0.20688098989298487	-0.39114547207727246	bray_curtis
-0.13757123100979451	-0.06443684895833313	-0.44160500425894833	-0.1641349372274299	-0.3867808864915563	-0.5948855797242256	bray_curtis
-0.2671823167497336	-0.24625196027182383	-0.18312268911013452	-0.35363387953562175	-0.21027563229219548	-0.2958966308767923	bray_curtis
-0.19306925079074144	-0.1363033775633291	-0.0029282366784313396	-0.21098665210307987	-0.2688500766969202	-0.17002433564310282	bray_curtis
0.06339357127073875	-0.29604424040066757	-0.6257274094151859	-0.2073443686526324	-0.32117951803213174	-0.2465161713828623	bray_curtis
-0.07891006312116522	-0.1026845390524973	-0.29383418875202727	-0.3475604678889692	-0.16280142853663193	-0.5991161279154731	bray_curtis
-0.16891977978883843	-0.22113522884882086	-1.3309801544282482	-0.12427664053689158	-0.35818480481806003	-0.2744779994205051	bray_curtis
0.00233700336260656	-0.0795491548042706	-0.4673280667632862	-0.1546423935246557	-0.08694065858678313	-0.004269482392651902	bray_curtis
-0.15931194500311707	-0.046424252873563	-0.37843742692753723	-0.651292668614172	-0.1862328606337904	-0.3000012480217129	bray_curtis
-0.15795807676965645	-0.1284247956403266	-0.49981573907596366	-0.1372531950428868	-0.17893455565023864	-0.5638146970889397	bray_curtis
-0.1339362433993605	-0.2996721980413495	-0.3447047675337227	-0.4493973968330156	-0.14110320351758765	-0.7335079953138173	bray_curtis
-0.1266551209845821	-0.17782058429973224	-0.8354987232643731	-0.1232196878119236	-0.05041665575150933	-0.280385626815429	bray_curtis
0.12183494797640526	-0.03529248262792195	-0.650005453002654	-0.17818988446906725	-0.15460720208513368	-1.4136024314999678	bray_curtis
-0.16683064757657928	-0.08675547808764983	-0.5473909797321383	-0.7636889859337996	-0.2096925454593861	-0.7419677849878645	bray_curtis
-0.14607814951545905	-0.19397910764872517	-0.3090183091326526	-0.5036527653530896	-0.06943902728351059	-0.3098898002539867	bray_curtis
-0.07373656636632187	-0.0392613458528952	-0.3371107342171127	-0.13347445241209344	-0.17886754209600464	-0.2732897406523571	bray_curtis
-0.04013479763714911	-0.36979088785046765	-0.6880606074978599	-0.5144599007089232	-0.24063497386759525	-0.03882860720994774	bray_curtis
-0.08009965235687089	-0.06984895833333282	-1.0426301297230172	-0.6340242974459769	-0.07746672207681948	-0.4643471266428316	bray_curtis
-0.05297879187497556	-0.10644765624999963	-2.905930614278536	-0.31986839931922906	-0.42410472629796825	-0.5148639553203056	bray_curtis
-0.0793471620639532	-0.2898977882037539	-0.20309812992212684	-0.17912694327138823	0.01831165292450354	-0.3319775292831397	bray_curtis
0.02284850752786849	-0.27349573560767615	-0.6465478514182643	-0.45043888034884194	-0.22965678593892003	-0.8702335012176299	bray_curtis
-0.09002166312464355	-0.2301309523809527	-0.4809223450659392	-0.1783995476421285	0.08570095464586858	-0.3782433135707304	bray_curtis
-0.05362760809903877	-0.07785100698725866	-0.19908141227102893	-0.3098694169952714	-0.39354042776998477	-0.27442079139809783	bray_curtis
-0.19879990198806907	-0.41512915910465775	-0.4292175003329528	-0.2839053792783377	-0.708374970379144	-0.1575166005879436	bray_curtis
-0.12745559669973683	-0.2737137514384349	-0.44668053992283663	-0.07683037790269953	-0.46342205967916117	-0.18722966384290496	bray_curtis
-0.26072076089507656	-0.08105133744855952	-0.5030550563399891	-0.5522615798003931	0.04016746898854895	-0.22366707157022003	bray_curtis
-0.30964052904106265	-0.17952172036823932	-1.061086197193403	-0.41493327723205176	-0.11187406896551688	-0.5202794266971664	bray_curtis
0.009453825265971938	-0.208038242009132	-0.5177257496526013	-0.10113527360316832	-0.18854079742247332	-0.07795366449789243	bray_curtis
-0.09734074071554111	-0.10352368421052605	-0.3809092547340458	-0.0832875285811705	-0.3372959410214724	-0.3314208656804434	bray_curtis
-0.13089237399174047	-0.1624389632107026	-0.21652369666989557	-0.6026741293942908	-0.1179967196819085	-0.4865157368799953	bray_curtis
-0.010420384443718067	-0.20779463890119643	-2.1059584231344726	-0.5291650878968983	0.0003348347814480235	-0.21043774033760476	bray_curtis
-0.023938497908260414	-0.11973592396535104	-0.7989606928921762	-0.47197190830120905	-0.11366037781857807	-0.48639311072191727	bray_curtis
-0.026946720627592846	-0.14531509794553288	-0.4730397304501801	-0.20496081812480949	-0.5000729369627499	0.017972604384146607	bray_curtis
-0.16662650907283028	-0.1905514240506323	0.011388223991326996	-0.4276032339990017	-0.1950691702550511	-0.3435379062873847	bray_curtis
-0.086981482827166	-0.33189395277207345	-0.3201869724803752	-0.2045018659944151	-0.14430095373768514	-0.5761958476240319	rpca
-0.16141958520394661	-0.1323375393612236	-1.0756068436074484	-0.2092695707570542	-0.13218015643654946	-0.6263618707840988	rpca
-0.09224251213610102	-0.16077197014925382	-0.16269785126022884	-0.3374425077151679	-0.4290247857873555	-0.35461988660998656	rpca
-0.07258848841618892	-0.06998958333333327	-0.5455173730223561	-0.5554083822725913	-0.09286701341127901	-0.1869110793064681	rpca
-0.21898363958206613	-0.23653050632911388	-0.19346909847257576	-0.11133354079067259	-0.039597300689848014	-0.3970634898191381	rpca
-0.13676709565022316	-0.26251260940919074	-0.3972173319991641	-0.14384556395587778	-0.13190072219256388	-0.26591037042132837	rpca
-0.22779782176713037	-0.17287011357857263	-0.7466525772748922	-0.08127126633533033	-0.40690942582500167	-0.33644577409328313	rpca
-0.06423643562174308	-0.14404814004376365	-0.11813907599343154	-0.13855048163070238	-0.28850934995547717	-0.8205694572180071	rpca
-0.2303654698944695	-0.3324440362770247	-0.09078466021798248	-0.39854635013854844	-0.2510112435394998	-0.4153364999731888	rpca
-0.19232842611723822	-0.04043153371529318	-0.09262323855711663	-0.40061714571277496	-0.3839135835065455	-0.4072472521614503	rpca
-0.1857506874035606	-0.08446596839663667	-0.24815983403062658	-0.02633111077077621	-0.3163839229787724	-0.4056242348778174	rpca
-0.14613946663440092	-0.026530632411067456	-0.18375969072691145	-0.44641922344398455	-0.062459923203511236	-0.481729226439078	rpca
-0.16442963934043053	-0.05015988212497979	-0.46966973295662306	-0.3565512105845672	-0.0782615336638246	-0.3330129998270319	rpca
-0.07132845222264206	-0.23531645898234688	-0.5334717732254586	-0.5869926526447098	-0.5895846178682418	-0.40926385584857505	rpca
-0.09590429713178494	-0.10140306734663285	-0.14811045522771438	-0.15984453014575717	-0.08424411317310554	-0.4117495545957517	rpca
-0.06973777450312935	-0.14176054300113816	-1.0091681021940628	-0.12049809294533809	-0.4593287525721601	-0.4533239755902143	rpca
-0.047623267608236874	-0.09401913549039431	-0.20341229201131705	-0.28382638564581586	-0.3282365798150493	-0.3616305167945053	rpca
-0.08754469418216537	-0.17477746631562674	-0.1784796537051574	-0.3095208625498347	-0.2542950773558368	-0.44250507962178487	rpca
-0.10339616837282173	-0.3557817819148936	-0.19160736720525828	-0.28812080730914347	-0.37715284481867406	-0.5133906380179314	rpca
-0.16133853821995214	-0.011855080352514369	-0.19082805277068737	-0.2253074475465362	-0.3247682746448237	-0.2901744447400858	rpca
-0.08834412112859558	-0.1749123874718681	-0.12388405486968024	-0.3797643906484869	-0.2037222329610966	-0.6444070862851226	rpca
-0.13481346837269936	-0.2922878260869568	-0.6465748223592742	-0.3431680793377232	-0.2723744424092225	-0.3128949753075796	rpca
-0.12400969833924202	-0.16932677165354337	-0.12501827596541903	-0.07157764268042244	-0.15699684622711452	-0.4733833859095693	rpca
-0.08068211636900635	-0.10799228193270616	-0.36620764521041593	-0.2662445238071369	-0.41167068861674294	-0.21207009188450177	rpca
-0.06700609309182814	-0.15255733944954142	-0.3612912602786056	-0.6904226433213658	-0.26754922155688554	-0.6757556925331509	rpca
-0.03719142852563562	-0.1596203544303798	-0.17190649834915028	-0.1610949465806628	-0.05608997713414676	-0.24899539755353617	rpca
-0.13794648771206752	-0.1823205301748454	-0.16468942536719533	-0.44037092734825656	-0.17234854554173618	-0.4551231099736317	rpca
-0.18479675061605216	-0.12840812826822523	-0.09402773581261292	-0.38680559264820347	-0.3090366426471678	-0.44344621336399226	rpca
-0.10107922005967263	-0.3825184587406225	-0.14679095331226732	-0.8203123861311374	-0.09774682481933783	-0.944676458990366	rpca
-0.06523870781074992	-0.1061150927487351	-0.3587455916709781	-0.14379362215893732	-0.4555732773050223	-0.2856824893831873	rpca
-0.08222971609257268	-0.10434962406015047	-0.11837727714976065	-0.3912152924596548	-0.2623647406042968	-0.39557762971981236	rpca
-0.07837682230019904	-0.33944628915662656	-0.693200362937834	-0.3261830469975553	-0.5557378210806025	-0.41295051879955325	rpca
-0.05081911431310293	-0.2752353095193567	-0.2890607321330909	-0.14831049487203574	-0.16563713053325535	-0.5395773630745906	rpca
-0.10273646140385218	-0.14345363150448076	-0.3246932674662055	-0.40211973333787987	-0.2037819208185816	-0.5804145808799961	rpca
-0.12182247536559543	0.05019876399253731	-0.3804552342045593	-0.32700879710407005	-0.35022002277163367	-0.4740276836655364	rpca
-0.04073944562683551	-0.15772064220183513	-0.11879386322631591	-0.38117300247908026	-0.24381585237549275	-0.23996366360414179	rpca
-0.1585278698841346	-0.1500391633858269	-0.17579639108698464	-0.21585563659901008	-0.4560689772176447	-0.23323232031099095	rpca
-0.10571086351356906	-0.23633814195037495	-0.33086649879277963	-0.8237665590945247	-0.16893884716234897	-0.45326531276904514	rpca
-0.14650444321147038	-0.08600172218628721	-0.13176176931190264	-0.13180328263021002	-0.2598066344096033	-0.43584484649005484	rpca
-0.010787836366428882	-0.18541172151898744	-0.11639618431230914	-0.6206447846373349	-0.17384592213697103	-0.452238525896941	rpca
-0.2211038842118227	-0.28669331293706257	-0.6042214517545013	-0.5278180744930361	-0.2817989454618639	-0.5366310991009215	rpca
-0.18361637261587416	-0.16467929763874278	-0.1933452110775884	-0.12536632812500037	-0.5066769014875094	-0.3167339243543772	rpca
-0.06332448686589998	-0.1401229216152018	-0.2355494751503322	-0.12753298705957383	-0.30311691763057147	-0.7069991021390172	rpca
-0.118137159671444	-0.19275596330275246	-0.12921796819548925	-0.17532036096990655	-0.3691847667340431	-0.3637268318051188	rpca
-0.0972674422182509	-0.24403240330960174	-0.08073760189323731	-0.04756545947887725	-0.3139503533391237	-0.5238340465208482	rpca
-0.22378898434333094	-0.23238712121212113	-0.06958812460311736	-0.2696977021953677	-0.19625124392562698	-0.5414892432229015	rpca
-0.09056786789475524	-0.1747718566037737	-0.33396271204936934	-0.21030448944188662	-0.3408869125231082	-0.2799845157503422	rpca
-0.07007127043120098	-0.20824066158212107	-0.5608596222437241	-0.6002519388462417	-0.2880519689087817	-0.49326747758428446	rpca
-0.16311464654776553	-0.05079067796610204	-0.41797205517498925	-0.2671650397456289	-0.553098379616537	-1.0267598764399493	rpca
-0.08579209218883754	-0.11818493758459891	-0.2592589395836107	-0.4513981746902953	-0.5976721665623055	-0.28561291848886783	rpca
-0.11655147784359299	-0.141293487957181	-0.14604191344286388	-0.11486066693376329	-0.20009626524390334	-0.0795475703783004	rpca
-0.28179492672435047	-0.05863781597573281	-0.7498697187302619	-0.3724530836232878	-0.16363134615384634	-0.4427715929332432	rpca
-0.061463389896938114	-0.0045703711886875276	-0.2206524675538879	-0.42117125042116266	-0.13845579335145985	-0.6159359465478895	rpca
-0.1291933946218038	-0.13338313385030331	-0.1678357526820804	-0.5703047805594659	-0.11804450904392816	-0.2535202985907321	rpca
-0.05402535463962521	-0.12032801142263749	-1.2342335446819583	-0.7515706787551464	-0.437922346578131	-0.4558487883946034	rpca
-0.09560718413794311	-0.05306190985359449	-0.22038094150797716	-0.6996037068666541	-0.5482521064401384	-0.2497929919804971	rpca
-0.09111468932258271	-0.10179893617021274	-0.4036740898680875	-0.3692249702936672	-0.4528229775515573	-0.3887321346708068	rpca
-0.05261528993616338	-0.6217807692307695	-0.2821095887097995	-0.31522776063265723	-0.3077669448064213	-0.3029572596836294	rpca
-0.1004351843729312	-0.19521376146788993	-0.17987613616381504	-0.21835503552459157	-0.3480738634592404	-0.24649604633843047	rpca
-0.10249681428318991	-0.14066346153846165	-1.0389306497880852	-0.20038282278252328	-0.3971140035215768	-0.3030385871043253	rpca
-0.12367493539641372	-0.12148119670685098	-0.4071052915585742	-0.16280194363125244	-0.2030831988802404	-0.05825781786502393	rpca
-0.20579191742849878	-0.2204106842596918	-0.09988425875992135	-0.8751874274752758	-0.3135679250757948	-0.3199890494731241	rpca
-0.11580468648433562	-0.048598625140291674	-0.43268847032629965	-0.3992381546062478	-0.03864026799267162	-0.444727706304916	rpca
-0.13696254554544973	-0.13153141236435428	-0.09705764065528677	-0.31545111660041925	-0.0805589568797509	-0.753817442468284	rpca
-0.06594290187048313	-0.1778756198347109	-0.9117701835426424	-0.14848927687506763	-0.2145033629686901	-0.20748733886313642	rpca
-0.1227373708374564	-0.12149480035756843	-0.08151863481269994	-0.1239373497957501	-0.19390331717193376	-0.206757107719153	rpca
-0.04279447996476171	-0.2383288822205547	-0.16485688839391988	-0.3936086449198266	-0.26255181320297494	-0.19854385131178942	rpca
-0.026752467571794947	-0.12825828449653698	-0.34183004680637996	-0.2755534610518722	-0.23526290767245328	-0.19635166922069192	rpca
-0.1733792772029783	-0.08066184363094253	-1.4014000401411315	-0.4674359528600185	-0.20458090393529282	-1.0831211125729303	rpca
-0.15123336553735123	-0.027705578744581683	-0.46753738119999655	-0.1923702529709146	-0.12282959625090273	-0.5450907749683365	rpca
-0.15627585443797987	-0.2559561714909886	-0.17907653165513282	-0.3897254677019668	-0.29589538323621745	-0.4181360734381958	rpca
-0.11913084937477048	-0.3323385018599938	-1.0419154423293473	-0.31778601490514435	-0.33839700000000006	-0.09196300033680438	rpca
-0.06553129190706519	-0.012857232410179886	-0.7997930234794353	-0.25665026090032783	-0.25052325855962176	-0.47230754558780164	rpca
-0.1451802018051771	-0.09627270655689468	-0.23860006718866122	-0.31339227305134165	-0.22577403419365494	-0.8575624727134701	rpca
-0.18002346156994098	-0.10357105263157873	-0.11850146322268529	-0.5789369331048759	-0.12231173157386621	-0.46392293772095883	rpca
-0.1294414881305912	-0.033129213483146014	-0.2387994506139448	-0.38075574754226715	-0.324183196391328	-0.33408721156214205	rpca
-0.0981714375310676	-0.26214497867045883	-0.3817541638006685	-0.46845873988723086	-0.329706464973039	-0.41044856465600743	rpca
-0.10470418173199714	-0.08008222222222239	-0.7727769751915434	-0.9819685645717391	-0.4947917561886954	-0.2658769088603097	rpca
-0.1156934935482894	-0.28060327127659557	-0.19366355947074632	-0.32964286993530467	-0.49943471267513795	-0.1389342216761098	rpca
-0.05411642494039781	-0.15339937101013867	-0.24917596440954193	-0.06501528151554936	-0.006216867632329537	-0.6864573637915115	rpca
-0.13678516523179285	-0.08915339240506315	-0.717448748831738	-0.11212489739467846	-0.11771685882470884	-0.389462711413636	rpca
-0.0558771036086978	-0.3142976750547044	-0.23003565136244153	-0.510573878496938	-0.15357235729386853	-0.6536063387013811	rpca
-0.12137727281736765	-0.21407712049508532	-0.10981526836046629	-0.6471017666801733	-0.08744993288009528	-0.37514768947895694	rpca
-0.10746969718524135	-0.014286614460025548	-0.08556402021301768	-0.18927878628714612	-0.2152087110300427	-0.22288176168109075	rpca
-0.08345637041567278	-0.28995260045061966	-0.665083003102952	-0.34418102517749083	-0.2569797719858593	-0.2950558732508006	rpca
-0.10262648630405513	-0.013976465964470997	-0.39928078853615534	-0.1515260585902527	-0.320449619398699	-0.5776315129897798	rpca
-0.06668491000260501	-0.20765672753057962	-0.3672868955688915	-0.1398748203736222	-0.19646137381626194	-0.5968306323773906	rpca
-0.07413676840835381	-0.23287285766490062	-0.26864294539077127	-0.4796851101441406	-0.3235497474708935	-0.33649926698279087	rpca
-0.045856142697034974	-0.10031518753691682	-0.2418909569685217	-0.25803820962892554	-0.37813523447245156	-0.48755845793610697	rpca
-0.15387233016641155	-0.11473851067270369	-0.48608804704079267	-0.24495145425130338	-0.21890520103283007	-0.22425248840099865	rpca
-0.1769078476826762	-0.07235330882352953	-1.115835954066056	-0.17594581425734868	-0.20863020533880894	-0.7277916661219144	rpca
-0.05082321323302885	-0.305589246973746	-1.7949551211435066	-0.09559827115863095	-0.26911006437673524	-0.7749116472281103	rpca
-0.11106727423440388	-0.2641639584037876	-0.3656284653746513	-0.3179430636105147	-0.11531378398791636	-0.14650558848469664	rpca
-0.04836550418669616	-0.23654988490628082	-0.1000675293949278	-0.09534758072250127	-0.40144776714072195	-0.40124871733288403	rpca
-0.164550254145855	-0.06765984251968549	-0.17939785727034985	-0.42049154508701125	-0.4770945990914832	-0.8485621645385548	rpca
-0.191899729320677	-0.20681209398756062	-0.42692238192114385	-0.13955595605658155	-0.3206051395242464	-0.41753137321613676	rpca
-0.03840712129835566	-0.11340216373324719	-0.14766891674823457	-0.2167572744014734	-0.1833000098338089	-0.3165203772154306	rpca
-0.14360670860731006	-0.1972028813559321	-0.1356807069570256	-0.7630668855648017	-0.19608084838303297	-0.30469266130889716	rpca
-0.17251933112308948	-0.2787407889507154	-0.5437130127188119	-0.15825289719527924	-0.21339432562199945	-0.9992059561901747	rpca
-0.18863516104491818	-0.11192601246105927	-0.14201247720472554	-0.23542988648098895	-0.4007620075868106	-0.5130262930459135	rpca
-0.05918233221162339	-0.08940296610169507	-0.22816626815675134	-0.5352572783147433	-0.22177485471843572	-0.21436036364603184	phylo_rpca
-0.048457540992939974	-0.3995149138146392	-0.6153461889447853	-0.43459450803808264	0.06595411356181657	-0.25720420159494606	phylo_rpca
-0.2425566045681291	-0.1443016644847579	-0.10363143393174656	-0.5086788854859212	-0.2262045621010771	-0.20672021421690245	phylo_rpca
-0.11759543906201797	-0.2773728346456694	-0.34234527096161926	-0.17501809097617582	-0.3251802190272257	-0.49548787811124306	phylo_rpca
-0.03886199309091576	-0.20295923656927428	-0.1131030306766827	-0.4071858556885237	-0.11591185213414601	-0.40133475128706886	phylo_rpca
-0.10162000628820933	-0.19834351750547063	-0.2066071224813164	-1.166564547427606	-0.2544571599176215	-0.4088930967051694	phylo_rpca
-0.10350441747987649	-0.3074259459459461	-0.10144198341742716	-0.3548649477831505	-0.3490035973683121	-0.6749258323521581	phylo_rpca
-0.20481864084446144	-0.23921488116043332	-0.13009620353779505	-0.16450934534578887	0.007855883583616774	-0.6543004106496821	phylo_rpca
-0.15147459087469994	-0.17024493858534528	-0.09284268056713696	-1.074779394324441	-0.1688680019097073	-0.5892964751917276	phylo_rpca
-0.18265102735672634	-0.14370458298230826	-0.1076147828523828	-0.318071280776953	-0.309646337622266	-0.36096044741146205	phylo_rpca
-0.06847647266776202	-0.3326216235893702	-0.19377503134907825	-0.49131778572270535	-0.12516823539760824	-0.3314985759784388	phylo_rpca
-0.1930433668675533	-0.12222012412723049	-0.3016612772699623	-0.21915553874185334	-0.2214912159006206	-0.45983466681222374	phylo_rpca
-0.052840889531523993	-0.14775445026178025	-0.042937214765889076	-0.2957264363942722	-0.1320680694875065	-0.5384798650519411	phylo_rpca
-0.15321128592946187	-0.0875654019873533	-1.2041659916772387	-0.2307372296308361	-0.32302007736785154	-0.34067522899409886	phylo_rpca
-0.24344483269228423	-0.29861017596871675	-0.16045918325296604	-0.5692253560863467	-0.10443009981851215	-0.8397708742967904	phylo_rpca
-0.24577185096540521	-0.014902686145146449	-0.09844559830345068	-0.4371974670080767	-0.08147528518740788	-0.4970332786221343	phylo_rpca
-0.020139985840150976	-0.04358209145427261	-0.27990029233860336	-0.5220126795241513	-0.01930996722107614	-0.2759072422440272	phylo_rpca
-0.17025923280936572	-0.09471806358381518	-0.024181912283529394	-0.5992350320239337	-0.13038148776079272	-0.5434248888766855	phylo_rpca
-0.142686740442296	-0.2281088942683116	-0.2131680973541321	-0.36474674802506146	-0.3354492701596139	-0.4517912478185031	phylo_rpca
-0.12130626079423323	-0.32980513219284613	-0.0007378678519467385	-0.18450722959173538	0.042335086461786076	-1.3023189612367339	phylo_rpca
-0.1007469905298497	-0.3480391169451076	-0.1780034088931144	-1.05714811743613	-0.1499129952473648	-0.3449292171386318	phylo_rpca
-0.15150624482788522	-0.042174019746121116	-0.526900613966145	-0.017241653420519976	-0.12236536510557983	-0.23381400072106873	phylo_rpca
0.03034050185260273	-0.2481328886310905	0.03648258784928993	-0.20551561117995587	-0.3816995891422119	-0.4177452801388468	phylo_rpca
-0.12187839251211474	-0.1686883114831781	-0.4077570881914361	-0.28177161850683063	-0.11519407699901296	-0.8890277608554666	phylo_rpca
-0.1306777893269293	-0.1758092814371257	-0.1557031425006976	-0.40501904108209974	-0.051136246888765946	-0.4861805207988077	phylo_rpca
-0.07722693771946565	-0.31104200000000004	-0.7789297588005577	-0.3086620368154984	-0.23785441918535022	-0.6568431609131964	phylo_rpca
-0.2565713440381634	-0.2945288748666903	-0.02568993793786767	-0.43233712516051104	-0.1313015732855225	-0.5307796101056397	phylo_rpca
-0.012491365765312068	-0.2562200765864331	-0.06938683896511888	-0.6260262488787922	-0.3505445774041813	-0.16528878286752846	phylo_rpca
-0.024552590268492658	-0.07159901185770767	-0.12207193375973158	-0.04977771170269518	-0.18464706760117622	-0.6102708676949702	phylo_rpca
-0.0726670036281909	-0.21221228813559345	-0.04188806243145682	-0.4760397963477392	-0.12859818355511865	-0.20753249631912052	phylo_rpca
-0.09532039444038198	-0.18881949468085102	-0.029771709616446485	-0.03248066700639107	-0.4103570189767254	-0.28768393755740407	phylo_rpca
-0.011662782333245802	-0.16207587815587265	-0.11648675404670805	-0.5038687054520192	-0.25098315515478187	-0.32949233172554915	phylo_rpca
-0.08063234739756564	-0.10886160436137082	-0.0779002707115597	-0.46549182354355545	-0.1008319452236448	-1.0504273329689684	phylo_rpca
-0.07233490847315238	-0.2656666050808314	-0.05333231745293099	-0.2799451278920726	-0.12989043200805872	-0.3671204560287036	phylo_rpca
-0.06451497286617891	-0.2443203034682082	-0.17075209464834562	-0.03105221764485533	-0.24144247064037128	-0.209769405015636	phylo_rpca
-0.10727329512170791	-0.21848111729019215	0.051345825007164225	-0.27992336107164695	-0.07748009549915968	-0.151792996195506	phylo_rpca
-0.17357129782239156	-0.2506214878175219	-0.35117711786293393	-0.6271355261766274	-0.12106436106779173	-0.28612797455618577	phylo_rpca
-0.17054016612427292	-0.1259116944123948	-0.1675386276612234	-0.4436842806887651	-0.08990985729227985	-0.5533486459134802	phylo_rpca
-0.1370212433061102	-0.24459847944142754	-0.23866831323627258	-0.27573755114470355	-0.4595173219068023	-0.44615559027988105	phylo_rpca
-0.02522066452031746	-0.3794326040172171	-0.10390063940201277	-0.5311325205530975	-0.04991949863760192	-0.38890208329210396	phylo_rpca
-0.21781355239389044	-0.1385074505595587	-0.18287514878890887	-0.5159241477922687	0.11235488336377242	-0.5472657503457059	phylo_rpca
-0.17134916385332555	-0.3585991488020175	-0.009685956351021208	-0.14365743411723186	-0.2662331147540997	-0.9022621223322855	phylo_rpca
-0.03136835135382299	-0.12755535126234885	-0.4566706294886014	-0.12150313946770819	-0.24733618995693885	-0.09540643944440519	phylo_rpca
-0.08670670271330594	-0.036923796012269916	-0.043350086121725306	-0.17485729725886157	-0.5323863771906867	-0.5964055210605617	phylo_rpca
-0.09427362217139112	-0.13230154394299265	-0.08387597396826063	-0.18983218778177657	-0.2595312750436656	-0.3308724411975701	phylo_rpca
-0.1842215784096195	-0.13411518811881207	-0.30784474294145636	-0.2724868690083131	-0.11281273171631434	-0.7892698753806433	phylo_rpca
-0.16796150650963027	-0.31227816292943866	-0.1400829489732136	0.023858277706945152	-0.08506016517402215	-0.32790803574453986	phylo_rpca
-0.10043744611323757	-0.19016762319414204	-0.4028355843579865	-0.29873787116463335	-0.07230849315068477	-0.2637984315717843	phylo_rpca
-0.06949311112596401	-0.21428239211507716	-0.09821308324356903	-0.2828896057463124	-0.22689429515956694	-0.6747554071008819	phylo_rpca
-0.13096344746366273	-0.020183152392440507	-0.019771862545588492	-0.43256006427976956	-0.19878338912512494	-0.8085034328736334	phylo_rpca
-0.1374298054982528	-0.024560761642949513	-0.16396601596147065	-0.05378178878352702	-0.024990262538643115	-0.4220707302585611	phylo_rpca
-0.1259553602326302	-0.2887937542144301	-0.2455776506089049	-0.09486631022326786	-0.3826677896042161	-0.4884164710915675	phylo_rpca
-0.13213707887605652	-0.08028628656914871	-1.216233627317099	-0.11274262057145101	-0.14818291915528925	-0.32535809514377445	phylo_rpca
-0.18286438459696241	-0.1553558943449742	-0.2601143211895627	-0.23905366394104033	-0.1570797786379452	-0.8870149243345633	phylo_rpca
-0.03227968048214169	-0.1470213150289017	0.04083514267930244	-0.16117730132134733	-0.09999699443070109	-0.25483772767157165	phylo_rpca
0.021049601532906248	-0.3119749999999999	-0.37758975975803155	-0.11395033906549612	-0.21831507722156718	-0.5469852196791547	phylo_rpca
-0.029267940274102733	-0.04622159628378397	-0.1264019175121418	-0.0934424742753599	-0.14553947772657416	-0.8789589376047193	phylo_rpca
-0.023467217295399134	-0.07252668350168356	-0.10029628685583813	0.012684235879295347	-0.39612559440559303	-0.7201906074680906	phylo_rpca
-0.10296764195889896	-0.059202693847834054	-0.5596774212924682	-0.31683095754012025	-0.015514884526413475	-0.14803410914257076	phylo_rpca
-0.10197558119520278	-0.22915558645096046	0.040695381294557964	-0.0954858964551264	-0.03286013449426051	-0.2418162005054787	phylo_rpca
-0.12019109751305357	-0.07119997395833333	-0.42211717495741974	-0.2821428261304224	-0.20534612552462894	-0.8303493515189702	phylo_rpca
-0.1610797760676932	-0.043224813330905	-0.44745769832696913	-0.06280845905977372	-0.12587138094784533	-0.6444131208637698	phylo_rpca
-0.11834053062125505	-0.2972142211538462	-0.7511872834136248	-0.16694906770007734	-0.32251372138019896	-0.20719345658779775	phylo_rpca
-0.2068903163904574	-0.07614408341416068	0.00645410632359722	-0.7401078782250752	-0.05464737960339838	-0.3135380151076341	phylo_rpca
-0.23188325628280437	-0.3165669306930692	-0.20896249916433707	-0.5743394416139247	-0.33557914519551346	-0.43764707822640125	phylo_rpca
-0.10193809071059912	-0.26411540611640905	-0.032441128620067206	-0.26446792802030994	-0.003785100098457006	-0.2663312615275526	phylo_rpca
-0.07887518060650844	-0.16881278822815537	-1.2022369935297004	-0.02856119198913243	-0.21772062841684625	-0.27384272043505375	phylo_rpca
-0.11961057374613038	-0.11412443538268491	-0.009481770420424418	-1.0357510673463173	-0.08580982060638975	-0.5893794284725935	phylo_rpca
-0.15092550335649868	-0.20976656298600305	-0.02960649653305958	-0.5523549382621853	-0.017442417654092823	-0.6376152480007109	phylo_rpca
-0.05717366507349042	-0.32132368421052604	-0.08804595590221753	-0.3202101027578881	-0.2393885613674127	-0.5685309622689434	phylo_rpca
-0.0738205512925878	-0.05679699449252551	-0.884892324588709	-0.15034070421264745	0.0030180374921520148	-0.6060068284470337	phylo_rpca
-0.02068958680395716	-0.2532478675645342	-0.2421808239770038	-0.028815309538265055	-0.15942495169600623	-0.34231722037817947	phylo_rpca
-0.21462264696687772	-0.16635252223356178	0.040185704798130106	-0.2333657698580487	-0.12834713216957505	-0.30599868548169273	phylo_rpca
-0.09267921145241798	-0.40798022818455393	-0.1611617367237863	-0.10813856262989985	-0.16556032156660616	-0.3546603977346541	phylo_rpca
-0.16240281366691578	-0.32118076663858486	-0.17128855820924294	-0.36994480398335194	-0.4554977550719672	-0.41119298096816004	phylo_rpca
-0.1058332331596934	-0.2752408079296802	-0.08183397429264594	-0.9947286988936033	-0.07686792797494801	-0.5313509188237209	phylo_rpca
-0.0010709548566385507	-0.14556382649109234	-0.052141350274950815	0.010264733464955489	-0.059278799313894126	-0.5360529092628148	phylo_rpca
-0.08446529580164719	-0.08511901269161037	-0.1595725935835668	-0.41988889042319477	-0.1400257771286364	-0.4014352031120756	phylo_rpca
-0.17288395798310274	-0.05419345227784511	-0.016953762012398288	-0.21188387467239989	-0.007177446202836224	-0.43001817995280534	phylo_rpca
-0.07046669997799992	-0.15346877116594104	-0.19977497245405917	-0.3839177731893275	-0.13947337019169126	-0.7102755981006195	phylo_rpca
-0.05075064790401562	-0.08861269489343448	-0.27976810069161573	-0.16731942809584166	-0.05963328859060435	-0.5195665772298903	phylo_rpca
-0.08700070192776299	-0.11581001480019726	0.08767445338375901	-0.4017965558748804	-0.39028704717356555	-0.5008582765206329	phylo_rpca
-0.1557871534058386	-0.05926152681660901	-0.09637780136536245	-0.3020699575624044	-0.08768082180167092	-0.28370411445713284	phylo_rpca
-0.1652757091123198	-0.2723567073170734	-0.3189066633239084	-0.1267005556182308	-0.077511161333502	-0.40639520754997593	phylo_rpca
-0.13698960980642272	-0.157155349401769	-0.1255238732370192	-0.18533930729073278	-0.07102250074015592	-0.608889160121078	phylo_rpca
-0.013918827800736722	-0.30726541567260046	-0.2608751853104796	-0.9891387748658069	-0.23710029007470879	-0.6774358894233043	phylo_rpca
-0.06335469858451681	-0.11899036697247767	-0.19284734745620624	-0.26097690211695856	-0.31431671453598375	-0.6156061527116907	phylo_rpca
-0.07965491227950783	-0.17525144959857264	-0.2124758910363811	-0.09788469994969229	-0.14066073638938414	-0.2707468708212202	phylo_rpca
-0.13994900015797018	-0.14976029273532965	-0.25604587204816776	-0.029641431878807856	-0.09037501641390966	-0.24910704083814506	phylo_rpca
-0.08466069458855197	-0.06062139959432056	-1.0813681827685158	-0.5525903188736496	-0.28430653434102027	-0.4849624786530935	phylo_rpca
-0.17070434150743719	-0.06103762351778652	-0.36764486773339056	-0.39353443673082333	-0.09440209617755713	-0.8540353948418771	phylo_rpca
-0.2014122295437326	-0.2035614964500272	-1.0803627311808555	-0.3571996144298786	-0.3859146305484751	-0.45526585757873383	phylo_rpca
-0.0896137294722843	-0.1417421869971034	-0.3080634409518308	-0.15751996070417884	-0.20894604861118604	-0.5046406984773382	phylo_rpca
-0.07980843650547831	-0.09522239502332774	-0.43183061916082544	-0.43147387338325416	0.05006464527026988	-0.14599691286877703	phylo_rpca
-0.18535400430041493	-0.1039347805113362	-0.20772152547233746	-0.1838459890463926	-0.45915486297689223	-0.591445846561307	phylo_rpca
-0.16006728429595896	-0.17143923746889422	-0.47734807718351413	-0.4644288383504762	-0.29523051095473085	-0.10059913191883063	phylo_rpca
-0.0877892012664998	-0.29908106115762667	-0.010654582471962382	-0.31549055980178853	-0.03482635200785311	-0.5037179007048245	phylo_rpca
-0.14681009879479157	-0.13592902984057775	-0.11841147202095392	-0.34592548556074476	0.007373557087624882	-0.3194446977184493	phylo_rpca
-0.09243355748771132	-0.17705726711560033	-0.2524231313505305	-0.10516829381351345	0.022709619686801408	-0.3180049658425521	phylo_rpca
-0.16402187624292774	-0.0919403029736301	-0.28610851849358276	-0.3663865851278405	-0.17746151176662028	-0.24474582651277488	phylo_rpca
0.3372106669176438	0.027331777378815092	0.25430230887221306	-0.2754075766496096	-0.08647491689619113	-0.07271519565853812	raw
0.3521845428060123	0.23571089934484823	0.07897384361206505	-0.02032200336439538	-0.08128909677419416	-0.19363209149553184	raw
0.32740529324575496	0.06930969681353627	0.3712273228245746	-0.05613481639361195	-0.05373623041344233	-0.007357858817821805	raw
0.36342224009257285	0.12728600344530583	0.18426884004369826	-0.07775720562039234	-0.028542590120159916	-0.06754400700597007	raw
0.2759040921320819	0.0740796954314723	0.1464130784172396	-0.07522982843125758	-0.03862936921782967	0.0044614594903361615	raw
0.320094336307174	0.15278588235294122	-0.0029058987829644334	-0.23423244255272868	-0.13409962163204248	-0.13360272638625426	raw
0.25624220356991545	0.09749695394531654	0.13493960906602942	-0.126674996725052	-0.08556227771540326	-0.23183244932565716	raw
0.31766139318864883	0.14035153374233134	0.1472410070598721	-0.11697885889002757	-0.046454680150517236	-0.11302024997678495	raw
0.3679149650496951	0.06846422428620602	0.37812215031295615	0.028455597671530275	-0.09736333745129766	-0.16991069518874413	raw
0.2917316001484146	0.011493415819708308	0.08145589863103164	-0.17631820602618098	0.05581640728040094	-0.06877347727784922	raw
0.3262704956296528	0.015955789473684145	0.31862921352624496	-0.11171764988442967	0.12226343332002376	-0.49311378935721306	raw
0.2131112498078208	0.20476418203216973	0.1551349291230124	-0.14453213589477176	-0.08912458854102234	-0.06142418827451257	raw
0.24449325998478022	0.10510397842211716	0.4151948063465023	-0.04255565223870228	-0.12592167541584232	-0.1432655763654398	raw
0.2922903941456396	0.16662657634184463	0.10639976794834505	-0.33776021985553895	0.03492139936764149	-0.08815985496539813	raw
0.24144972881395632	0.05796709768916297	0.2370699505455025	-0.04335485229916336	-0.10897358234997023	-0.3220207752255928	raw
0.2744467385109558	0.162838639937107	0.17719593868503702	-0.021872194118941035	-0.05204098954143177	-0.05229675982800952	raw
0.3814114288650303	0.2228562050947095	0.27400392450204936	-0.3730319732651681	-0.023621425837726973	-0.12720880662836165	raw
0.21329247968866072	0.17477756255044397	0.18599122424009207	-0.0788591997446948	-0.06099759292674123	-0.17597512995687326	raw
0.23269890255613712	0.03913575696494154	0.22007934712060973	-0.053949690452915755	-0.044347262163954904	-0.05910136767234708	raw
0.25261051828601344	0.08166905401372726	0.3302328402139607	-0.16457869750955334	-0.08619744384688355	-0.061420248623757834	raw
0.2778368746695814	0.09209124454880913	0.14191377026592722	-0.27153107449690617	-0.2379759783513733	-0.07723146217786647	raw
0.2948290576792333	0.22741228788765344	-0.023192640538791665	-0.13657746507847945	0.025734437124431242	-0.08524953145529168	raw
0.3661751547826193	0.10136181481481477	-0.01976500969285233	-0.2561349192203297	-0.014037188153155356	-0.15756885262367137	raw
0.3065035152157325	0.06813157367190137	0.1412341331797603	-0.13464316553467492	-0.24121318239526035	-0.08688297061351657	raw
0.2844780999187846	0.14586403908794787	-0.004122230771946178	-0.09830894103497734	-0.2199642981064731	-0.2887549255607429	raw
0.21292001434302033	0.11726947844390745	-0.12977316606439349	-0.11754659185520411	-0.01603891722244022	-0.1352414822829835	raw
0.31409035766780025	0.15959008234548933	0.09568367095276087	-0.25396747106161444	-0.06755120258465941	-0.09034562772870025	raw
0.3125694212232001	0.18874843236132444	-0.06156237064734671	-0.13826772437886614	-0.27514217453310663	-0.10328799496945695	raw
0.30854348240512697	0.07630553797468331	0.390518146431561	-0.056084521153684896	0.034575741785020986	-0.08970033537511246	raw
0.3132912135339243	0.13919599692070816	0.4517400739878553	-0.034656052753781585	-0.1606793886513338	-0.09018860135513829	raw
0.32936480360349285	0.17867098051157126	-0.014966406469766547	-0.03733022780102213	-0.15664366769945737	-0.2767160536340776	raw
0.3111280131674322	0.11022320590207912	0.07829228896689666	-0.06845734859438823	-0.00016386104894450249	-0.2503061104142701	raw
0.33059986798687013	0.1761733043768795	0.46115018000754615	-0.25086557267277776	-0.010235164409642117	-0.22907178915777737	raw
0.3199951537706692	0.13515408805031426	0.009296731610091924	-0.08295609637127344	-0.015214040244178495	-0.08235514711480585	raw
0.29118366067646484	0.058578664716330664	0.06851910100984737	-0.11800284586927745	0.014863526220615486	-0.2902849384217612	raw
0.3202536835463403	0.02665168423759312	-0.027584506102775075	-0.013969519517388118	-0.05932110061428908	-0.16078513244519166	raw
0.3053017565956526	0.08446385734969164	-0.05821630467528882	-0.13938203551682693	-0.022432131154775714	-0.1265979440414804	raw
0.24206330249795627	0.2500305260132224	0.23265465984097666	-1.0021910211160185	-0.06530657630316239	-0.09559605290438244	raw
0.2637326412067489	0.20241956754090262	0.26532045785288627	-0.045526859330836444	0.007907823461759667	-0.1619098179615015	raw
0.36437494255800873	0.14621550308008247	-0.020030608150339635	-0.11078989310756415	0.018700035875415133	-0.046926627597813964	raw
0.3249855589226197	0.14560223503325975	0.1391694903935199	0.015275883165580928	-0.047608111221539184	0.032998974371796	raw
0.3290426063973795	0.14367533495736928	0.11118330458826742	-0.08739504018076039	-0.058631042122345045	-0.3455456221545854	raw
0.32978773287850127	-0.025294666666666465	-0.0829443400292289	-0.14903524023604464	-0.00838355824568393	-0.12833637319711544	raw
0.31321641681014967	0.1507708905453119	0.17362746805606144	-0.11954306959122696	-0.05384361954248673	-0.2555682966587691	raw
0.30351520135645216	0.12417085568551589	0.25950080436212597	-0.01558518951801613	-0.032659916528360755	-0.18996731880835926	raw
0.34509518642931303	0.11112022222222218	-0.05163095894073266	-0.24619345517411806	-0.1376262003703872	0.03733532129030115	raw
0.3645576987444167	0.15009587234388988	0.108580584247983	-0.31680725689760303	-0.011918399735493246	-0.11405427731669993	raw
0.32862757677296917	0.1536690202177292	0.2677379870253481	-0.06383964931021024	-0.044375220232432566	-0.06996227433376911	raw
0.3245690137834456	0.12328379582048665	-0.013998089801670943	-0.1754186444954846	-0.015241800977435549	-0.009001967337727512	raw
0.30139314753181845	0.09779566563467468	0.408632452627269	-0.09260870550473888	-0.08387120679886695	-0.06473648577542424	raw
0.31824040278400445	0.20797644576580032	0.37385851613245646	-0.08052455625990529	-0.10563251808134422	-0.00301970991149636	raw
0.38839935584241025	0.19011371083644757	-0.04120783165634623	-0.06332273870820626	-0.17959330869430334	-0.282590487674915	raw
0.3497076181794505	0.15763540442205426	0.16829438519051687	-0.19559088708424777	0.028368063915946373	-0.029172531059489692	raw
0.30503498782089855	0.12823375000000004	0.08543828051713087	-0.27958999121564343	-0.042866455031939754	-0.11060952791376666	raw
0.34332495397634655	0.11160446584327666	-0.017094938053428654	-0.02880446034876183	-0.012297645472461038	-0.10777011593305708	raw
0.3740085212226214	0.09399294117647061	0.3579122109704148	-0.03421042355061599	-0.1256636176123418	-0.03310238980877833	raw
0.32200336021113896	0.05576026705160575	0.12534869407928917	-0.10818766936923874	-0.11073840112766753	-0.008519036400242985	raw
0.3677944464510635	0.23059517396184048	0.24377420689870155	-0.19550176112488948	-0.09943820650892166	-0.12904112729322859	raw
0.2874569289978379	0.14228541388518012	0.46105395814738426	0.050200491517449986	-0.2413678489200739	-0.16481710374985026	raw
0.31475811427243716	0.12427356321839089	0.006136570651559037	-0.18640464761860653	-0.17549241128687454	-0.46093016073067683	raw
0.30741906814186304	-0.1412210702341139	0.0034354032360516262	0.003529830161053904	-0.12401051379638406	0.04733679150972825	raw
0.32830102303778597	0.18785437067209765	0.4305481506004579	-0.038077834051723825	0.0015255931770968845	-0.13207618108051955	raw
0.33760829877652787	0.05681824404761904	-0.09013652359571034	-0.07530153624009639	-0.06620943203546026	-0.12204568525725512	raw
0.21739821249373958	0.09576873270614283	0.43403949487820914	-0.137077592653857	-0.09583298305084686	-0.017532631705242885	raw
0.3357143790586592	0.09138589611283132	0.43759256333923324	-0.04532110834483061	-0.04445588491717545	-0.10679766069619001	raw
0.32403940724312963	0.21814177831912318	0.09751755811094687	0.0024992631578946156	-0.1251228780530813	-0.09690725916526954	raw
0.34727920441442917	0.17497933216168726	0.09834023820245696	-0.0712491111280662	-0.1138689721977888	-0.06349159984353592	raw
0.31366343028777455	0.20467100469334198	0.012853342595724349	-0.04674653795569883	-0.10817935649992849	-0.02984682732707844	raw
0.36600713464654266	0.08602929622478206	0.19574697969328114	0.00859342758168713	0.04883775453501438	-0.13320757526377425	raw
0.2198497174438867	0.09296416785325412	0.014544544798425485	-0.1413384148136967	-0.053063218361263154	-0.43065226797692624	raw
0.3095285136747581	0.1437456453943866	0.12238884501096015	-0.42558150606219036	-0.07217736556067766	-0.18784188077235542	raw
0.340011517975328	0.181598023715415	0.1273762805020967	-0.1520429439184927	-0.2393919416714787	-0.12576675839984164	raw
0.3149174679522	0.21291291482069719	-0.09164188568476517	-0.1376753501932717	-0.03427492493256623	-0.17939165626400055	raw
0.34528960413309573	0.1531051760563381	-0.10403836054082727	-0.07331762285290444	0.024142115938933784	-0.15947062210936958	raw
0.36535420985355194	-0.024733349448070152	0.2992868246955318	-0.04974956475620651	-0.2009379322492928	-0.06190168954184583	raw
0.2397100430655117	0.1685257318501172	-0.06063873194928626	-0.10751245835316436	-0.12198989572759955	-0.11854392062121888	raw
0.3123849124424052	0.1946437772645625	0.10621876029726018	-0.09272571365574045	-0.011014058779085678	-0.2909740491367059	raw
0.3314261297677785	0.07130193940664653	0.37529267284152334	-0.023171487378888855	-0.28895108198189146	-0.35113062525685246	raw
0.35193844711992395	0.12223257810636767	0.4216793296740525	-0.08145723912599578	-0.0780583924227527	-0.11808048944695448	raw
0.21624543465831447	0.17622653778558872	0.124963308565054	-0.04655231897341916	-0.10253525121555973	-0.1542100955498682	raw
0.20773719146918213	0.16721021967526284	0.12184559807101814	-0.02146489685166686	-0.03350941385807027	-0.24607820398589464	raw
0.3554463304712593	0.019810144927536077	0.48130618559028604	-0.08386735591729	-0.19911336694553672	-0.169288208707709	raw
0.37932417746634894	0.20840226702058973	0.34616696726397134	-0.05497396369929186	-0.056014007117437536	-0.21229808846901976	raw
0.24176549971066652	0.17426351247107263	0.4166347194209459	-0.24887543477904428	-0.11244265306122414	-0.10927436745158103	raw
0.33985193624047094	0.20388163184864017	0.1309081399412656	-0.2660555196630905	-0.07496442610232212	-0.22182191649028127	raw
0.33547674691045704	0.18366341789052087	0.3383101022890551	-0.35321033333556295	-0.1341737276073618	-0.10262501885118724	raw
0.3791435034137052	0.16454644270512708	0.45935215946857555	-0.23644418374002885	-0.06977342761444039	-0.15270744850247264	raw
0.2934741425717715	0.12039657371276269	0.1452535141805622	-0.1951003961926363	-0.04995235246996055	-0.17396089271813908	raw
0.33593664284012015	0.1196727666955768	-0.056587933083905195	0.021234378222496186	0.0022922600955276318	-0.16653930309052378	raw
0.3333311711243099	0.042963030740829855	-0.0268205917528066	-0.11627673341160105	-0.03417138037071776	-0.08849803824574387	raw
0.23733025942212638	0.09183439652047831	-0.11786445343459828	-0.06497582767181131	0.03654807005332805	-0.12915657268174785	raw
0.2715213697936967	0.017245977011494773	0.21656237437028492	-0.01817802620788611	-0.08028349924246614	0.04523456484549715	raw
0.3115855234109203	0.07924346076458755	0.45585981989514035	-0.04160183153274821	-0.12466247006500164	-0.22161398952716782	raw
0.2569864100828211	0.058162171796805606	0.16057680975571376	-0.22977923311842652	-0.0839688260056124	0.02184989931786596	raw
0.21699686509114047	0.06514425008781166	0.428058285615041	-0.17587373121069239	-0.12226446422458026	-0.027445227704566033	raw
0.283741301335363	0.1727317452173277	0.14265759461487382	-0.15794421046081264	0.008534605518849658	-0.22143889467429334	raw
0.29094615192641116	0.038775937472556476	0.1660168894081987	-0.5869281749580175	-0.07850575284300332	-0.06570921674165353	raw
0.28584247227915616	0.1508194972520044	0.0826566828603913	-0.07294907248224969	0.08713416104005467	-0.11225043404615875	raw
0.32235627858635607	0.13011547344110852	0.15600409130470438	0.0007591767551540229	-0.1306650699144205	-0.06877505955351482	raw
0.3687825635519312	0.036517653641704895	0.03162524492711338	-0.22979143013933134	0.061597092180863844	-0.09281650884495418	raw
