abx_all_sources	course_num	day_of_life	host_subject_id	mom_courses_ofdeliveryabx	mom_prenatal_abx_trimester	month	month_of_life	studyid	beta
-0.06945925361766991	-0.08972972972972948	0.5337963374607749	0.031370254663823816	-0.46442857142857163	-0.23682458386683725	0.5183815560410301	0.5042883448917005	-0.0015837471134987346	unweighted_unifrac
-0.13315151515151524	0.01785536159601009	0.38970270985015953	0.04129612690900797	-0.9355714285714287	0.03262195121951206	0.5064526137017076	0.5293508878743074	-0.022310788274869653	unweighted_unifrac
0.009039772351267406	-0.1519718309859157	0.5190024352901283	-0.06031004527998496	-1.6957142857142857	0.03659574468085092	0.45829777409841677	0.48215700402228956	0.08134238297615548	unweighted_unifrac
-0.03842364532019693	0.19983050847457617	0.2745334708479481	0.028031293191438822	-0.2198051948051949	-0.013049327354260232	0.5965101808563353	0.5533238561424202	0.022149590294080035	unweighted_unifrac
-0.03098405135331861	-0.02111597374179408	0.5235137648789006	-0.0013426544144949926	-0.01055555555555543	-0.3170085470085473	0.4631537785673595	0.5767709871606165	0.042903484541964354	unweighted_unifrac
0.001105691056910607	0.292099519860323	0.4502518725073442	-0.019497944651794663	0.08726190476190487	0.07683856502242115	0.5229403735229883	0.5085445939721746	0.004638334305867908	unweighted_unifrac
-0.027463437231155963	0.22699588477366284	0.49699564161523957	0.02872727853371193	-1.0425757575757584	-0.39043809523809525	0.5027151972087571	0.48381588998932146	0.02415816266898685	unweighted_unifrac
0.021001773591829087	0.10104683195592301	0.508855814495001	-0.007924880424751368	-0.13569444444444456	0.0022869955156950006	0.5473257965400997	0.48224297643686975	0.03561354047144827	unweighted_unifrac
-0.0484791233704891	0.18703920684993225	0.4961943107274902	-0.017875659518718168	-0.07077922077922083	-0.13203020134228205	0.5027591857743678	0.5301203534701546	-0.01879475816318199	unweighted_unifrac
-0.10076565295169937	0.2269300911854103	0.5530229299159231	-0.012927874815311435	-0.258	-0.22506186726659205	0.5183199828053211	0.515225086855212	0.02600438355673851	unweighted_unifrac
-0.016679360243716967	0.10102564102564082	0.49573935258124424	-0.010934007030640736	-0.003809523809523707	-0.17739819004524926	0.4867205476909331	0.5161459154433513	0.015646877334782427	unweighted_unifrac
-0.01543538969281566	0.1800362976406532	0.5264985409323346	-0.06604000251576503	-0.012916666666666687	-0.17795255930087395	0.553848048334677	0.5726243495825338	0.006889298270078892	unweighted_unifrac
-0.06331671477302514	0.22985480943738645	0.49233311059249707	-0.014062224178107652	0.019534883720930152	-0.0850413223140496	0.5143176321005517	0.49457455266064	0.03985652244751303	unweighted_unifrac
-0.062476190476190574	0.024904458598725587	0.48481853505800054	0.011947612984416267	0.09333333333333338	0.13185601799775026	0.5074577846119015	0.49705872287381736	-0.03358122613740089	unweighted_unifrac
-0.014920325203251927	-2.9745552560646895	0.505748489849135	0.019571507123219423	-0.6645833333333335	-0.11717877094972118	0.5499043771301845	0.5256099689713712	0.0007264055766664779	unweighted_unifrac
-0.04187306501548016	-0.01623404255319172	0.4629832432148877	0.00959785227957377	0.06919753086419755	-0.12033745781777316	0.5380451967754474	0.45554024232651147	-0.053790045430704314	unweighted_unifrac
-0.1450786455113675	0.14648039657503376	0.49813840332537274	0.03197071930370088	0.017558139534883388	-0.11767759562841573	0.5005346560044762	0.43755256971477174	-0.007654885116783694	unweighted_unifrac
-0.11849334466156924	-0.10308562806488153	0.5215623768102183	0.10561944401248513	-0.13075757575757585	-0.009802158273381378	0.48150166508087533	0.5349391117078282	0.08864619806670326	unweighted_unifrac
0.017378068956389492	0.23213296398891947	0.5241414505685917	-0.013804137714312104	-0.0693209876543206	0.026666666666666505	0.41073788574368597	0.45027928235703474	-0.052256745628387336	unweighted_unifrac
-0.12761359570661912	0.1116696269982238	0.3441604698886299	-0.0023650306466584947	-1.392878787878788	-0.11777277840270006	0.5854305721596331	0.5287187145541725	0.05194149989676888	unweighted_unifrac
-0.09986565158978933	-0.27501214574898847	0.4930375984303136	-0.008540522265984007	-0.8287142857142857	0.0008679927667267773	0.5470556791947097	0.434981628270962	-0.012841503107727137	unweighted_unifrac
-0.03751664214140549	-0.9525423728813565	0.5180729916859876	0.018248435184321843	-0.010116279069767531	0.13042079207920787	0.6038501040372396	0.5453448221501194	0.015335202194809217	unweighted_unifrac
-0.013388752440329998	0.2689062499999997	0.5220852358312615	-0.0026277893350685755	-0.02101190476190462	0.0005379442843416182	0.45896770072555537	0.5397804059884209	-0.03948156961779414	unweighted_unifrac
-0.08102520532427082	0.10184090909090937	0.2940964959011847	-0.03785001497261198	0.06398809523809545	0.048128916741270955	0.526254876750599	0.5927343115104753	0.04169356291808857	unweighted_unifrac
0.0010416666666663854	0.14116477272727235	0.4922228161880473	0.0014357719389419543	-0.09610465116279099	0.09063829787234057	0.4984563148663185	0.506176612121032	0.005734027673694908	unweighted_unifrac
-0.009675071140228697	-0.045641891891891495	0.4772911797460071	0.03215115820763159	-0.0017857142857140573	-0.02419421487603346	0.44707666071376284	0.5235687177151892	0.08362506863810804	unweighted_unifrac
-0.033766233766233666	-0.638134328358209	0.5236429138641432	0.047895886417745115	-0.02303571428571427	-0.13088383838383844	0.5354033542357632	0.5585230523903937	0.034804208116936075	unweighted_unifrac
0.030163457084243395	-0.9787810383747173	0.41499717344009235	0.03377623444920874	-0.07843750000000016	-0.02870098039215696	0.5819774038671168	0.5733770324349794	-0.032124232657626095	unweighted_unifrac
-0.053467214771885097	0.1787841945288754	0.4966927331856573	-0.05374311751597216	-0.21538961038961024	-0.29424354243542483	0.5347376099102693	0.5825226321307131	0.012587478064646995	unweighted_unifrac
-0.056130997715156505	-0.009730769230768876	0.4818772362008309	-0.007137329041517537	-0.30822727272727324	0.12209414024975962	0.5674451075984108	0.5315383825765599	0.018916119574770573	unweighted_unifrac
-0.04404761904761889	0.0008456322297566432	0.4814346974641899	0.025558947748549166	-0.15467532467532452	0.06746636771300418	0.5820646700370813	0.5911742590178901	-0.06894572673264232	unweighted_unifrac
-0.04177350427350435	0.06770008424599849	0.5278515174768652	0.008349584407729371	0.051162790697674376	0.06145141451414482	0.5134434016327324	0.4801846728104233	0.020695334012289734	unweighted_unifrac
-0.039121533593895697	0.08738292011019255	0.4807048692714002	0.07661315181094264	-0.1050000000000002	0.03621156211562093	0.5812209972686754	0.4513196679941138	0.030974073413397418	unweighted_unifrac
-0.025795777910131656	-0.5367164179104471	0.4699814989133779	0.05479508516850684	0.027559523809523867	-0.04111227701993703	0.5305802362087009	0.4382374369155503	-0.0076757394319495464	unweighted_unifrac
-0.0453414351851853	-0.11558823529411777	0.47882594266036227	0.024560712039250143	-0.13480519480519493	-0.08411764705882363	0.5061905490247491	0.39925144779238586	-0.04040319691795835	unweighted_unifrac
-0.014013709063214419	-0.010485584218512978	0.41374709308970437	0.0664766998430133	-6.17283950616887e-05	0.057815602836879476	0.55259439673032	0.4631560969920966	0.03822141402791501	unweighted_unifrac
-0.07528379772961835	-0.31212121212121224	0.5346571541997398	0.008578274395452556	-0.13769230769230756	0.21601485148514854	0.4491825682068371	0.5257368141876714	-0.05245856769047608	unweighted_unifrac
-0.11115091804746968	-0.30028075970272483	0.48064313112890233	0.04211485057869235	0.09753086419753065	-0.03216715257531577	0.5376066163912026	0.4447391173313172	-0.0014375068703111893	unweighted_unifrac
0.010393495934959307	-0.10608280254777092	0.488805114620809	0.030173382202278276	-0.0027976190476191043	-0.05346534653465396	0.5686336311408111	0.49871961705101775	0.023988690273942237	unweighted_unifrac
-0.016146230007616502	-0.1456716417910453	0.2642269869305036	0.007759297461492065	-0.0017857142857142794	-0.40491428571428534	0.5298622961228621	0.5161605183456441	0.0026803606145203718	unweighted_unifrac
-0.07629958117763014	0.21532494045593709	0.5299736898914913	-0.0006826078840729277	-0.07080459770114955	0.16000000000000003	0.5345666056523763	0.5353768227874176	0.011388989772099012	unweighted_unifrac
-0.05147679324894483	-0.22129692832764514	0.4714990657306657	0.03961519619467846	-0.08127906976744192	0.04901554404145092	0.5259640142517814	0.4725616667759427	-0.013910952600091786	unweighted_unifrac
0.02999212805038054	0.0913348946135828	0.4801291234381696	0.01381493204005868	-0.09285714285714275	-0.1196078431372547	0.5518322460371081	0.5363407392141291	0.03643726144159121	unweighted_unifrac
-0.01078362573099434	0.05403846153846148	0.5203781186885198	0.0596785617192257	-0.07351851851851832	0.06988601036269415	0.5093881448085372	0.5426371978180763	0.03890860704730459	unweighted_unifrac
-0.0984761904761906	-3.3978097982708926	0.4937666961465096	0.028576253681313557	-0.5686363636363634	-0.011040723981900591	0.5467617343811015	0.535791435959406	0.026852959119870956	unweighted_unifrac
-0.026224328593996926	-0.008919026725169754	0.4474874352297641	0.04945320217060534	-0.3332857142857142	-0.05243016759776564	0.4801496653989942	0.5186149514892091	-0.006926961657889974	unweighted_unifrac
-0.054121796082876816	0.0385393258426967	0.4731599566045984	0.019424017131031035	-0.022361111111111054	-0.04808510638297858	0.5303035294092795	0.4824288941284197	0.008480472250813165	unweighted_unifrac
-0.01904761904761898	-0.08485272091862206	0.4134850560316131	0.030828751582615777	-0.02104938271604917	-0.0011764705882351123	0.5654426755754497	0.392261809911046	0.01634341837043196	unweighted_unifrac
-0.041453940066592976	0.1251806797853312	0.44527627136537307	-0.027865908030758835	-0.2680894308943087	-0.1497080291970807	0.5136685239272074	0.43693583782465883	-0.045520529050459	unweighted_unifrac
-0.09192863211554814	0.10333333333333294	0.4247066196374618	0.06508255448982103	0.059940476190476266	-0.3781597222222226	0.5130180117200798	0.5509132013286527	-0.045864395953190584	unweighted_unifrac
-0.0051620729159649326	-0.22050359712230194	0.5398787800861775	-0.00897019957723355	-0.2915277777777776	-0.1346586345381522	0.4737096708421624	0.5079578735008444	0.022957637119485064	unweighted_unifrac
-0.04155344624356383	-0.11873511293634542	0.47528926624248635	-0.010985624467842792	-0.14277777777777745	0.11902621722846451	0.41738972121284335	0.47464961080676116	-0.03115099670692345	unweighted_unifrac
-0.06721643518518539	0.09237628176549251	0.43924615190314376	-0.0008423914282458256	-0.568857142857143	-0.02974093264248734	0.556369827752633	0.5545102830884077	0.01694088612475142	unweighted_unifrac
-0.03374613003095983	0.002231270358305948	0.5139439349784142	0.015645662521207027	-0.3780303030303027	0.1995744680851067	0.456771896870361	0.48950771814465954	-0.008958966494416964	unweighted_unifrac
-0.038261093911248656	-0.09243470935130582	0.5475535307837367	0.07880142499904175	0.056904761904762124	0.007232472324723127	0.5403155992327184	0.5582215142608216	0.06047057668435607	unweighted_unifrac
-0.03542857142857159	-0.06736842105263174	0.5475918110354703	0.0025770711210043595	-0.37457142857142833	-0.11840909090909091	0.4751062920850023	0.5440457690555938	0.006249080732174783	unweighted_unifrac
-0.025387154100025677	0.0029148936170212414	0.46382944935405634	0.04000257094048432	-0.21124999999999994	0.09229452054794551	0.45520188252237426	0.32382280908535854	-0.00014405101730941006	unweighted_unifrac
-0.06081662365164431	0.07548285624410211	0.47865336964815164	0.02589180553392023	-0.35484848484848475	-0.12691266912669197	0.6181258527252602	0.5604068392097263	-0.009628658071984209	unweighted_unifrac
-0.028761904761904766	0.06602816901408437	0.48898445007733193	0.009354129842270575	-0.9526388888888893	-0.13209302325581418	0.5424719604467565	0.5621067840537102	0.019940830203010407	unweighted_unifrac
-0.09428412874583825	0.13432449903038146	0.49488990334262173	0.007301041933800212	-0.2643749999999996	0.048137254901960747	0.5560167036770232	0.5803669069426942	0.07860103035135402	unweighted_unifrac
0.01209135691894303	0.03585454545454503	0.4821924464291699	0.02868443825394773	-0.07100000000000017	0.06551392891450503	0.5514061169732463	0.48126802978464633	-0.026104128666279314	unweighted_unifrac
0.0009852216748768017	0.18381679389312966	0.5509366367726792	0.014200961136861867	0.02298850574712641	-0.7767054908485853	0.6120959337573416	0.4918654929646621	0.027661198571968693	unweighted_unifrac
-0.07592128801431142	0.11268539843390113	0.5184059076502825	-0.007974720039596761	-0.41194444444444445	0.06706027060270581	0.4840601661922571	0.45556884863202074	0.0255034259611725	unweighted_unifrac
-0.017465293327362463	0.07222748815165869	0.422298268647447	0.054910197636949376	-0.2677350427350429	0.047599611273080655	0.5238386369825744	0.3985142103392134	-0.001887069000343189	unweighted_unifrac
-0.08748612652608245	0.0909286846275752	0.46919624909667434	0.030049920590791257	0.026896551724137963	-0.03170984455958581	0.4741894455528125	0.3873778484069189	0.07273176569394357	unweighted_unifrac
-0.09356303418803424	0.021372549019607945	0.504311064704296	-0.0349646294044359	-0.1876388888888889	0.1411560693641618	0.47982864307758044	0.48036449616050014	0.019092061910057412	unweighted_unifrac
0.0003101929400086689	-1.98685878962536	0.48505952362482985	0.08045029714570506	0.03585714285714281	-0.07519379844961271	0.4817110872974626	0.4767407969650732	-0.00039362135977460966	unweighted_unifrac
0.011249999999999982	-0.22147482014388453	0.48908391184718936	-0.0017652990972294447	0.16942857142857137	0.03253363228699546	0.5007822414105052	0.4833168008822669	0.06611011928155819	unweighted_unifrac
-0.10244173140954516	0.23960342496620102	0.2593308370794054	-0.024198335418311068	-0.26083333333333325	0.12114349775784738	0.5648136641048229	0.5068496669384832	0.06866223840097785	unweighted_unifrac
-0.027854903716972634	-2.0392156862745106	0.3451994878821486	0.05534037800403102	0.020925925925926125	0.09404255319148924	0.4803936720577956	0.5172335733708849	0.03002671248506661	unweighted_unifrac
-0.10253739316239341	0.1218088737201366	0.5467884920239403	-0.03301234415539844	0.043749999999999956	-0.3275744680851058	0.48496323111545536	0.42944100707167643	0.012567316291512198	unweighted_unifrac
-0.08440894120944575	0.2016763263486402	0.5599852248618071	0.08089053119221767	-0.7590277777777779	0.10455445544554443	0.48789501045742467	0.5698659150976217	0.016535834108410974	unweighted_unifrac
-0.05058626465661664	0.0938461538461538	0.5370389869368961	-0.003175126508057069	-0.07777343749999988	-2.653360995850623	0.5250603689573066	0.46312403682165415	-0.05982819311573406	unweighted_unifrac
-0.013653211132825804	-0.21803636363636447	0.547885849074358	0.01322560742006107	0.03363095238095237	-0.43084858569051554	0.4848082460840163	0.5547276658768232	0.03567280627588176	unweighted_unifrac
-0.02345085470085473	0.19308991825613087	0.38045672667880315	-0.046832071167767886	0.040864197530864343	-0.0584583333333335	0.487444204387133	0.5463065254879131	0.04965329766083304	unweighted_unifrac
-0.027631337532872502	0.10876288659793809	0.5089179972384208	0.03961196087435048	0.02787356321839074	0.08997916666666683	0.5524183285228645	0.5595902289399883	-0.015135998997595879	unweighted_unifrac
-0.1166204217536071	-0.09033783783783811	0.49178696012714296	-0.0018297816402610412	-0.04833333333333334	-0.030809578107183544	0.4852645500551368	0.5583731598951391	-0.03779068802854901	unweighted_unifrac
-0.0036249999999999893	-2.2413980582524267	0.43951422221795866	0.04582237025005609	-0.1380555555555556	-0.01956284153005461	0.5357381264926617	0.4543434801439351	0.09938972011367964	unweighted_unifrac
-0.017714285714285793	-0.0514189189189187	0.44613494020066236	-0.0251664742083888	0.022500000000000187	0.07316115702479309	0.5110587147217748	0.4125031223781832	0.09102925308568022	unweighted_unifrac
-0.03600000000000003	-2.044552238805969	0.3356509065402934	0.0335469446472465	-0.9307142857142863	-0.024826254826255223	0.5043553143905056	0.4039333266392531	-0.009314892780120099	unweighted_unifrac
-0.006295149638802844	0.22521739130434815	0.46618805016915865	-0.03237818846908347	-0.03888888888888875	-0.028425531914893165	0.5032468754377994	0.4824869274579865	0.02106233800730739	unweighted_unifrac
0.03861446189096285	0.178804015713662	0.38189170065736433	0.05914390148633941	0.00732142857142859	0.04538386783284698	0.5396313012962429	0.43340703673102443	0.027368856673480435	unweighted_unifrac
-0.07349192863211584	0.2629870708872044	0.45478146618220616	-0.01941549435166512	-0.1657142857142857	-0.11255813953488336	0.5308862494821521	0.483751750896399	-0.0038395785575005004	unweighted_unifrac
0.02090625749220798	0.18641592920353944	0.5376306175914667	-0.010759165091983602	-0.061488095238095175	0.17676425269645624	0.520519894174639	0.5066674176378568	-0.004515329256482348	unweighted_unifrac
-0.000633465866972216	0.1596590909090907	0.45348062488388885	0.02071096967486019	-0.22121093749999998	0.1082352941176471	0.5141668372318782	0.5009507808059078	-0.0012074476610781648	unweighted_unifrac
0.007619047619047414	0.23241935483870968	0.40747803308697195	0.036138493594763954	-0.3440170940170941	0.04208333333333325	0.47672757822730616	0.49742775654754023	-0.005621302252849514	unweighted_unifrac
-0.06650943396226427	0.06755600814663942	0.5226810992160109	0.024319044460358596	-0.1427777777777779	-0.2084322033898307	0.4324023454431253	0.5284111040573274	0.060091911474225324	unweighted_unifrac
-0.07479055597867501	0.22772908366533873	0.49776875841461377	0.012544939065704641	-0.08577380952380964	0.053275862068965396	0.5172378166112158	0.4976316889768728	-0.0206096876036872	unweighted_unifrac
-0.053030700603516	-0.19960959739731576	0.4395898180172296	-0.07132038128482554	-0.01797619047619059	0.07183908045976994	0.5588129172818853	0.5752420810270906	0.03195233809303544	unweighted_unifrac
-0.09390476190476194	0.10953827083978929	0.4938456972423244	0.043884152654788844	-0.016964285714285765	0.07175977653631271	0.5430046389138334	0.532189232979503	-0.02271377477342118	unweighted_unifrac
-0.08083269865448117	0.00061068702290068	0.5349994192582547	0.011764804008792096	0.007356321839080193	-0.012941176470588234	0.49511075010176897	0.5184956467026494	0.04424417092086841	unweighted_unifrac
-0.025224889881506396	0.061780434098773096	0.5340573203186808	0.06059860515373061	-0.42847222222222237	-0.15185815602836894	0.5071188595682499	0.5273642120513412	-0.014826721559640932	unweighted_unifrac
-0.03214013709063246	0.09115398616672721	0.5072864779893822	-0.011298284647776047	-0.6008333333333333	0.17047892720306512	0.477540948226569	0.5187705027615432	-0.0007175445850979845	unweighted_unifrac
-0.017212490479817433	-0.0375638506876228	0.5430206625409326	-0.04115728161888299	-0.5133333333333334	-0.0275990099009904	0.5546089497707901	0.4876566092121285	0.016262997711181226	unweighted_unifrac
-0.06730196545562817	-0.012115384615384972	0.4027169297047132	0.010408566017460985	0.08773255813953462	0.01176470588235301	0.5029983492766081	0.4982273293852536	0.006295022389512517	unweighted_unifrac
-0.022029095031173007	-0.31556046383213676	0.5325573195817019	0.06348089684283964	-0.20017094017094017	0.1331383577052867	0.517920691663992	0.4264407603060386	0.022161041319190833	unweighted_unifrac
0.0039097349776962	0.22756972111553775	0.4430964083547938	0.042868624090954266	-0.19683908045977017	0.03764705882352948	0.47094299113835036	0.5154568860579409	0.07191414509905891	unweighted_unifrac
-0.037924999999999764	0.08047722342733199	0.40372700492345603	0.002160704533548552	0.022499999999999853	0.18487992315081636	0.57874866763685	0.5943970361691862	-0.023292656933175948	unweighted_unifrac
-0.002574999999999994	0.03801183431952637	0.42550459652722994	0.08057090273173673	-0.5347222222222221	0.09686098654708508	0.5013987556467682	0.5510852887411318	0.03129484952275663	unweighted_unifrac
-0.08266666666666667	0.1824932735426007	0.34067653978152357	0.05056120342125903	-1.8616666666666677	0.11442843419788629	0.5015625530891544	0.5231024547548203	0.038104090355042364	unweighted_unifrac
0.028310502283105166	-0.20182565789473728	0.25057483186558993	-0.007515530817560956	0.027441860465116097	-0.1483125000000003	0.30019721127896526	0.345857568324776	-0.061889187250407485	weighted_unifrac
0.01754385964912275	0.19077061739522294	0.3231001169061237	0.05327166117954152	0.023024691358024763	0.04969793322734528	0.4320693398283654	0.23854292817428135	0.01823148054595225	weighted_unifrac
0.03527929970401178	0.1238079191238417	0.25888942514618163	0.031194127411215522	-0.07409090909090921	0.2626382978723406	0.22409899201807404	0.3187809721847913	0.009906382782942869	weighted_unifrac
0.008821887213846802	0.09753649635036488	0.2924601427070065	-0.007327495050083455	-0.3080555555555555	0.05677736777367781	0.25615620108610293	0.3526527622252903	-9.07801297587163e-05	weighted_unifrac
0.01916340407995043	-0.07027799841143745	0.13453007549971574	0.04799112520239612	0.07654320987654317	0.13636363636363624	0.3198794608265959	0.31942027618722835	0.10428083636113827	weighted_unifrac
0.04463061690784431	0.19161904761904758	0.2528250331453633	-0.024955311354185605	-0.011604938271604803	0.10716604244694139	0.384388835903299	0.27012880428274044	0.03975366360398569	weighted_unifrac
-0.0017628205128206176	0.017312798725437784	0.2860378895537571	0.05512970279729168	-0.03783950617283938	0.2264950980392153	0.3144104271299245	0.32133543205404635	-0.01217438496125478	weighted_unifrac
0.10567595459236312	-0.09634146341463379	0.25289781541396306	-0.0005690864698164599	-0.6188636363636362	0.04725433526011624	0.28478400165357587	0.2894083005101509	0.03945284956386286	weighted_unifrac
0.02209393859879316	0.05977812995245668	0.3418184861631386	-0.04379848291427213	-0.13678861788617858	0.12196078431372537	0.2696386472791098	0.3179868773536054	0.011399390113748908	weighted_unifrac
0.02999212805038054	-0.02239316239316258	0.3313760601433008	0.08599753370674579	-0.030872093023255998	0.01513108614232217	0.3223418851212311	0.28942499554013335	-0.0030193253918227025	weighted_unifrac
0.07522601626016268	-0.0002806623631770311	0.21743780499077736	-0.009648875104288468	0.08220238095238097	0.27067264573991023	0.25364975895580844	0.28719343456794233	0.037364217751675644	weighted_unifrac
0.04424591357289387	0.1267802855826805	0.23429054438697672	0.006967670898969103	0.0907575757575757	0.13399325084364444	0.3438430119876533	0.28574101887928804	-0.0184751298761634	weighted_unifrac
0.07376910569105688	0.08834123222748835	0.22941573763733492	-0.05652667065510619	-0.06560975609756081	0.14132334581772787	0.30372241308478143	0.3226480135492279	-0.00760453967827579	weighted_unifrac
0.0676	0.15365079365079337	0.2914982817506613	0.00919306956639565	-0.5040277777777777	0.15825864276568524	0.35367077372925393	0.332719047016396	0.03919737778452359	weighted_unifrac
0.05269097222222219	0.02845276396607166	0.3237867855643416	-0.008670845131319327	-0.44190909090909103	0.2301687289088864	0.37370216892493124	0.3596456083377725	-0.024763155046549246	weighted_unifrac
0.04918121167194556	0.13336647727272732	0.32695680078536016	0.024715707977511325	-0.18782051282051282	-0.056807297605473206	0.3435591835768237	0.30056772064943715	0.01351087380772309	weighted_unifrac
-0.08016098484848477	0.08159090909090916	0.329815399999964	0.01644998767591177	-0.42181818181818187	-0.03659574468085092	0.32747827819264863	0.30601600524073846	0.0023570367739643716	weighted_unifrac
0.036604565730779415	0.11749424228466132	0.1606141597623596	-0.08113315031183443	-0.008961038961039058	0.011743532058492323	0.35276644736022655	0.24339442347007378	-0.012121307800088355	weighted_unifrac
0.04262655402156734	0.1633466135458166	0.24224610891814813	0.06717180286290891	-0.30333333333333345	-0.05352017937219711	0.29828094316047515	0.20623598296100798	0.0030006733179402945	weighted_unifrac
-0.07151734539969845	-0.09487603305785064	0.2567783592744953	0.03273477763417343	-0.22305555555555556	0.21709717097170933	0.3770661157024794	0.2899792210762784	0.033627644648204	weighted_unifrac
-0.018367346938775286	0.13934883720930258	0.23660177135831606	0.04702856237151276	-0.10985714285714288	0.06967375886524807	0.36755603940733783	0.3108039974768494	0.006623595987200415	weighted_unifrac
0.03227247347850337	0.12473933649289115	0.25668571892334846	0.025648193629196236	0.018827160493827155	0.14808510638297878	0.36618296056387933	0.2732511169776487	0.04656856075998128	weighted_unifrac
-0.05485571587125415	0.18002702702702666	0.27655154324420983	0.009889159145220372	-0.00684523809523796	0.00830316742081405	0.406435092034526	0.33754943150461536	0.025391804510503713	weighted_unifrac
-0.01916730134551936	0.2274922600619197	0.29554308060628454	0.008934782089493498	0.08598765432098776	0.10154708520179345	0.32420685045769515	0.34624317066920207	0.013156045143167372	weighted_unifrac
0.061157654226960845	-0.9983185840707971	0.2695498973430406	0.04134973821300891	-0.06847656250000012	-0.047244094488189115	0.32742769075079314	0.3134975169548556	-0.10278591368170575	weighted_unifrac
-0.037617090100411144	-0.2939534883720931	0.2758034304056519	-0.025634492847240065	-0.10919753086419748	0.14418204182041816	0.30545442379111076	0.4061276265554694	0.006727956454603556	weighted_unifrac
0.028339018630280766	-0.19838709677419364	0.27932583252620047	-0.022196960837219004	-0.001436781609195581	0.13914893617021284	0.35737017298760976	0.2737747848689387	-0.0559248007259312	weighted_unifrac
0.015065517483007662	0.06346175963197187	0.23462576649517664	-0.001274372687204206	-0.05777777777777793	0.11986547085201782	0.3681790261818615	0.27154566852904105	0.03005904479447352	weighted_unifrac
0.03219893523822337	0.08427480916030561	0.3112180371422605	-0.05261205930764978	0.023488372093023124	0.22567039106145237	0.2809645965094001	0.2243358952290393	-0.014258315524377396	weighted_unifrac
-0.017390200558517588	-2.014526315789473	0.3367102270435772	0.025771181843701974	-0.5955714285714284	-0.01776726584673649	0.23684708191539672	0.30072541458758895	0.020704799713983535	weighted_unifrac
0.032810630392342	0.14459165154264975	0.24745711445052732	0.016877934230205005	-0.10257142857142854	0.204313725490196	0.40352270197982276	0.3890711236657538	0.016485885673959255	weighted_unifrac
-0.043439319301388224	0.06301828323520298	0.3426923533581866	0.04878200263346755	-0.14513888888888893	0.0906078431372549	0.3174552527262128	0.4027781465986793	-0.05828218967694232	weighted_unifrac
0.01238627939888115	0.10350114416476008	0.31057118995928834	0.05483527038630798	-0.4012121212121216	0.11830578512396661	0.35012948321028814	0.4277607682411978	0.03794456145404934	weighted_unifrac
0.021849990694211674	0.21122159090909054	0.2749150428607683	-0.009552357091190622	-0.35999999999999965	0.1776054732041048	0.3489670368792921	0.2833334388004528	-0.0001413150337306046	weighted_unifrac
0.009887272498268262	0.1341566265060241	0.2736459397568253	0.024361105984427978	-0.2608333333333337	0.0485039370078737	0.2839493926815899	0.3719040719096277	-0.01901237232903763	weighted_unifrac
0.007131062320347326	0.18204946996466453	0.16989093532501676	0.02173689878418683	-0.18511494252873595	-0.0624108241082415	0.3470432366718027	0.30880779830072536	0.007239237836786816	weighted_unifrac
-0.03988139362490739	0.06322580645161313	0.35179548370692537	-0.04847171778765036	-0.20888888888888912	-0.018872691933916386	0.2658871807588724	0.26918570141200626	0.009595481683643103	weighted_unifrac
0.0509315140383102	-0.04973969631236419	0.30737436132045437	-0.019635288405145612	-0.7808333333333335	-0.12263440860215069	0.32584727856056583	0.23332654898953664	-0.013673483500451278	weighted_unifrac
-0.05167935512763089	0.1720253164556963	0.31613447072019474	0.06685039810097182	0.01090909090909098	0.20607142857142868	0.3296741055614595	0.19453045919119383	0.03382805306119607	weighted_unifrac
-0.05462443438914044	-1.1193805309734515	0.3009455826872144	-0.004925614277725643	0.0194642857142856	0.15769801980198017	0.2490055922748744	0.25844111507257317	-0.03298533404281834	weighted_unifrac
0.05155121951219499	0.19920684993240223	0.2936363268166442	-0.01706343655419751	-0.06765151515151513	0.06606115107913679	0.3222863337120917	0.315929487162356	-0.004909398793819131	weighted_unifrac
-0.007739938080495445	0.08505357142857084	0.29507375955774184	-0.009411905411968124	0.07511904761904775	0.13803921568627453	0.3484223423453794	0.013278434171263287	0.013249000676028078	weighted_unifrac
0.10785	0.032280701754386465	0.3215861294634408	-0.018789279482657406	-0.11444444444444457	-0.19014308426073123	0.31191007393396486	0.441197279855326	-0.000928820370826644	weighted_unifrac
-0.026068376068376198	-0.02458000638773572	0.2702160928177555	-0.009820474217027586	-0.10709876543209873	0.028280499519692248	0.12374108291931141	0.22206612514263235	0.04388297169219413	weighted_unifrac
0.06475587815621298	-0.3604878048780489	0.2865047288980447	-0.03603515991225548	0.05816091954022995	0.03022624434389154	0.315645841367854	0.3952614198248353	0.0190452792529322	weighted_unifrac
0.06613766609988037	0.04584795321637458	0.30451073813918395	-0.01857777297632124	-0.0888095238095239	0.02426512968299699	0.26342261284903024	0.2971601627655066	-0.003608339442756181	weighted_unifrac
0.003313927451858656	0.06886166716462516	0.26066616142420584	-0.04113823714873388	0.08624999999999994	0.14071085494716595	0.30156033852201736	0.29478698082180876	-0.01600435472255879	weighted_unifrac
0.06838095238095243	-0.17770992366412175	0.3006625887559846	-0.03594503413537353	-0.24012820512820499	0.013187500000000019	0.34812955268103163	0.29368285347928325	-0.006867643014762503	weighted_unifrac
-0.15208333333333357	0.1659999999999997	0.30596748039784183	0.07111220685950981	0.0943452380952382	0.02978723404255368	0.35269305751110147	0.3627916670410346	0.04905314111933823	weighted_unifrac
-0.005255681818181923	-0.13061310782240998	0.3216279545840536	0.05552259142693561	0.026142857142857134	0.13058823529411767	0.35274060466233437	0.36264884054866686	-0.028466682373974095	weighted_unifrac
-0.05657142857142872	-0.5070261162594771	0.2717654332577977	-0.0186642716331189	0.031781609195402405	-0.020291479820627734	0.3737272870252891	0.37361306824594054	0.008427076873298023	weighted_unifrac
-0.00013119916032522383	0.05952261306532636	0.26657070434166796	0.06784325866997298	0.004425287356321972	-0.0016911764705886956	0.30403173250913973	0.28776498127639527	0.06817839895381628	weighted_unifrac
-0.11499105545617194	0.03823529411764692	0.3928476153797891	0.0345323903323127	-0.10709876543209895	0.12	0.31252761706678356	0.33686866935035487	-0.0040626040046858325	weighted_unifrac
-0.02914285714285736	0.07031127012522365	0.31082007647693843	0.03637653100263494	0.009651162790697665	0.10706834532374099	0.3695691350683803	0.34977768122292885	-0.06007488889381696	weighted_unifrac
0.014399999999999857	0.1880338831921532	0.26363076649570416	0.07623742319885984	-0.11864197530864207	0.050000000000000044	0.3490399742115544	0.33734364760171	0.06337570237482404	weighted_unifrac
0.038004839009863955	-0.17847630473905252	0.30277787145978063	-0.03311012562484916	0.04880952380952397	0.1925	0.34030152407308867	0.2892511686288859	-0.023014361327487576	weighted_unifrac
-0.012010370681802218	0.1037009345794393	0.3377094824268395	0.02708908717067182	-0.9647142857142863	0.29550561797752817	0.3207092012588042	0.37374691053552744	-0.041662833045811754	weighted_unifrac
0.08965517241379328	0.12330613692798897	0.07369513682811057	-0.029843772345466757	-0.2573376623376624	-0.21492198581560307	0.3117788716389497	0.33665202338280353	-0.04064454037177723	weighted_unifrac
0.03210529630329373	0.18723076923076898	0.26340164117512854	0.04169300627182504	-0.22069444444444453	0.25168511685116846	0.3445625474258799	0.3130068242761559	0.018272657897435596	weighted_unifrac
0.09055082848186313	0.07562499999999983	0.26740589683145544	0.05612798927843332	0.1300617283950618	0.16261287223823218	0.24423556160785942	0.3548557348896145	-0.027187252228456416	weighted_unifrac
-0.08762045959970344	0.21480519480519478	0.343684553566863	0.008028854239605643	0.045037878787878904	0.0021074380165287954	0.24808759224842125	0.2886175636302104	-0.07744995302494684	weighted_unifrac
-0.046447649572649796	0.08730526315789455	0.2163183863154884	0.0974622041059846	-0.08623376623376622	0.1611527377521612	0.3370831689107483	0.3559107392330434	-0.025230559808855357	weighted_unifrac
-0.004595997034840593	0.16294764059469957	0.2875406339429667	-0.03581204389593684	-0.14749999999999974	0.1664750957854405	0.3216190772489087	0.34563196195272294	0.01788335731915003	weighted_unifrac
-0.004744728079911331	-0.2677337826453241	0.34664476548927836	-0.023680038502367884	0.10156976744186041	0.07579274611398945	0.3229033788722875	0.4062530280235309	0.02763759627576512	weighted_unifrac
0.058492003046458296	0.09857369255150561	0.33159984191235636	0.029622244910971318	-0.5943939393939397	0.12303124999999993	0.24933544351877635	0.38141455273463	0.04534694019926222	weighted_unifrac
0.08123577235772361	0.17086419753086446	0.2537097493027115	0.016427713362478613	-0.24099999999999966	0.09606060606060585	0.2966280038214393	0.38037393608781234	0.05627394673131503	weighted_unifrac
0.05862713675213649	0.002920395666510034	0.2415149020143501	-0.015224116454132908	0.10592592592592576	-0.046881188118812256	0.36897304864745983	0.22496394265170405	0.00798047192415785	weighted_unifrac
0.006598697252902741	0.16920270270270255	0.21674464020004613	-0.0024652479051210374	0.10750000000000004	0.07372328458942623	0.31842431040431873	0.33975842408830637	0.0014156444854203087	weighted_unifrac
-0.01910845525104765	-0.5060431654676254	0.2894949300785955	0.003596840405199031	-0.11005952380952388	-0.01156794425087071	0.29007901004737635	0.3324357252475102	-0.04043832286428728	weighted_unifrac
0.02320214300432699	0.05744186046511657	0.3072456108704419	0.01085931180898514	-0.09030864197530852	0.037892156862745496	0.3382200351643009	0.404788665117232	0.021495860575268755	weighted_unifrac
0.006956080223406769	0.19049001814882027	0.28598068514565944	-0.02574460155455327	-0.1168055555555556	0.19875169606512877	0.38287278436093464	0.2391504190767435	-0.023873798237586508	weighted_unifrac
0.020450805008944473	0.17189873417721513	0.3252829447187996	0.025560257037811396	0.09018518518518537	-0.27756493506493496	0.2439110132214758	0.3637344164063032	0.07881331194246999	weighted_unifrac
0.06257933485656231	0.02933186085035866	0.2804295487768721	0.055765265592688795	-0.021049382716049392	0.07560283687943314	0.39019327863679387	0.38355416598706826	0.024606071719276756	weighted_unifrac
-0.05283564814814823	0.05435551811288997	0.33903530521455494	0.05714548614847881	0.10345238095238107	0.0747314049586777	0.38773260006874033	0.37622216867341385	0.01408989032645902	weighted_unifrac
0.02076190476190487	0.09773743016759795	0.21091806839857108	0.02571859306656854	-1.3048076923076928	-0.1373463687150842	0.2650797199123084	0.3157094683792193	0.03779485755112455	weighted_unifrac
0.07091836734693868	-0.025828025477707017	0.23418770044274162	0.02451375714247339	-0.08936781609195421	0.2787430167597764	0.2857711970363509	0.3136024862502461	0.02570141763347189	weighted_unifrac
-0.04680266501820207	0.07162328166130394	0.3116684074433036	0.06607777991487629	0.10255813953488357	0.1045661157024792	0.37178726269994844	0.34573743724344197	-0.010114724230267269	weighted_unifrac
-0.005876068376068577	0.12990476190476175	0.3133927640776364	0.01145423791794653	-0.23371428571428576	0.10320000000000007	0.31684013005098977	0.33496238803502665	0.009886128407227246	weighted_unifrac
0.03616146640609186	-0.19907798693814804	0.3775165817864634	0.02209092139861979	-0.027083333333333126	0.036962879640044966	0.32114522543430735	0.3413840999784614	0.03004251554237758	weighted_unifrac
0.010285200988098042	-0.10993865030674788	0.2689456676961246	0.02570764314188756	-0.008869047619047388	0.05154054054054025	0.36544021376380775	0.29922739064203663	0.02759470603774239	weighted_unifrac
0.001105691056910496	-0.005601926163723681	0.3217040836928351	-0.027566188528037605	-0.032592592592592506	0.16993212669683222	0.26738940271896583	0.23711441901386687	-0.053501789697014246	weighted_unifrac
0.014775323686214592	0.12945001729505345	0.24589090303481032	0.014400242878613523	0.026592592592592723	0.09069503546099322	0.3515689617135638	0.28380518307756997	0.016425101581694745	weighted_unifrac
0.04906359605585342	0.14388994307400382	0.3444130146815839	0.056911300160443545	-0.02000000000000024	0.006033057851239643	0.435520653362528	0.28273630058784316	-0.02134625789544664	weighted_unifrac
0.03731303418803389	0.17759259259259264	0.27043592492773505	-0.014283366588150326	0.04847222222222214	0.07076502732240408	0.2922146428048775	0.29274460662303603	0.03349379887172721	weighted_unifrac
0.05583075335397303	0.10186762075134137	0.37678435616962713	-0.022722322850152965	-0.22863636363636353	-0.010590551181102414	0.3643343898730276	0.32300365370787976	0.03381930538638567	weighted_unifrac
0.021943573667711713	0.07297968397291199	0.28451873221939605	-0.02722927448743917	0.010357142857142954	0.08555865921787698	0.37522466588499737	0.3715710469105249	0.06263633431845006	weighted_unifrac
-0.012024999999999952	0.07636663914120556	0.3804365310886142	-0.06631735508312464	-0.03172413793103468	0.2950273224043716	0.3543104087349286	0.3574793677576583	0.0852478663719275	weighted_unifrac
0.10254526371031236	-0.07118243243243261	0.3373337590898665	-0.053664799563270416	-0.11015151515151511	0.16680851063829794	0.3068201150065717	0.288872807304838	-0.006601968895359134	weighted_unifrac
0.027476780185758387	0.18784810126582263	0.31308445377790595	0.015717945579183046	0.0047093023255813105	0.1363321167883209	0.3096873156946789	0.32989530927063304	-0.003999580589792107	weighted_unifrac
0.0534706672637707	0.10291366906474808	0.21226702378410245	-0.030190148639779535	0.05994047619047593	-0.17126241134751807	0.3625013715352926	0.32042961963186123	-0.06207525129474667	weighted_unifrac
0.027864042933810285	-0.00024345709068773758	0.2681246117890679	-0.03995065813580334	-1.4846153846153851	0.13597765363128467	0.25729786711486435	0.28376133661596326	-0.036838658256147294	weighted_unifrac
0.0025085838413566597	0.23666518056174768	0.3393695816041853	0.028340540427964078	-0.08506172839506188	-0.12117647058823544	0.29494246464118534	0.3113918340408497	-0.017649052872405813	weighted_unifrac
0.058328370061544677	0.04758241758241766	0.2742640379138036	0.013756756431337336	0.052151162790697425	0.06791059280855205	0.3546790369901349	0.314803812672685	0.013167798368833306	weighted_unifrac
-0.0021723577235770453	0.046470092670598206	0.3512034507054772	0.003721477634950121	-0.386714285714286	0.17289088863891966	0.2857839766019392	0.3559402435262021	-0.03700166594108767	weighted_unifrac
0.059623323013415774	0.272007104795737	0.3267192770010765	0.053460250409971044	-0.014940476190476337	-0.10196307094266288	0.30561055642809065	0.32732983525034987	-0.013137827859761142	weighted_unifrac
-0.04292836525846222	0.12994723883221915	0.35185091375299826	-0.04078490108188104	-0.11916666666666664	-0.05373563218390798	0.2758905404486861	0.23839773063113878	0.030651834804627964	weighted_unifrac
0.05034013605442167	-0.018249496981891378	0.4087641961891342	0.007186065024199939	-0.42847222222222237	0.05054913294797725	0.3238230326884962	0.36519257577316644	0.0003765669714086428	weighted_unifrac
0.06161858974358958	0.1493406593406592	0.2481550694853203	-0.015584835226588378	-0.4674305555555558	-0.06988929889298867	0.322924462026807	0.34841422216287976	0.06607729606153578	weighted_unifrac
0.015481500918394397	0.08207547169811291	0.32356727241640515	0.012831074406853604	0.08674418604651157	0.10553846153846158	0.329961174877748	0.30039565122733847	0.031936232680751075	weighted_unifrac
0.017142857142857126	-0.3975899280575541	0.22745698664098724	-0.03141443192769944	0.059940476190476155	-0.1641658986175114	0.3005417125712009	0.39129429332041665	-0.06531906592679859	weighted_unifrac
0.02459841764564863	0.2227906976744184	0.26598989673002615	-0.039124140841856114	-0.0017857142857140573	0.0066605839416058465	0.4399631775369307	0.25714734520354054	-0.011449216864353184	jaccard
0.02377910570780939	0.13726618705035964	0.3793109481145879	-0.02773295880253679	-0.06591954022988511	-0.08502127659574432	0.35284739718094205	0.42355344340128	-0.10817642058796118	jaccard
0.014727960791612316	0.00047058823529422256	0.33890532914499594	-0.012824711718734783	-0.34583333333333366	-0.038839590443686234	0.4314960421718267	0.410917988148387	-0.004325236288463596	jaccard
-0.04228571428571426	0.1270588235294111	0.376088415668107	0.006783303325585299	-1.7766666666666668	0.14453431372549042	0.3937808229216282	0.4024924779811383	-0.025357599810546194	jaccard
0.018724526492447713	0.16736196319018415	0.4291766486760473	0.019590212520662398	-0.05400000000000005	0.14735537190082637	0.4047605172331701	0.30037894858143777	-0.041635844028622415	jaccard
-0.02254318889832918	0.2056088560885605	0.3551579963905701	-0.03971549570800614	-0.22652343750000004	0.12244233378561709	0.388370162798403	0.4424445664222246	0.004985152672564608	jaccard
-0.08627272727272728	0.09194366197183079	0.3691012596776204	-0.033382653036311494	-0.8581944444444443	0.009304964539007421	0.3925742695439054	0.43058606613656314	-0.045548227894820936	jaccard
-0.05646711012564687	0.06976253298152979	0.32875378714272596	-0.018924359297279425	-0.03779069767441867	0.04465691788526416	0.4793369756768503	0.39508132695711107	-0.007166697437791081	jaccard
-0.00894778273419039	0.1619120879120879	0.3652294480566275	-0.12762027300078116	-0.9574285714285713	0.16647919010123713	0.40425807961987814	0.3747891780943797	-0.06394009360754693	jaccard
-0.05041879211537226	-0.017979274611399143	0.36977962764255756	-0.024377437277398162	0.026142857142857134	-0.23175213675213668	0.38575762947492986	0.4355967402169978	-0.006229959540634766	jaccard
0.016032537391760915	0.1640236051502143	0.4093096218205805	-0.0090825363116116	-0.02303571428571427	-0.017058823529412015	0.3258738489442725	0.3987991828910066	-0.02807776914769078	jaccard
-0.0005333333333332746	0.2153225806451612	0.34268122229326836	-0.03988128874909003	-0.6659999999999999	0.12580310880829004	0.4296946109938603	0.36212317111711245	-0.08606148579874584	jaccard
0.06351664350473163	0.1674366197183098	0.31139459815549875	0.03664718183505544	-0.024941860465116372	-0.04171574903969266	0.40153449008812725	0.35637848073504275	-0.03430942758588951	jaccard
0.07461300309597507	0.22959005066789484	0.3414195661827787	-0.016028557410415756	-0.2642528735632186	0.1530941704035873	0.3892359488742645	0.3422700287018413	-0.011969826558147822	jaccard
-0.01056741608413625	0.19983870967741924	0.34874012710302704	-0.05329404810743732	-0.24044715447154474	0.20680851063829786	0.3966213580937713	0.3971319030038254	-0.012923522264185694	jaccard
-0.056061464827759755	0.12606473594548573	0.35202756931703605	0.026286893435236713	-0.36236111111111113	-0.01895752895752878	0.3840757218810995	0.4037798861107462	-0.026890732992973065	jaccard
-0.035824999999999996	0.08571428571428585	0.3000570189546119	-0.023570423684067476	-1.248857142857143	0.08549019607843134	0.45259436472853065	0.4015656302498839	0.011347183875966782	jaccard
0.003837398373983558	0.1561728395061729	0.3410765627122797	-0.0719088120211504	-0.4028632478632477	-0.06918469217970036	0.39428047893517415	0.42615269208172346	-0.054283895649609226	jaccard
-0.008378002779432236	0.16422741541681207	0.3097746939499718	-0.023283244176830253	-0.21905982905982913	0.09182593856655286	0.3770419317448367	0.3973247417352147	0.044529024919395366	jaccard
-0.07078787878787884	0.16047770700636943	0.33086676303537377	-0.07352636923985467	-1.278	-0.04308724832214783	0.4215812618099367	0.5067457787229943	-0.05649123305036641	jaccard
-0.07704515397695033	-0.29697674418604647	0.30877414118633306	-0.10509765852143627	-0.7534285714285718	0.06666666666666654	0.4463012312438148	0.36721877199723374	-0.08165728293814611	jaccard
0.05545700911554563	0.0555710659898474	0.363132566645858	-0.02939823984028589	-0.12089430894308939	0.11006726457399096	0.42599091320050864	0.40834901214873065	0.014456230043209839	jaccard
0.051581576026637155	0.21449031171019384	0.40212813372233713	-0.033637021433175374	-0.10697674418604652	-0.16119834710743808	0.3508624665063256	0.34158259424103843	0.010889610052949417	jaccard
-0.019925386826493918	0.13162162162162172	0.3497819363147524	0.01804255329803517	-0.1796969696969699	0.20331683168316816	0.27392789204453183	0.34691437848527595	-0.07677931275571015	jaccard
-0.010256755846081322	0.22642468239564428	0.3766576204818872	-0.04157759005749484	-0.11164062499999994	0.09009655172413766	0.3356455430914904	0.2625990795232135	-0.03722962398141827	jaccard
-0.008804080861515073	0.2176414686825051	0.37143238753729657	0.025580132426067603	-0.7519444444444443	0.07802714932126686	0.3203751178173033	0.3323606954465812	-0.030843228747864826	jaccard
0.05744516852357939	0.20437499999999997	0.4271489481000139	0.012536636109443888	0.029583333333333295	0.19287758346581874	0.42428464747882555	0.4449068928253105	-0.12585757568383138	jaccard
-0.041425000000000045	0.2111666666666665	0.3603286409210448	-0.018455791311424496	-0.10290123456790123	0.22644526445264446	0.36615156199007126	0.3798054659889504	-0.012530238886589107	jaccard
0.06630243902439026	0.21439024390243933	0.36777871485958213	-0.010769707481245172	-0.000571428571428445	0.017929078014184308	0.3910041746339096	0.30166141982881933	-0.01198882292786374	jaccard
0.022959183673469274	0.21721115537848623	0.41081804374255815	0.030878188844182808	-0.4237500000000003	-0.0038333333333333552	0.3158727095439484	0.44789553714563857	-0.07462116864941826	jaccard
0.06903414634146343	0.029655172413793007	0.35697642873412005	0.03251619700493413	-0.23958333333333326	-0.17763809523809515	0.31769173360653935	0.4060300958337959	-0.07745577449847163	jaccard
-0.0338432508929174	0.26242284661446325	0.3562915358121128	0.041771949944965026	-0.23250000000000015	0.1351724137931034	0.3120817121662356	0.3938523692895307	-0.0735982443892198	jaccard
-0.14458912037037064	0.061242355970389295	0.31621275625064316	-0.08140377458006731	-0.20154320987654306	0.10493756003842436	0.4022359269448078	0.3633326994168393	-0.013587229763700304	jaccard
0.05956112852664586	0.2776784891754952	0.23185977748299935	0.010076259965540624	-0.2087662337662337	-0.15933227344992074	0.33559459013689585	0.3288916315932843	-0.054699624431993055	jaccard
-0.010445447806456176	0.18476832350463357	0.2717639657426538	0.018537852328100457	-0.05121093750000005	0.0505882352941176	0.2726184440124595	0.3005411363596331	-0.0669539094899061	jaccard
-0.016106206617696683	0.22676731793960925	0.3292942598867914	0.028879567016506624	-0.04623456790123437	-0.10810362694300535	0.42088313121045984	0.3555824802548865	-0.029668916872147566	jaccard
-0.0257150948739735	0.27607158446093416	0.38331075674435433	-0.008884781584657553	-0.1323214285714287	0.12400000000000011	0.3061187066842165	0.33154819035067284	-0.029549731614758157	jaccard
-0.0012019230769233502	0.07960431654676237	0.34676619272936193	-0.07628128327137929	-0.2931623931623928	-0.07887514060742418	0.34559127027921865	0.3736542127637217	-0.09512755920571792	jaccard
0.01907066195173379	0.1418193343898574	0.33187123791474316	-0.017022146465400123	-0.35763888888888906	0.2602227722772277	0.39214359775598584	0.4240687839624253	-0.035058570858043536	jaccard
0.00731150038080719	0.12828571428571423	0.32026843934008087	-0.07698164872936153	-0.7309090909090912	0.18451488952929873	0.4544532768687226	0.37104313507193765	-0.05216214106484851	jaccard
-0.03137477171106484	0.15567567567567575	0.40939041269249354	-0.02948856070826822	0.13057142857142878	0.2596368715083799	0.4259971077507787	0.32563456295809956	-0.006913086811253466	jaccard
0.010889530307006123	0.18249654537079663	0.2868204887862952	-0.021784614657185397	-0.03758620689655201	0.18354556803994992	0.4377031922113558	0.4457822256944751	-0.028937749754759157	jaccard
-0.0497142857142856	0.21254083484573505	0.3342709619890659	-0.019582409435366266	-0.33638888888888907	0.1842561983471075	0.3170364937082467	0.44138373320492763	-0.0913902187830542	jaccard
-0.007667824074074181	0.12321353065539109	0.3893866829170527	-0.007335722773990527	0.0031818181818181746	0.030123734533183066	0.4329913590641201	0.3967175210233407	-0.07857357503418338	jaccard
0.0206887256553675	-0.11310030395136783	0.3684131368841522	0.00500976960040489	-0.40525974025974043	0.22849775784753357	0.39917510200005857	0.35838734179373644	-0.06081843431109779	jaccard
-0.08931868724307579	0.1442775763852927	0.3714585839320197	-0.007952477513511358	-0.05337037037037029	-0.03072811059907843	0.41638068609837875	0.36666546332438754	-0.01055049508504946	jaccard
-0.02404826546003025	0.07183453237410065	0.3905871240360391	-0.03616906708954026	-0.08548148148148149	0.09174887892376649	0.38404410257167065	0.276651824303479	-0.04565862332251669	jaccard
-0.023619047619047873	-0.7908783783783786	0.4282617467418226	-0.02337376965939164	-0.14986111111111122	0.2813953488372094	0.42014526290149357	0.462712903023054	-0.04230748719899169	jaccard
0.015447154471544655	0.12285414480587609	0.35181967684866255	0.03167995093973086	-0.6551388888888887	-0.20479262672811083	0.3607711895589276	0.39677179668394713	0.00840780270088215	jaccard
-0.023319128787878673	0.17048292832974488	0.37335506418591125	-0.1186121566349545	-0.31041666666666656	0.12867061812023695	0.342716945087586	0.4248196872286184	-0.0176649064163239	jaccard
-0.020233561817720513	-1.0235789473684211	0.3258696824148146	0.01116703981357181	-0.8700000000000003	-0.019294117647058906	0.2523231692464166	0.42783384033357663	-0.04949441613597472	jaccard
-0.0693723577235772	0.23758064516129063	0.3862765275556346	-0.0610117279841067	-0.34982905982905965	0.1306976744186048	0.3295343166971667	0.3686747130182396	0.027572089134948796	jaccard
-0.05058268590455062	0.23709677419354824	0.3525835552809419	0.004929061268569401	-0.2705844155844157	0.05533031674208133	0.2592849084690715	0.4897218628059953	0.041644132678200774	jaccard
-0.013904761904762086	0.16347279018559324	0.3044114552823517	0.01313605838293197	-0.8545454545454547	-0.2563837638376383	0.4464971838659111	0.4647803040302294	-0.07903508764610101	jaccard
-0.07860576923076956	0.2606666666666664	0.28423578799385063	0.004952745507289524	-0.039767441860465214	0.06419540229885023	0.38244191615497236	0.3602852328019358	0.011810014543655267	jaccard
-0.004170998715674834	0.1477777777777779	0.3534274980018258	-0.07827471826211929	-0.4095833333333334	0.24510330578512396	0.38980761511154227	0.46333805827130625	-0.0073611509374322814	jaccard
-0.010913821138211377	0.21753191489361712	0.3551627353417338	-0.1329233102618752	-0.30333333333333345	0.11566820276497669	0.39344731922561305	0.4383183268735963	-0.037902450088569184	jaccard
0.005341880341880212	0.11727399165507635	0.35020409862390844	-0.024923817203920784	-0.021888888888888847	0.1740425531914893	0.40967841326674836	0.38498640319338995	-0.06666319190578629	jaccard
0.003539265696832272	0.21800759013282722	0.36920743558685576	-0.06101678103946706	-0.16166666666666685	-0.051420689655172325	0.43062436049765285	0.4305551195166549	-0.028834686784916075	jaccard
-0.03679245283018884	0.23777089783281735	0.2985347722570777	-0.02287195794612429	-0.1931481481481483	0.12907514450867064	0.2533751327000706	0.32766595401141996	-0.002726703478347803	jaccard
0.02980844922592507	0.05971539456662345	0.3324143941991049	-0.0327432662551459	-0.2867479674796749	0.10765957446808516	0.3844942533670761	0.4363319045745009	-0.0351132139125474	jaccard
-0.03764467592592591	0.1422336659156741	0.21931484624737585	-0.04554209117369634	0.03194444444444433	0.04687956204379562	0.41310536481749505	0.4212803666531165	-0.0056469779939110065	jaccard
-0.07629268292682911	-0.44626086956521727	0.2765849346733871	-0.09084321999937495	0.0041358024691358075	-0.254	0.3836233038543643	0.30845772870628674	-0.04139474250703912	jaccard
-0.024571428571428466	0.05478672985782018	0.38439180358147906	-0.06052351934003264	0.07471428571428584	-0.04235294117647048	0.3393537476836006	0.3896604277608493	-0.13932442129060774	jaccard
0.010508963527714688	0.23111510791366907	0.45449952242475655	-0.014605360526151578	-0.10005813953488385	-0.049388264669163684	0.3135411655313214	0.46519515976394543	-0.055933615465095565	jaccard
0.03663233318405734	0.03695787831513264	0.3336024944750101	-0.018453016503523267	-0.5134722222222221	0.1294801980198016	0.31043565738841394	0.3928803878400958	-0.037383705184475424	jaccard
-0.00914285714285712	0.14160902803057895	0.34775130388415154	-0.02725236119334884	-0.39974025974025995	0.12895336787564737	0.43213475390487266	0.41350516379203284	0.01873027177528408	jaccard
-0.03679245283018884	0.27976190476190466	0.33836305001995903	-0.0372076559709138	-0.422590909090909	0.2461877394636015	0.38311740792851245	0.4062043822187623	-0.03824293174866833	jaccard
0.0066006600660062364	-1.895230769230769	0.4418346800118803	0.06653403912192302	-0.2285042735042737	0.2063468634686345	0.41511017192214417	0.32671087578791125	-0.06405119880542975	jaccard
-0.01949573158626139	0.12502106149957903	0.3793314389454103	-0.0008280642184075315	-0.07862068965517266	0.06688413948256444	0.34954654030400956	0.42237671303558577	-0.03658003415348143	jaccard
-0.0660522273425499	0.1885714285714285	0.4448180197759798	-0.025812552116461163	-0.1030459770114942	0.008437499999999876	0.40297395830265037	0.34214684560337316	-0.07730746922565768	jaccard
0.06474345765505862	-0.012800000000000145	0.3850736910242005	-0.06572946158095783	-0.10985714285714288	-0.01494897959183672	0.4264066370959737	0.3963445725259793	-0.01699310025251055	jaccard
-0.03293988135282255	-0.12206521739130438	0.3719018786086328	0.011467760392800841	-0.43285714285714283	0.04136363636363638	0.3788637589352126	0.39386287015000687	0.03795448974622062	jaccard
-0.038605442176870675	0.25919354838709663	0.35232122349017336	-0.02029312782775272	-0.04470930232558157	0.18033057851239664	0.3243453374888179	0.2808836444808577	-0.0176205061212249	jaccard
0.01713461033849395	0.10486149584487503	0.3479675131486992	-0.05253591589505735	-0.1805555555555558	0.11495035460992964	0.3994882114951698	0.3543054053106838	0.0017171731284962855	jaccard
0.007115447154471433	0.08002124269782263	0.3832690941691096	-0.04026056780293441	-0.29679487179487185	-0.0010285714285711567	0.3788487276046141	0.3387239048433902	-0.02088170969695624	jaccard
-0.004395742804962577	0.14193425440686047	0.3540680830402245	-0.021171994239839842	-0.13149350649350655	0.23829596412556042	0.45296597121645066	0.37989145140616853	0.008441236262887064	jaccard
0.0642750000000002	0.11404822335025377	0.3608417129021303	0.004863122224027072	-0.006358024691357933	0.2200723327305606	0.3735332764701814	0.37940966079621175	-0.05570216140313078	jaccard
-0.014281282957999908	0.10423921672400083	0.29482304433230655	-0.08127411003349683	0.15242857142857125	0.08996891191709822	0.3738937289556269	0.413856634301899	0.02920897168253378	jaccard
-0.035704374057315524	0.14600985221674878	0.42029772961144185	-0.03315897616387509	-0.004259259259259407	0.03759585492227968	0.44343895846512504	0.3424267352166275	0.006209127264172998	jaccard
-0.040752351097178785	0.07841216216216218	0.3596658278763022	-0.012643185714241056	-0.22755813953488402	0.019004237288135495	0.3738651540279144	0.47606259449295685	-0.06070879384304817	jaccard
0.0117647058823529	0.2831858407079647	0.29048302879951204	0.004613544184333684	0.15728571428571425	0.1231609195402299	0.39272485282654723	0.2738025079666776	0.03025178586720567	jaccard
0.00857235772357734	0.2286636771300451	0.3587172979150345	-0.057669128381279355	-0.35291666666666677	-0.021014851485148922	0.27140834891015087	0.34207918965704287	-0.022138483217825966	jaccard
0.04974999999999996	0.21046043165467654	0.3670213421941386	-0.04539386712900195	-0.15458333333333352	0.08120098039215651	0.354855673427957	0.41523798431581027	0.0310991396030198	jaccard
0.04280975609756099	0.21067885117493468	0.3283878589774474	-0.11150025433519173	-0.00886904761904761	0.09836938435940124	0.3866174300363554	0.3539916875940545	-0.02377887157059888	jaccard
-0.020233561817720513	-0.7575000000000001	0.37945072272972036	0.0001635686252721147	-0.3974404761904764	0.03885474860335181	0.30361111111111094	0.45996067392030293	-0.1229587172125357	jaccard
0.021328866554996995	0.24355045561930488	0.40837207435887835	0.017030258886826077	-0.31385714285714306	-0.34215116279069746	0.4098366040286867	0.3194624643262186	-0.026091935675031097	jaccard
-0.10813683658956519	0.0043601895734597385	0.3472612043462501	-0.00690415776872344	-0.3269444444444445	-0.09952305246422899	0.4153204692299599	0.3570717124851148	0.003766500585336785	jaccard
-0.023914017017464984	0.14572347266881025	0.37612219425960824	-0.022236141469071047	-0.07430555555555562	-0.014922779922780016	0.3716082429630514	0.34767961968544214	-0.051256380765402954	jaccard
-0.013936867182846813	-0.03204678362573099	0.3756072482064833	-0.07309879587858936	-0.054772727272727195	0.1481843575418994	0.38307823689894294	0.40781917051327987	-0.049166241487314855	jaccard
-0.033446615689606496	0.2570517928286855	0.28392629647258094	-0.13090847032301434	-1.0812121212121215	0.015404624277457035	0.3812480195170791	0.43265763340487573	0.030441190243142402	jaccard
-0.04132682926829245	-0.22708955223880567	0.36351899954196043	-0.07254161185734342	-0.4745138888888887	-0.048526434195725665	0.3813902143297657	0.43933568116854627	0.017097051290060672	jaccard
-0.1141292735042736	0.05625441696113076	0.37858261649198643	-0.016030849240262768	-0.6514285714285717	-0.039975399753997776	0.44996612605214537	0.3560383901918015	-0.04406673455524457	jaccard
0.05221361921778844	0.12926221654423498	0.3446922998149099	-0.06692625147545295	-0.36110389610389637	0.11308880308880309	0.3937738022674633	0.3849942159300086	-0.027929154443650406	jaccard
0.002012383900928727	0.166535714285714	0.38835096888660836	-0.05975964309912141	-0.15441860465116286	0.26468085106382977	0.39406304559926053	0.43533831616287266	-0.03865962117070687	jaccard
-0.02158531124048335	0.2888333333333333	0.30233342163429844	-0.10103739577378734	-0.14172839506172852	0.19574468085106378	0.342936771731163	0.3536012859865336	-0.049767091289338206	jaccard
0.04209523809523796	0.044166666666666354	0.34693949100950316	-0.06550250322546747	-0.11208333333333331	0.04602706027060277	0.36468303083883713	0.43535435980734694	-0.054252711899263284	jaccard
-0.04948496951860415	0.19615107913669083	0.339703314733113	-0.020280066871704694	-0.2433720930232559	-0.03307843137254918	0.3022898272814435	0.34090599477215844	-0.06715375229831233	jaccard
0.009966249751836687	0.098082191780822	0.3515976080610541	-0.005597224594859673	-0.2554597701149426	0.17160854893138322	0.4579546787199449	0.35201481829339576	-0.04204610335352488	jaccard
-0.003511384080898461	0.10011695906432772	0.3378643249523742	-0.04624150672587257	-0.2275324675324677	0.08340425531914897	0.3470904234847436	0.43088243852181374	-0.06585300200609523	jaccard
0.02348311754252319	-0.015196024295969446	0.39631539887075673	-0.02776222017383323	-0.08292207792207784	0.19276595744680858	0.3755912776831346	0.2984789077180735	0.007945677266418372	bray_curtis
-0.02159863945578233	0.1675836431226766	0.35484539181105246	-0.022239044894877713	-0.2374675324675326	0.08584397163120572	0.376745446757928	0.44433121810258747	-0.0303012227681414	bray_curtis
0.0012573621864867546	-0.026969696969697088	0.29663442005988705	0.04991397979313339	-0.1333333333333333	-0.00580717488789273	0.2954603808437095	0.35737993893920583	-0.025815556085163838	bray_curtis
0.04900847873309533	-0.06293103448275872	0.35031642489114967	-0.04401440887517927	0.11114285714285699	0.1734344827586204	0.3988882755729458	0.36577353144207014	0.011239999502308029	bray_curtis
-0.009907120743034126	0.09956051621904438	0.26598984994136887	0.010169290536501063	0.0354347826086957	-0.14142322097378268	0.4083804029987921	0.4458289784024305	0.0011463445660413463	bray_curtis
-0.025163420715681895	0.012201086956521778	0.4219744310827871	0.01214974008825731	-0.6763888888888889	-0.5384183673469396	0.3976854749973978	0.467073617009911	-0.05703037343785722	bray_curtis
0.049747287553069564	-0.01042307692307709	0.29285505777172816	0.01050012343071205	0.06757575757575762	0.16428217821782165	0.3945467951518835	0.3939810472903572	-0.06985084422184973	bray_curtis
-0.07727038183694535	0.07682454969980002	0.22677783752750424	-0.02620226211326382	-1.0400000000000005	0.1916104868913856	0.4472401232448284	0.3588716069675698	-0.04790237287471544	bray_curtis
-0.039426250317339706	-1.6276785714285715	0.2610961274004696	-0.056273909397884125	-0.30900000000000016	0.09586206896551719	0.3937871068940497	0.3435441006136415	0.018845453389095268	bray_curtis
0.04235033259423504	0.10941176470588232	0.27722678625569264	-0.05020757348049787	-0.6008333333333336	0.11260326609029758	0.38479015927922267	0.41005808109053277	-0.05091822955026237	bray_curtis
0.06885203252032512	0.06807692307692315	0.3569406755969723	-0.0016203932498741747	-0.5654166666666669	0.15662957074721784	0.29161939693285055	0.37478562796517223	-0.06784434105864601	bray_curtis
-0.013010389782277754	-0.5150000000000001	0.38844079332907977	0.026411635551101376	-0.1280864197530862	0.09895904436860048	0.36847179549309417	0.31673700862668086	0.04720578261842334	bray_curtis
0.0030476190476190768	-0.030827727405674743	0.3283739660990136	-0.02459365675966385	-0.4542727272727276	0.0717313746065058	0.41318548387096776	0.44564782199156316	-0.027733724609721122	bray_curtis
-0.11333899745114717	0.12591133004926125	0.406932793634566	-0.026797699580052736	-0.08577380952380964	0.13669548511047047	0.4057330715094163	0.4292934049902417	-0.022608327791024285	bray_curtis
-0.017853457172342546	-0.1635574837310192	0.3567603849847082	-0.02699561808705231	-0.19000000000000017	0.2798631698973776	0.3254670653334941	0.3947252267820406	-0.08174985253828759	bray_curtis
0.07460815047021963	-0.015575539568345231	0.22448171644967918	0.046172540838423926	-0.5105714285714289	0.2466666666666666	0.484773838197887	0.38439225676054223	-0.007524838750710083	bray_curtis
0.036326109391124906	0.12633989266547418	0.3717853777969018	0.003048675280630908	-0.05854651162790714	0.20352941176470585	0.35003045049675796	0.40566269890224127	-0.10019522354069266	bray_curtis
-0.025908432520939773	0.20903117101937674	0.3319897777544961	0.05718378469777119	0.08442857142857119	0.18235294117647083	0.4370713846414619	0.35696664368262	-0.06868133994723635	bray_curtis
0.019974313497645335	-0.04292746113989643	0.20515077905589474	-0.05708928575206107	-0.03992187500000011	0.02836633663366306	0.39065936065544804	0.39073318510566124	-0.022808898039688996	bray_curtis
0.05580952380952364	0.09741450068399438	0.39894630430765654	-0.020124437556249264	-0.30333333333333345	0.02085106382978752	0.4092952539015845	0.4771190335265385	-0.027588891720535802	bray_curtis
-0.052848918006749734	0.05500000000000005	0.219174927974625	-0.04004509541191115	-0.056428571428571495	0.03037190082644614	0.4187706480066892	0.40177324107274204	-0.017758866319286692	bray_curtis
0.018394120475307307	0.17567901234567884	0.30372235101003064	0.016939531985538436	-0.2348611111111112	0.37208098987626537	0.4046499735496386	0.30826767390873366	-0.03665653579117434	bray_curtis
-0.016786903440621614	-0.08764705882352963	0.32956504484725424	-0.033843763507978464	-0.0625	0.10842377260981906	0.3713225324705225	0.3841919112264329	-0.1126474972431013	bray_curtis
-0.01783690564178375	-0.655417789757412	0.2744115758559895	0.016730890696224132	-0.20036585365853665	0.21912953367875643	0.3335730872056015	0.2651685574893453	0.04295689386084023	bray_curtis
-0.057232422749664114	-0.221595547309833	0.3378798404431127	-0.03545286876359133	-0.08476190476190482	0.20366120218579198	0.38917324997806835	0.35518564108008166	-0.04328044370068773	bray_curtis
-0.036093911248709976	0.24027210884353756	0.37453582027437493	-0.021682949272328056	-0.2844444444444447	0.1449999999999999	0.39405781080618485	0.2998636556650601	-0.06774218636694807	bray_curtis
0.0783410138248849	0.14306451612903248	0.26130957632938245	-0.032400008193677055	-0.1392361111111109	0.25417616580310876	0.3576273898776182	0.40661514933845655	-0.048393216226033875	bray_curtis
-0.04590476190476189	0.24933753943217674	0.30870647210569224	-0.023528647310461226	0.08283950617283953	0.004864253393664808	0.4699786723163841	0.38618426610217405	-0.08678384757147639	bray_curtis
-0.0013434841021047195	-0.10791757049891526	0.38197060009340256	-0.03593823478948921	-0.0368023255813954	0.06797297297297267	0.36667972257912973	0.2916245407099489	-0.043543264334470866	bray_curtis
-0.0021413828689371694	0.17021276595744683	0.2988342797929633	0.005760732545232683	-0.35116883116883124	0.21997933884297516	0.33992892265019237	0.3338829275710373	-0.020752433422858152	bray_curtis
0.004890046296296302	0.0925539568345326	0.2883361232284546	-0.027269564647382172	0.034642857142857086	0.2468137931034481	0.32699398260470003	0.4335733048538929	-0.08198142240521311	bray_curtis
-0.08793349463366229	-0.0035398230088496963	0.2345387952938104	-0.07919738369685403	-0.09975308641975311	0.042947131608548905	0.4199524894652338	0.43548593913406186	-0.051749186893072174	bray_curtis
0.023684210526315752	0.02929817758821196	0.346860185014116	-0.01204140062093595	0.0030864197530865445	0.15456551724137946	0.4243629634518915	0.3895548713958096	-0.007001029122852609	bray_curtis
-0.012083912381708695	0.08698177676537566	0.33823027114526416	-0.03745879238268546	-0.4279999999999995	0.014837662337662483	0.42476146299549855	0.3637706985809761	0.000589409603632296	bray_curtis
0.012763663319630525	0.1834374999999997	0.41110170715067573	0.03525163936054465	-0.1778571428571427	0.2058471074380166	0.3263171181213499	0.39212463008606	0.03621550051260658	bray_curtis
0.024356068411291898	0.17856624319419234	0.4133412722229347	0.005929525039835348	-0.05567901234567896	0.20270661157024783	0.3635234191067669	0.2517793805310503	0.002945300950192742	bray_curtis
-0.019620751341681508	-0.0020482204362806122	0.3684538697531625	0.026143416520260976	-0.11969135802469122	0.13982673267326728	0.34727242850501583	0.33095059358710466	0.024068270522347612	bray_curtis
-0.04129050925925948	0.1678834831112489	0.3970716183369011	-0.024044971235970047	-0.11815476190476204	0.08522916666666669	0.33014228092524456	0.31832100567663557	-0.0034435526837421904	bray_curtis
-0.12103765468863714	0.06689119170984459	0.3386373553972877	0.0021701936550378997	-0.1323214285714287	0.08818627450980365	0.4317172546971919	0.3542756443152224	-0.017920361708773758	bray_curtis
0.04916546466103433	0.009229382604777014	0.3743561635076508	0.007047145948924527	-0.2844444444444447	-0.03860465116279066	0.4395188061686093	0.26673415158531166	-0.10667601212574507	bray_curtis
-0.0083642276422764	-1.6028893905191866	0.4185351323171729	-0.021004931064068977	0.029583333333333406	-0.016470588235294015	0.4476079030745078	0.39504847831641965	0.015309076351235462	bray_curtis
-0.08209523809523822	0.04716417910447768	0.15218485932853465	-0.05435280418315158	-0.07902777777777792	0.09220276497695812	0.39493131513220214	0.33635615156800613	0.0017955970646397201	bray_curtis
0.011403508771929749	-1.939	0.3505616753263472	-0.012755456502461016	-0.0565697674418606	0.10133838383838367	0.37137394957228687	0.4298684176268496	-0.02810145614062698	bray_curtis
-0.0037456157765864972	0.13173684210526282	0.3582323173712738	-0.0756798281022446	-0.3694444444444447	0.08365470852017942	0.42318995561652717	0.3905399904513538	-0.053140038451921834	bray_curtis
-0.02492784046182095	0.2007619047619048	0.32405945872662	-0.07379788258099107	-0.21597222222222223	0.13974468085106395	0.32311791043399674	0.32837066887617017	-0.05123349211196837	bray_curtis
-0.030613460393090985	0.09729106628242068	0.3037125207327126	-0.00802584071729795	-0.16874999999999973	0.1539461883408072	0.4290046427010964	0.3308171476562186	-0.026674937705185364	bray_curtis
-0.020225694444444553	0.11668088406359	0.36782991090885253	-0.03903862942017344	-0.021287878787878745	0.170909090909091	0.33793843724104755	0.38848272073057066	-0.0287355342460478	bray_curtis
0.023809523809523836	-0.46486098654708496	0.3389792976867231	0.009824872584359379	-0.6417142857142863	-0.04146206896551763	0.30649783873032366	0.3835135614208507	-0.0073106902401969265	bray_curtis
0.02474071021361346	0.2559578207381371	0.39808349519212893	-0.023013782847802755	-0.10499999999999998	0.381089108910891	0.41711084001770504	0.3665379407798425	0.019487718337786064	bray_curtis
-0.01371428571428579	0.01430656934306529	0.3496633832568946	-0.0197706196696239	-0.15214843750000018	0.2717835178351784	0.36693868691446274	0.40319954477891395	0.022692396352708477	bray_curtis
0.03784999999999983	0.12492307692307703	0.3221198489431558	-0.04546101394452884	-0.12808641975308643	0.025882352941176467	0.4280214601811775	0.3960011279323158	-0.014974230474317896	bray_curtis
0.029142857142857026	0.14717329545454527	0.34686726099642784	-0.018297108198799705	-0.29679487179487185	-0.05160283687943279	0.3750156274017523	0.3270112242732722	0.013138374237149919	bray_curtis
0.02624272279444717	0.14712692511949	0.25574755153007267	-0.0852428478278846	-0.09184523809523792	0.22704545454545422	0.40772914148820694	0.35604353738523287	-0.03959259712989405	bray_curtis
0.001775930474211429	0.20839506172839517	0.3617128123800094	0.004478314172164266	-0.25901709401709416	0.01779047619047658	0.3779068693197273	0.41951915688550667	-0.009482351782341913	bray_curtis
0.008707264957264815	0.12425692695214097	0.2594787737392098	-0.03521507895802922	-0.1425324675324675	0.14779411764705863	0.38391740802498286	0.3234351904993502	0.01972057161928853	bray_curtis
0.052584623458410196	-1.09940594059406	0.37869633553670545	-0.09425097058669585	-0.649	-0.020601092896175066	0.3197088659513371	0.3671829869708747	0.03812305653395576	bray_curtis
-0.023843902439024456	0.0903225806451613	0.31552843779515494	-0.04206361251970847	-0.05987654320987623	-0.007441860465116301	0.39657837913529137	0.3958370048861768	-0.05313227536154175	bray_curtis
0.0289296909986565	-0.0008968609865467325	0.35505172767971804	-0.03867206657839106	-0.23958333333333348	-0.013687150837989215	0.25591678381359595	0.3478445487306344	-0.05564596729102611	bray_curtis
0.029463364293085492	0.07162790697674393	0.36315570297579236	0.020912775175456977	-0.2603448275862068	-0.044675767918088916	0.25147483503614765	0.38481455171250056	-0.04587318022822373	bray_curtis
-0.008369836242334339	0.21257063132193943	0.31880521057675726	-0.0559666523253024	-0.4620000000000002	0.22972972972972994	0.37116140349116167	0.369919140372286	0.005951123277119774	bray_curtis
0.05846234584098664	0.02425162689804794	0.3001471869692902	-0.0693123021155102	-0.09186991869918693	0.0516359163591632	0.2919407637968373	0.36778408318659306	-0.006769353948382184	bray_curtis
0.020956097560975606	0.3020543528327957	0.3273933401713224	0.017414636906277536	-0.09503906249999994	0.07802681992337157	0.43107675125333234	0.4245675745349955	-0.0012348418734307032	bray_curtis
0.05563568376068362	-0.051538461538461755	0.3902264377764295	-0.044142670033848974	-0.18696428571428547	0.2608744394618834	0.34449049624035943	0.31639737798582335	0.0011539534658563388	bray_curtis
0.0021969135386479266	0.03397309417040384	0.19747044747035236	-0.09685023599964127	-0.27027777777777784	0.20131221719456982	0.3957058592483319	0.42508144578028906	-0.030788045859578617	bray_curtis
-0.004193376068376109	-0.0313162118780097	0.34574886217435896	-0.00869069181772364	-0.25071428571428567	0.11473554735547353	0.4759849136652228	0.4567894970095615	-0.008200033982806332	bray_curtis
-0.04330842990764183	0.09652125897294284	0.2772664271579911	0.0027053018631515435	-0.03214285714285725	-0.1258482758620687	0.36486525013433946	0.33561972406371643	0.03207823036145574	bray_curtis
-0.07161206126794406	-0.06329780564263365	0.3218364289212302	-0.02896754566161941	-0.10104651162790712	0.21173553719008242	0.3774632067416921	0.3962204228798919	-0.08327657557653678	bray_curtis
0.026421854008060963	0.11370370370370375	0.32604651085157776	-0.09475000760413188	-0.8700000000000001	0.04860294117647024	0.37059869907799414	0.2571579755669833	-0.03148346600868934	bray_curtis
0.03020833333333317	0.14067828843106178	0.36973397858791834	-0.05339116559994972	-0.12551724137931064	0.1713379310344827	0.39745599952269317	0.4195166262252178	-0.042768105199974205	bray_curtis
-0.03823831070889927	0.2649081488459727	0.3432093368466237	0.015599009888430881	-0.30405982905982887	0.1286274509803922	0.43391967831923595	0.3207104038385591	-0.00820694376446962	bray_curtis
-0.11034766750985336	0.06757997218358835	0.31787227421340347	-0.15146187811548195	-0.18792682926829252	-0.017526132404180883	0.32786714178900755	0.3385597560684286	-0.052971169838722965	bray_curtis
0.04008933556672234	0.2908433734939757	0.3442030548483209	-0.0731835694995091	-0.060057471264368	0.1783025830258299	0.3802242013663265	0.44183983762173207	-0.013546271112797159	bray_curtis
0.01712072649572627	0.01883636363636354	0.2709282850823067	0.00024485274917607214	-0.12624999999999997	0.04930656934306543	0.4078689629559573	0.4019202018757678	-0.028927163371398112	bray_curtis
-0.04353871973147938	0.06430167597765335	0.3261847211799006	-5.81760729456704e-05	0.0569047619047619	0.17686274509803945	0.3966908910695691	0.3752528128133893	-0.05292314835184908	bray_curtis
0.04128974473802072	0.11753846153846192	0.3070215728206924	-0.04025836640957925	-0.018950617283950644	0.12445945945945935	0.3436670012876666	0.4516327870697232	-0.08833194301892444	bray_curtis
-0.02442933810375658	0.021934477379095263	0.31806041827266385	-0.00525393511440031	-0.18734374999999992	0.13179536679536685	0.38837529614047617	0.3747133470349896	-0.02734761788711859	bray_curtis
-0.009119184699887262	0.12665048543689328	0.3063665059217092	-0.006553881791230065	-0.1444642857142855	-0.08273519163762977	0.3999281727684343	0.38138268178560475	-0.011149045305967276	bray_curtis
-0.0872195121951218	0.0810446503791068	0.4054804913584682	0.02067148276623887	-0.01797619047619059	0.16715246636771286	0.3987759043688972	0.3542325663129552	-0.016842762527833788	bray_curtis
0.02545410066662579	-0.7367146974063399	0.2843587386812009	-0.04410963654515854	-1.2666666666666666	0.20336322869955137	0.43057190328221995	0.28487526104099026	0.023074305213408697	bray_curtis
0.009787457360273089	0.07450317124735728	0.4060962545410123	-0.04536105077780239	-0.04855468750000003	0.14499999999999957	0.4395414884292872	0.3143880629645138	-0.015466733828568335	bray_curtis
-0.044976076555024	0.14062665958576726	0.27040534561885754	-0.04454358014693849	-3.9866666666666672	-0.1946062992125981	0.3393196342287109	0.37937139521308816	-0.0038092243644951562	bray_curtis
0.01068799187611058	0.024180064308681803	0.12229699205736899	0.04043190379270345	-0.12422619047619055	0.1338547486033519	0.3470860547252078	0.4392186315930052	-0.002477771422189079	bray_curtis
-0.04144068390442146	0.16890846178043428	0.28469831708707294	-0.06808018628538814	-0.1607812500000001	0.15850490196078404	0.37740268231558816	0.32390508666696405	-0.035548773053831084	bray_curtis
-0.05990566037735867	0.1375675675675675	0.27136269224429943	-0.04859289712629722	-0.01790123456790127	0.21508196721311457	0.3835254737807081	0.3488409298770673	-0.04596161788853581	bray_curtis
-0.0016006297559694183	0.04677005347593588	0.29246456395026765	-0.04927010296040901	-0.5984722222222223	0.17165158371040712	0.41175170619250856	0.3924644327183502	0.011108061407994585	bray_curtis
-0.06128458999746167	-0.0196774193548388	0.40405904366297485	0.03418959740559502	-0.8529999999999998	0.270321243523316	0.3264846207100126	0.3182659710785284	0.02021002487281054	bray_curtis
-0.002136752136752351	-0.016064164995702956	0.2810294224920573	-0.008079831562787465	-0.7097142857142857	0.18893749999999976	0.3615044739768095	0.3661532667817242	-0.0764628891286363	bray_curtis
-0.052435772357723565	0.17841646320195315	0.38230904408677435	-0.03877447547642898	-0.05851562500000007	0.11859073359073369	0.35737461788150315	0.347069598011441	-0.0274628043290992	bray_curtis
-0.05459936653413311	-0.3117164179104479	0.3847103114210926	-0.07684705300606787	-1.3233333333333337	0.04744041450777159	0.34936468910757046	0.3345962473430485	-0.016690619342635937	bray_curtis
-0.023458409866176755	0.14627673505019645	0.35958308789472937	0.033212024086293535	-1.4212121212121218	0.1726342072409489	0.4132329029220452	0.4335471135878536	-0.020758115916519104	bray_curtis
0.045126868912463425	-0.024877126654064385	0.29670676138215146	0.01373720463572592	0.015416666666666745	0.09470588235294108	0.3791796070061819	0.2605320754880973	-0.06854504811861273	bray_curtis
-0.013936867182846813	0.1610041841004186	0.3751786490457133	0.041848764665542326	-0.09285714285714297	-0.12977578475336315	0.4380539676181401	0.370307973159989	-0.10326174857489057	bray_curtis
0.032333184057321995	0.13844155844155837	0.36198474352807875	0.0036715666550354298	-0.16874999999999996	0.15240259740259743	0.357759209389817	0.3813035562427691	0.028904020695435628	bray_curtis
-0.03156828703703707	0.1754732510288065	0.2944255759986355	0.017101796511665435	-0.7582857142857142	0.0045398773006134485	0.4723008176813669	0.46495906476006466	-0.007065927471954003	bray_curtis
-0.008181144281959929	0.10550218340611373	0.3519935972986442	-0.03744527018219812	0.06702380952380949	0.25721874999999994	0.37563996776977604	0.374382232715622	-0.0433307203069806	bray_curtis
-0.08538657604078193	0.1561618798955613	0.22041854585305354	-0.11092619690796957	-0.1123456790123456	-0.04287313432835771	0.3084514097866595	0.41476749166806415	-0.003816207370557212	bray_curtis
0.01941807804454354	0.07872017353579197	0.3515815381189292	-0.02150980021043014	-0.13097222222222227	0.09511583011582991	0.48871461361897484	0.39169977610971307	-0.0020886205339298858	bray_curtis
-0.016398446170921233	0.15333333333333343	0.36453738795385526	-0.03576372636585479	-0.11208333333333353	0.14273575129533655	0.4060762582597637	0.4743029796429934	-0.036535071607396885	bray_curtis
0.013766609988034584	0.09798004987531195	0.2958157062446295	-0.14527355109610496	-0.39305555555555527	0.17355191256830582	0.4159616644742047	0.3527013619098671	-0.07312415710641207	bray_curtis
-0.020519548674888366	0.08374913852515464	0.275872184855838	0.01615743176943496	0.02689655172413774	0.15614525139664792	0.42220376620513655	0.29122544200467737	-0.1626977351624872	bray_curtis
0.09112567004169159	0.19939432989690709	0.266638753257743	0.06608475037852579	-0.11723484848484844	0.13279329608938528	0.33698116931273725	0.40042023147105266	0.14640277677738134	raw
0.05391353093686524	-0.05976744186046523	0.2955768406317093	0.1245340153339668	0.01558139534883729	0.11005181347150228	0.3946612219271971	0.38544671760746774	0.17995560333410054	raw
0.07796969095361006	0.12675675675675668	0.3654374155062593	0.12310975885690356	-0.10101562500000005	0.09913200723327287	0.44217350666196154	0.39403478919844936	0.10114913810755821	raw
0.10181054841249015	0.24394993045897073	0.3549485141693135	0.11977631299054925	-0.1348828124999999	-0.03591731266149867	0.32151793141177665	0.34436271977793975	0.11550544674606311	raw
0.044571428571428484	0.18076419213973793	0.341337732185124	0.1131923571320319	-0.16814285714285715	0.0964349775784753	0.37773765482133437	0.4796593370633624	0.08920690455083324	raw
0.08093441863543105	0.17712676056338028	0.34908946767681015	0.1117450035126818	-0.118837209302326	-0.10041666666666682	0.28752427971442696	0.3741628216108258	0.1220835513338071	raw
0.015316986056734483	0.25867328840014225	0.22708598575842542	0.14278743955254092	-0.0625	0.18215346534653454	0.4069493193528402	0.4116435452449023	0.14999002244826964	raw
0.1020149605768581	-0.03533559322033897	0.3713447459031628	0.09093031944918262	-0.43285714285714305	0.09697416974169715	0.2753360219277663	0.36744007145231505	0.12773046783932618	raw
0.1059384747110268	0.11434224598930476	0.27477908146318186	0.06998151188626478	-0.08611111111111103	0.17294117647058804	0.3908238760349122	0.25850374741376536	0.1445784739138105	raw
0.10025601638504855	-0.25963389830508454	0.3475787570185539	0.1440137086207337	-0.24666666666666637	-0.05020547945205456	0.3533531728013425	0.3004206587321704	0.1522177169947838	raw
0.005789603350578876	0.25142857142857133	0.3136528151925366	0.08108607017456992	-0.5161965811965814	0.23298892988929887	0.365590840722514	0.4466669407974324	0.18963538824559678	raw
0.11909337275190945	-0.02390438247011928	0.44322672811886277	0.10148471994951658	-0.20159090909090938	0.18485939257592765	0.31184044356871177	0.4083190344417247	0.16435756523348644	raw
-0.04877241744424565	-1.9490000000000003	0.3519616137609598	0.12588858636807787	-0.32025974025974047	0.09923688394276631	0.4167863368925693	0.38423816124995136	0.15436016877869407	raw
0.06152001918005279	-0.1227839789888383	0.31673054119882416	0.15915065815180118	-0.1451388888888887	0.16262443438913998	0.296536879512865	0.4080167777304854	0.1956321026539697	raw
0.0939837398373985	0.2595558375634517	0.5153453310546973	0.10508638717847696	0.005972222222222268	0.08336776859504125	0.201994407182842	0.29890754093884486	0.1225139754686474	raw
0.14257478632478626	0.21574235807860254	0.12445434701309	0.07347155360106428	-0.23847656250000027	0.08862745098039226	0.33082876489351243	0.43054315360480766	0.09995630930414412	raw
0.12721088435374162	0.21173745173745184	0.42367582731117814	0.13983587084643279	-0.5032857142857143	0.2704	0.343746747494879	0.4200334065558663	0.113140495376862	raw
0.10383101548150109	-0.2313375796178343	0.42981555358133905	0.1977592517511143	-0.06958333333333311	0.15787234042553178	0.3677503741787602	0.34004200517325445	0.11441636145480183	raw
0.10933937905409663	0.24545763865260284	0.2614915073752939	0.20424640171835995	-0.40857142857142903	0.05497931034482728	0.2801277383178107	0.37003277933569556	0.10833064506917389	raw
0.08581011351909185	-0.6290196078431372	0.37988711281434684	0.1406567060895767	-0.16814285714285737	0.2069004524886876	0.4250826310415837	0.2224993566187572	0.09290336184433645	raw
0.07196412304673838	-1.482213740458016	0.38291036666532774	0.17707940835037506	-0.1444642857142857	0.12054455445544532	0.37366246868095143	0.2430162764479541	0.1434885843466539	raw
0.04847391786903432	0.23517122103078525	0.3434861286222559	0.08190220395886527	-0.3213636363636365	0.2654901960784314	0.3908936875533391	0.3173487595472506	0.1349774998896367	raw
0.10649350649350653	-0.8500000000000001	0.3986657103458462	0.08321610217674413	0.02722222222222226	0.18485939257592787	0.35487963016591195	0.2727251039832318	0.13866522561469874	raw
0.18669871794871773	-0.5442377756471715	0.3319436883456136	0.09665663992179907	0.03534883720930215	0.19939215686274492	0.40137625708884683	0.41295106889203215	0.1380781501369357	raw
0.08433170731707318	0.2033870967741933	0.22518141009560066	0.049072614639003254	-0.2510937500000001	-0.39417637271214634	0.4154160322706427	0.3915649952190883	0.11631717303942046	raw
0.04729626808834708	0.29574999999999974	0.30427277603864744	0.1549795326778105	-0.564552845528455	0.22165841584158386	0.3600585994214591	0.40100072274174825	0.13675558794089304	raw
0.07732927138867707	0.26815682739972946	0.39990245468703056	0.17252532250115749	-0.05238095238095242	0.28659167604049496	0.36627060351392027	0.42996804047942694	0.09789464379795709	raw
0.04074563889413685	0.17097791798107254	0.3728116713583174	0.13688828003956555	-0.06494252873563244	0.2101793721973092	0.431760062368291	0.3195641254447511	0.11119832281202535	raw
0.10860822898032185	0.13914285714285723	0.3060203266536792	0.14311656935682426	-0.07351851851851832	0.21529147982062746	0.3787901600474215	0.3833167891842012	0.13655544528174368	raw
0.18448844884488425	0.31595505617977515	0.25921316896677415	0.1562201255190403	-0.4306493506493507	0.13590038314176234	0.3742333787274227	0.3362400599420685	0.17884286811770223	raw
0.06236767676767663	0.24563126945693536	0.3162113844377711	0.07346399594939224	-0.045297619047619087	0.23616591928251096	0.32021689591808045	0.42403476428420217	0.06254178821094603	raw
0.08960268317853459	-0.6016326530612244	0.3427180479327421	0.0781475710357471	-0.015277777777777724	0.2733677685950411	0.3687411832059362	0.4031091645477929	0.135273674596331	raw
0.11873571972581842	0.26831906264082916	0.25054723190409955	0.1646410131187177	-0.32222222222222174	0.19959276018099525	0.30481548742282394	0.3652633436879529	0.14175472968957403	raw
0.12892594798491175	0.15484777517564352	0.18267296720528525	0.13922095640620313	-0.6660000000000001	0.1979958677685949	0.34699338559997195	0.2455324104701433	0.07121653357987989	raw
0.07142767176774378	-0.6227272727272728	0.37824779615821835	0.12121273349893935	-0.11444444444444435	-0.04775172413793127	0.3778677426097573	0.33068043526048496	0.13058414025039689	raw
0.1024383542825742	0.09377049180327857	0.09479895085315837	0.11279503273112024	-0.5972916666666666	0.11477272727272714	0.39582455829277086	0.43789526695064085	0.13293136658378546	raw
0.040752351097178785	0.20290609137055815	0.24623799859313622	0.15911479431009257	-0.3655194805194806	0.15727083333333314	0.3485800185664454	0.36491716889321824	0.13726481476554686	raw
0.014217886178861883	0.05273951320559278	0.3387305327200575	0.12982174272453617	-0.26727272727272733	0.10858926342072406	0.34832328335238516	0.26462142375197917	0.09824067480904297	raw
0.1022857142857142	0.11049800266311582	0.37089256246052027	0.11867890801571379	0.008333333333333526	0.11674611398963686	0.39437051581139115	0.3531608829605484	0.06452353626793073	raw
0.07483094484769504	0.012213740458015487	0.3663046586921921	0.10220169613507823	-0.19000000000000017	0.20080717488789201	0.38410767142902935	0.45176543736095565	0.09834374116137945	raw
0.10838493292053675	0.15248291571753958	0.2942539905687881	0.09107378614775252	-0.06645348837209308	0.312847533632287	0.36049175543557577	0.36701544372920414	0.10982639192008437	raw
0.0630543164523748	0.1563461538461537	0.36036153470746923	0.14559053927252452	0.0007558139534883379	0.1527187499999998	0.39689810055625796	0.364213005175245	0.07426872794903394	raw
0.15649155832696038	0.06115384615384567	0.32703841724824	0.10846695368909587	-0.9776666666666669	0.15748175182481738	0.4132137844032622	0.25807194898785824	0.12796068015319473	raw
0.1298761609907121	0.19993654822335016	0.3249886881043572	0.011080491132333004	-0.13590909090909098	0.03754098360655744	0.3124282417528542	0.40098303984478534	0.06900143692646488	raw
0.10909918699186993	-0.9044274809160304	0.3378161577869123	0.060356641031361624	-0.31592592592592594	0.1423921568627451	0.4071078598162641	0.37930350631034415	0.14387314531465933	raw
0.10038095238095235	-0.9406666666666668	0.3357893898674522	0.08797221563586177	-0.29365853658536567	0.17876033057851226	0.3635455544268015	0.40784684083281164	0.08698903835479854	raw
-0.045560927755588176	0.14126436781609175	0.2755020456844831	0.03259062036371496	-0.1657142857142857	0.08399509803921523	0.352332128064329	0.4427688476537954	0.10808947560741544	raw
-0.01923646049126959	0.2528089887640449	0.3690159579437924	0.0927772794852878	0.06500000000000017	0.1142821473158554	0.3449749612231331	0.3359911808041759	0.15482829830242995	raw
0.10594930845079753	0.10111111111111093	0.28163552602479713	0.15880493894704728	-0.7752857142857146	0.08866416978776537	0.44229906671002395	0.46875007945333214	0.10516243508591117	raw
0.06484552845528446	0.0826383555455159	0.172956764913492	0.07388665194463229	-0.39995726495726514	0.17887514060742393	0.2921276035152215	0.2235777977112453	0.12326688481675374	raw
0.08123852007347176	0.16394316163410305	0.37010158737716536	0.12166248325938689	-0.09051851851851844	0.2553676470588232	0.3291478041498007	0.342536256825958	0.10319464579365245	raw
0.10299821109123442	0.270468085106383	0.2809188656861825	0.17721163364845116	0.01777777777777778	0.1868362480127187	0.23607245677979327	0.4059664818880584	0.0799661096981017	raw
0.11561699948796744	0.2656697149004842	0.36360790431164036	0.13265646887383975	0.09333333333333327	0.22941176470588232	0.3528457599408814	0.29301365647021627	0.06367481626368288	raw
0.08031517094017071	-0.11544715447154474	0.2823941074969203	0.1320501400589844	-0.40128571428571425	0.13385474860335167	0.41803743208675515	0.43815546827909313	0.11860429206825862	raw
0.05974634146341451	0.1715226337448561	0.2906525282658067	0.08829936750575373	-0.22157142857142875	0.11146543778801854	0.34011397184058145	0.41538938387342095	0.04930447712056163	raw
0.09919871794871771	0.1641526520051746	0.2987348799197649	0.09169546220990277	-0.28228571428571425	0.24185064935064937	0.3537576982872137	0.37742344358662316	0.1256488575416146	raw
0.08003095975232188	0.16551724137931045	0.42505886084331845	0.0521593356620339	-0.23847656249999982	0.10622624434389127	0.4070589107809448	0.2890472386852895	0.15739226617370938	raw
0.08780952380952378	0.17278661990828137	0.3988566998348536	0.1334544490622842	-0.11714285714285744	0.18119800332778713	0.3228055408736966	0.42036577943743825	0.14042707715773295	raw
0.14606829268292687	0.2014285714285714	0.30503522507883285	0.18315058696334008	-0.09555555555555562	0.17679752066115673	0.4772322838350779	0.4747748625863836	0.15055396454605496	raw
0.07334033062188405	0.22429799426934094	0.22361609544844618	0.13214551760064064	-0.05885714285714294	0.2245318860244231	0.2877931103510343	0.2682632379136016	0.18250934100150185	raw
0.11409214092140907	0.16202486678507988	0.38389760041921084	0.17746776127802155	-0.21575757575757604	0.12975984630163262	0.39455628573098167	0.29474440608611907	0.021315750374603426	raw
0.09470369670634171	-0.30548913043478265	0.2834866993765016	0.12468926406574188	-0.3458333333333332	0.19512915129151276	0.4386928632096091	0.4437703004856085	0.13199739612238348	raw
0.03390476190476188	0.13303030303030317	0.3009872198098169	0.0885403267120678	-0.022023809523809224	-0.4967346938775512	0.3893530554770548	0.4003508528228118	0.10960518726470636	raw
0.10700536672629679	-0.05412262156448189	0.14420861123347484	0.22248949114301442	-0.22541666666666682	0.24237203495630433	0.357249388532794	0.2911933970251994	0.08669643305277586	raw
0.09890081300813014	0.12849557522123856	0.29238707901073135	0.11639946599242956	-0.15136363636363637	0.2425675675675676	0.4246471425057057	0.4052769662663145	0.14787432080669216	raw
-0.01381037567084098	0.08698461538461477	0.33850112074625327	0.07010510791031732	-0.10499999999999998	0.22313725490196068	0.39993434656508475	0.4450232261164784	0.08373094654206992	raw
0.1725818735719723	0.1404628099173557	0.44634198327902475	0.11584105114284426	-0.25965277777777773	0.21270114942528728	0.3580055290144558	0.4569980525155499	0.1080318489471691	raw
0.07666913032766676	0.15033175355450268	0.3917569973585895	0.12014893975794982	-0.21833333333333327	0.09070124879923125	0.4138248486990027	0.4334421219092671	0.15059578957907516	raw
0.02857142857142847	0.13864927806241278	0.3566277463315227	0.07386429528272409	-0.39422077922077925	0.16776152980877357	0.4090430985915493	0.3837670006438818	0.1377684268426843	raw
0.06965811965811952	0.19679012345678992	0.297790851525201	0.10375552571826852	-0.05840740740740746	0.1413601532567048	0.43281560459362123	0.44414786882567747	0.07154830547348578	raw
0.0533843103936561	0.25518248175182456	0.41908302183955626	0.11990144211760778	-0.4902597402597395	0.20378923766816137	0.34269350575146884	0.28000645189151807	0.05812591935235256	raw
0.045726495726495675	0.24819218241042318	0.3286456165314007	0.13198770722173148	-0.207265625	0.17199453551912547	0.4022557437830224	0.3853181230096253	0.10053077213348938	raw
0.0706920951546599	0.2510893854748605	0.40491093932896616	0.07903218229187048	-0.02728571428571458	0.21264341957255317	0.41663889664587794	0.34617168810968924	0.1586830983808476	raw
0.0737299418400954	0.06553191489361698	0.3560049573396211	0.06495775881048793	-0.018759124087591283	0.16111261872455862	0.4482864738142085	0.2967521781742606	0.10529228874362007	raw
-0.012917073170731763	0.20002717391304325	0.32465298834656675	0.06578339647170317	0.07005952380952374	0.06397927461139863	0.3572176058515518	0.422275910463105	0.11517666761963741	raw
0.11452991452991446	0.17125	0.2929964624724275	0.07677837523749798	-0.9266666666666667	0.17659574468085115	0.3911478798581206	0.2998513642221511	0.1195160373031543	raw
0.08819047619047615	0.2163207547169811	0.3371754375899352	0.10355086400124414	-0.16875000000000018	0.20252184769038684	0.41019331315761487	0.34382099162785784	0.06161795147205773	raw
0.11237723577235781	0.24599431818181816	0.34775397939004293	0.13393704162531184	-0.06689655172413778	0.28510638297872326	0.31988417436859173	0.3865346481518689	0.12146244550708718	raw
0.10539342201045598	-0.08152671755725205	0.3961881710178835	0.05456421420835267	0.05765432098765466	-0.01987699876998783	0.4263712355692113	0.3501947229635123	0.09054731938032268	raw
0.06775934959349583	0.23215905127310765	0.38481856799795844	0.15682278795283777	-0.6346153846153844	0.18703237410071927	0.39266443226161696	0.34863999715793303	0.1276644459542986	raw
0.06702208682406685	0.06625303479902911	0.2019588959794434	0.06259901814967417	-0.03856321839080468	0.12617194570135737	0.39488000620352337	0.4241600752729743	0.19997062385395614	raw
0.09887168722120188	-0.5996043165467626	0.2944828285314707	0.10351459660297235	-0.37469135802469156	0.11555785123966944	0.44190017039461227	0.2948889465210063	0.15277893093947337	raw
0.03804838600983895	-2.2423893805309736	0.37240414910457653	0.14527551208521094	-0.2466666666666668	0.18857438016528916	0.39571501962183375	0.34481258302577356	0.08876229957383808	raw
0.13678048780487806	-0.13826747720364763	0.22373549489688682	0.08323022954214498	-0.008194444444444393	0.08590344827586216	0.4026496588115315	0.327938110448344	0.18019577173022205	raw
0.1413402315841339	-0.28979522184300377	0.34331610440749705	0.11451239036116234	-0.4201219512195118	0.20083250743310221	0.35785742550749877	0.4038403282149883	0.1295057538976031	raw
0.10540356101495107	0.2633412725416807	0.35973349288810275	0.10807796010497106	-0.029883720930232505	0.11859073359073369	0.39206613169765814	0.3048569374734791	0.1498482352108914	raw
0.09396367521367499	-0.030818109610802003	0.37748274257334646	0.1747936031495183	-1.4508333333333336	-0.04151967435549553	0.29735514059775403	0.2596274831108014	0.12260468258850088	raw
0.12106184012066357	-1.1833333333333327	0.3029650651450424	0.113828279737058	-0.08611111111111103	0.3049718785151855	0.38490815090202724	0.4650704927264181	0.15752320655523422	raw
0.12538572957994842	0.1872413793103448	0.25063672307741935	0.12025212678041897	-0.22541666666666682	0.07473140495867736	0.33839149489577436	0.38249169566978436	0.1347997085656667	raw
0.15456520215822311	-0.05132235793945861	0.13579596337534605	0.15272092294600081	-0.06755952380952368	-0.23200787401574785	0.3822467241115586	0.31103327281040927	0.1010059853016988	raw
0.015316986056734483	0.19477674810446532	0.2656599066535277	0.01279615810607937	-0.0952857142857142	0.08406565656565634	0.29205459581213755	0.4151798296060982	0.10076264340779173	raw
0.033868631525914905	-0.08567301378857528	0.35578781890870936	0.12385624569855458	0.08844827586206871	0.17423076923076908	0.2158916189605724	0.30814464132239994	0.14183279714578756	raw
0.12331730769230764	0.2761434559850955	0.33155491812688054	0.09282684003018071	-0.15222222222222226	0.09960784313725501	0.3906434100731324	0.34835176425262526	0.059819103954481756	raw
0.07022752497225282	-2.3612938005390838	0.3330296376165961	0.08458344734408396	-0.6175757575757579	0.1608551724137931	0.32642395505813526	0.3628952275096826	0.11562436569699341	raw
0.11287128712871264	0.023732274532047848	0.3775376456471663	0.16533187884100897	-0.1435465116279071	0.2305785123966939	0.3686690959127511	0.3599131549001571	0.09364291638731637	raw
0.08074912315531746	0.17333333333333312	0.3423526405854418	0.14906687590898637	-0.15540697674418613	0.29328197226502295	0.3750479914662368	0.30938245590201774	-0.005543026957077313	raw
0.07465462632252828	0.1547325581395348	0.3441882020718523	0.0864582129706768	-0.2798571428571428	0.17876033057851226	0.2971797390432198	0.4179030614716215	0.11962288805278853	raw
0.07071759259259236	0.26056818181818175	0.3101456762391098	0.1181071623979153	-0.05339285714285702	0.19840098400983985	0.29040195133073343	0.29654747056199104	0.10091418382211537	raw
0.0649033314440457	0.28941176470588226	0.2270357335204698	0.16068011788997805	-0.3021527777777777	-0.18312056737588622	0.30165783808567526	0.3818186816882444	0.1898029670559933	raw
0.020755378039380767	0.06197183098591552	0.346575947398037	0.0765020767370499	-0.20180555555555557	0.27066282420749266	0.3864210977161966	0.37543287521953606	0.10178110276708086	raw
